{"level":"info","message":"🚀 Server running on port 5000","timestamp":"2026-08-03 17:44:20"}
{"level":"info","message":"🚀 Server running on port 5000","timestamp":"2026-08-03 17:44:36"}
{"ip":"::1","level":"debug","message":"OPTIONS /api/auth/me 204","timestamp":"2026-08-03 17:46:09"}
{"ip":"::1","level":"debug","message":"GET /api/auth/me 304","timestamp":"2026-08-03 17:46:09"}
{"ip":"::1","level":"debug","message":"OPTIONS /api/auth/me 204","timestamp":"2026-08-03 17:47:10"}
{"ip":"::1","level":"debug","message":"GET /api/auth/me 304","timestamp":"2026-08-03 17:47:11"}
{"ip":"::1","level":"debug","message":"OPTIONS /api/menu/reorder/6a6d93ad36c0e60f170ae528 204","timestamp":"2026-08-03 18:08:49"}
{"ip":"::1","level":"debug","message":"OPTIONS /api/menu/reorder/6a6d93ad36c0e60f170ae528 204","timestamp":"2026-08-03 18:08:49"}
{"ip":"::1","level":"debug","message":"GET /api/menu? 200","timestamp":"2026-08-03 18:08:50"}
{"ip":"::1","level":"debug","message":"GET /api/menu/categories 200","timestamp":"2026-08-03 18:08:50"}
{"ip":"::1","level":"debug","message":"GET /api/menu/categories 304","timestamp":"2026-08-03 18:08:50"}
{"ip":"::1","level":"debug","message":"GET /api/menu? 304","timestamp":"2026-08-03 18:08:50"}
{"ip":"::1","level":"debug","message":"GET /api/menu/reorder/6a6d93ad36c0e60f170ae528 200","timestamp":"2026-08-03 18:08:50"}
{"ip":"::1","level":"debug","message":"GET /api/menu/reorder/6a6d93ad36c0e60f170ae528 304","timestamp":"2026-08-03 18:08:50"}
{"ip":"::1","level":"debug","message":"GET /api/reviews/item/6a706297f21e525453c49413 200","timestamp":"2026-08-03 18:08:54"}
{"ip":"::1","level":"debug","message":"GET /api/reviews/item/6a706297f21e525453c49413 304","timestamp":"2026-08-03 18:09:34"}
{"ip":"::1","level":"debug","message":"OPTIONS /api/auth/me 204","timestamp":"2026-08-03 18:16:47"}
{"ip":"::1","level":"debug","message":"GET /api/menu/categories 304","timestamp":"2026-08-03 18:16:47"}
{"ip":"::1","level":"debug","message":"GET /api/auth/me 304","timestamp":"2026-08-03 18:16:48"}
{"ip":"::1","level":"debug","message":"GET /api/menu? 304","timestamp":"2026-08-03 18:16:48"}
{"ip":"::1","level":"debug","message":"OPTIONS /api/menu/reorder/6a6d93ad36c0e60f170ae528 204","timestamp":"2026-08-03 18:16:48"}
{"ip":"::1","level":"debug","message":"GET /api/menu/reorder/6a6d93ad36c0e60f170ae528 304","timestamp":"2026-08-03 18:16:48"}
{"level":"info","message":"🚀 Server running on port 5000","timestamp":"2026-08-03 18:26:15"}
{"level":"info","message":"🚀 Server running on port 5000","timestamp":"2026-08-04 09:58:09"}
{"ip":"::1","level":"debug","message":"OPTIONS /api/auth/me 204","timestamp":"2026-08-04 09:58:39"}
{"ip":"::1","level":"debug","message":"GET /api/auth/me 304","timestamp":"2026-08-04 09:58:40"}
{"ip":"::1","level":"debug","message":"OPTIONS /api/auth/me 204","timestamp":"2026-08-04 10:04:53"}
{"ip":"::1","level":"debug","message":"GET /api/auth/me 304","timestamp":"2026-08-04 10:04:53"}
{"ip":"::1","level":"debug","message":"GET /api/coupons 304","timestamp":"2026-08-04 10:05:45"}
{"ip":"::1","level":"debug","message":"GET /api/coupons 304","timestamp":"2026-08-04 10:05:45"}
{"ip":"::1","level":"debug","message":"GET /api/menu 200","timestamp":"2026-08-04 10:05:45"}
{"ip":"::1","level":"debug","message":"GET /api/menu 304","timestamp":"2026-08-04 10:05:45"}
{"ip":"::1","level":"debug","message":"OPTIONS /api/orders 204","timestamp":"2026-08-04 10:07:12"}
{"ip":"::1","level":"debug","message":"POST /api/orders 201","timestamp":"2026-08-04 10:07:13"}
{"ip":"::1","level":"debug","message":"OPTIONS /api/orders/6a716c7894dafc7d8e3d8779 204","timestamp":"2026-08-04 10:07:21"}
{"ip":"::1","level":"debug","message":"OPTIONS /api/orders/6a716c7894dafc7d8e3d8779 204","timestamp":"2026-08-04 10:07:21"}
{"ip":"::1","level":"debug","message":"GET /api/orders/6a716c7894dafc7d8e3d8779 200","timestamp":"2026-08-04 10:07:21"}
{"ip":"::1","level":"debug","message":"GET /api/orders/6a716c7894dafc7d8e3d8779 304","timestamp":"2026-08-04 10:07:21"}
{"ip":"::1","level":"debug","message":"OPTIONS /api/admin/stats 204","timestamp":"2026-08-04 10:07:27"}
{"ip":"::1","level":"debug","message":"GET /api/admin/stats 200","timestamp":"2026-08-04 10:07:27"}
{"ip":"::1","level":"debug","message":"OPTIONS /api/reservations/all 204","timestamp":"2026-08-04 10:07:31"}
{"ip":"::1","level":"debug","message":"OPTIONS /api/reservations/all 204","timestamp":"2026-08-04 10:07:32"}
{"ip":"::1","level":"debug","message":"GET /api/reservations/all 200","timestamp":"2026-08-04 10:07:32"}
{"ip":"::1","level":"debug","message":"GET /api/reservations/all 304","timestamp":"2026-08-04 10:07:32"}
{"ip":"::1","level":"debug","message":"OPTIONS /api/orders/all 204","timestamp":"2026-08-04 10:07:34"}
{"ip":"::1","level":"debug","message":"GET /api/orders/all 200","timestamp":"2026-08-04 10:07:34"}
{"ip":"::1","level":"debug","message":"GET /api/orders/all 304","timestamp":"2026-08-04 10:07:34"}
{"ip":"::1","level":"debug","message":"OPTIONS /api/auth/login 204","timestamp":"2026-08-04 10:09:52"}
{"ip":"::1","level":"debug","message":"POST /api/auth/login 200","timestamp":"2026-08-04 10:09:52"}
{"ip":"::1","level":"debug","message":"GET /api/coupons 304","timestamp":"2026-08-04 10:10:16"}
{"ip":"::1","level":"debug","message":"GET /api/coupons 304","timestamp":"2026-08-04 10:10:16"}
{"ip":"::1","level":"debug","message":"GET /api/menu 200","timestamp":"2026-08-04 10:10:16"}
{"ip":"::1","level":"debug","message":"GET /api/menu 304","timestamp":"2026-08-04 10:10:17"}
{"ip":"::1","level":"debug","message":"GET /api/coupons 304","timestamp":"2026-08-04 10:18:45"}
{"ip":"::1","level":"debug","message":"GET /api/menu 304","timestamp":"2026-08-04 10:18:45"}
{"ip":"::1","level":"debug","message":"GET /api/coupons 304","timestamp":"2026-08-04 10:18:45"}
{"ip":"::1","level":"debug","message":"GET /api/menu 304","timestamp":"2026-08-04 10:18:45"}
{"ip":"::1","level":"debug","message":"OPTIONS /api/orders 204","timestamp":"2026-08-04 10:19:48"}
{"ip":"::1","level":"debug","message":"POST /api/orders 201","timestamp":"2026-08-04 10:19:48"}
{"ip":"::1","level":"debug","message":"OPTIONS /api/orders/6a716f6c94dafc7d8e3d879c 204","timestamp":"2026-08-04 10:19:48"}
{"ip":"::1","level":"debug","message":"GET /api/orders/6a716f6c94dafc7d8e3d879c 200","timestamp":"2026-08-04 10:19:48"}
{"ip":"::1","level":"debug","message":"GET /api/orders/6a716f6c94dafc7d8e3d879c 304","timestamp":"2026-08-04 10:19:48"}
{"ip":"::1","level":"debug","message":"OPTIONS /api/orders/6a716f6c94dafc7d8e3d879c 204","timestamp":"2026-08-04 10:20:06"}
{"ip":"::1","level":"debug","message":"GET /api/orders/6a716f6c94dafc7d8e3d879c 304","timestamp":"2026-08-04 10:20:06"}
{"ip":"::1","level":"debug","message":"OPTIONS /api/orders/6a716f6c94dafc7d8e3d879c 204","timestamp":"2026-08-04 10:20:23"}
{"ip":"::1","level":"debug","message":"GET /api/orders/6a716f6c94dafc7d8e3d879c 304","timestamp":"2026-08-04 10:20:23"}
{"ip":"::1","level":"debug","message":"OPTIONS /api/orders/6a716f6c94dafc7d8e3d879c 204","timestamp":"2026-08-04 10:20:34"}
{"ip":"::1","level":"debug","message":"GET /api/orders/6a716f6c94dafc7d8e3d879c 304","timestamp":"2026-08-04 10:20:34"}
{"ip":"::1","level":"debug","message":"OPTIONS /api/orders/6a716f6c94dafc7d8e3d879c 204","timestamp":"2026-08-04 10:20:49"}
{"ip":"::1","level":"debug","message":"GET /api/orders/6a716f6c94dafc7d8e3d879c 304","timestamp":"2026-08-04 10:20:49"}
{"ip":"::1","level":"debug","message":"OPTIONS /api/orders/6a716f6c94dafc7d8e3d879c 204","timestamp":"2026-08-04 10:21:04"}
{"ip":"::1","level":"debug","message":"GET /api/orders/6a716f6c94dafc7d8e3d879c 304","timestamp":"2026-08-04 10:21:04"}
{"ip":"::1","level":"debug","message":"OPTIONS /api/orders/6a716c7894dafc7d8e3d8779/status 204","timestamp":"2026-08-04 10:21:13"}
{"ip":"::1","level":"debug","message":"PUT /api/orders/6a716c7894dafc7d8e3d8779/status 200","timestamp":"2026-08-04 10:21:13"}
{"ip":"::1","level":"debug","message":"OPTIONS /api/orders/6a706449f21e525453c4941a/status 204","timestamp":"2026-08-04 10:21:17"}
{"ip":"::1","level":"debug","message":"PUT /api/orders/6a706449f21e525453c4941a/status 200","timestamp":"2026-08-04 10:21:17"}
{"ip":"::1","level":"debug","message":"OPTIONS /api/orders/6a716f6c94dafc7d8e3d879c 204","timestamp":"2026-08-04 10:21:19"}
{"ip":"::1","level":"debug","message":"GET /api/orders/6a716f6c94dafc7d8e3d879c 304","timestamp":"2026-08-04 10:21:19"}
{"ip":"::1","level":"debug","message":"OPTIONS /api/orders/6a7063b8f21e525453c49415/status 204","timestamp":"2026-08-04 10:21:26"}
{"ip":"::1","level":"debug","message":"PUT /api/orders/6a7063b8f21e525453c49415/status 200","timestamp":"2026-08-04 10:21:26"}
{"ip":"::1","level":"debug","message":"OPTIONS /api/admin/stats 204","timestamp":"2026-08-04 10:21:33"}
{"ip":"::1","level":"debug","message":"GET /api/admin/stats 200","timestamp":"2026-08-04 10:21:33"}
{"ip":"::1","level":"debug","message":"OPTIONS /api/admin/activity 204","timestamp":"2026-08-04 10:21:42"}
{"ip":"::1","level":"debug","message":"OPTIONS /api/admin/activity 204","timestamp":"2026-08-04 10:21:42"}
{"ip":"::1","level":"debug","message":"GET /api/admin/activity 200","timestamp":"2026-08-04 10:21:42"}
{"ip":"::1","level":"debug","message":"GET /api/admin/activity 304","timestamp":"2026-08-04 10:21:42"}
{"ip":"::1","level":"debug","message":"OPTIONS /api/orders/6a716f6c94dafc7d8e3d879c 204","timestamp":"2026-08-04 10:22:33"}
{"ip":"::1","level":"debug","message":"GET /api/orders/6a716f6c94dafc7d8e3d879c 304","timestamp":"2026-08-04 10:22:33"}
{"ip":"::1","level":"debug","message":"OPTIONS /api/orders/6a716f6c94dafc7d8e3d879c 204","timestamp":"2026-08-04 10:23:39"}
{"ip":"::1","level":"debug","message":"GET /api/orders/6a716f6c94dafc7d8e3d879c 304","timestamp":"2026-08-04 10:23:39"}
{"ip":"::1","level":"debug","message":"OPTIONS /api/orders/6a716f6c94dafc7d8e3d879c 204","timestamp":"2026-08-04 10:24:33"}
{"ip":"::1","level":"debug","message":"GET /api/orders/6a716f6c94dafc7d8e3d879c 304","timestamp":"2026-08-04 10:24:33"}
{"ip":"::1","level":"debug","message":"OPTIONS /api/orders/6a716f6c94dafc7d8e3d879c 204","timestamp":"2026-08-04 10:25:33"}
{"ip":"::1","level":"debug","message":"GET /api/orders/6a716f6c94dafc7d8e3d879c 304","timestamp":"2026-08-04 10:25:33"}
{"ip":"::1","level":"debug","message":"OPTIONS /api/orders/6a716f6c94dafc7d8e3d879c 204","timestamp":"2026-08-04 10:26:33"}
{"ip":"::1","level":"debug","message":"GET /api/orders/6a716f6c94dafc7d8e3d879c 304","timestamp":"2026-08-04 10:26:33"}
{"ip":"::1","level":"debug","message":"OPTIONS /api/orders/6a716f6c94dafc7d8e3d879c 204","timestamp":"2026-08-04 10:27:33"}
{"ip":"::1","level":"debug","message":"GET /api/orders/6a716f6c94dafc7d8e3d879c 304","timestamp":"2026-08-04 10:27:33"}
{"ip":"::1","level":"debug","message":"OPTIONS /api/auth/me 204","timestamp":"2026-08-04 10:28:07"}
{"ip":"::1","level":"debug","message":"GET /api/auth/me 304","timestamp":"2026-08-04 10:28:07"}
{"ip":"::1","level":"debug","message":"OPTIONS /api/orders/6a716f6c94dafc7d8e3d879c 204","timestamp":"2026-08-04 10:28:33"}
{"ip":"::1","level":"debug","message":"GET /api/orders/6a716f6c94dafc7d8e3d879c 304","timestamp":"2026-08-04 10:28:33"}
{"ip":"::1","level":"debug","message":"OPTIONS /api/orders/6a716f6c94dafc7d8e3d879c 204","timestamp":"2026-08-04 10:29:33"}
{"ip":"::1","level":"debug","message":"GET /api/orders/6a716f6c94dafc7d8e3d879c 304","timestamp":"2026-08-04 10:29:33"}
{"ip":"::1","level":"debug","message":"OPTIONS /api/orders/6a716f6c94dafc7d8e3d879c 204","timestamp":"2026-08-04 10:30:33"}
{"ip":"::1","level":"debug","message":"GET /api/orders/6a716f6c94dafc7d8e3d879c 304","timestamp":"2026-08-04 10:30:33"}
{"ip":"::1","level":"debug","message":"OPTIONS /api/orders/6a716f6c94dafc7d8e3d879c 204","timestamp":"2026-08-04 10:31:33"}
{"ip":"::1","level":"debug","message":"GET /api/orders/6a716f6c94dafc7d8e3d879c 304","timestamp":"2026-08-04 10:31:33"}
{"ip":"::1","level":"debug","message":"OPTIONS /api/orders/6a716f6c94dafc7d8e3d879c 204","timestamp":"2026-08-04 10:32:33"}
{"ip":"::1","level":"debug","message":"GET /api/orders/6a716f6c94dafc7d8e3d879c 304","timestamp":"2026-08-04 10:32:33"}
{"ip":"::1","level":"debug","message":"OPTIONS /api/contact 204","timestamp":"2026-08-04 10:33:08"}
{"ip":"::1","level":"debug","message":"POST /api/contact 200","timestamp":"2026-08-04 10:33:08"}
{"ip":"::1","level":"debug","message":"OPTIONS /api/admin/stats 204","timestamp":"2026-08-04 10:33:12"}
{"ip":"::1","level":"debug","message":"GET /api/admin/stats 200","timestamp":"2026-08-04 10:33:12"}
{"ip":"::1","level":"debug","message":"OPTIONS /api/contact/all 204","timestamp":"2026-08-04 10:33:18"}
{"ip":"::1","level":"debug","message":"OPTIONS /api/contact/all 204","timestamp":"2026-08-04 10:33:18"}
{"ip":"::1","level":"debug","message":"GET /api/contact/all 200","timestamp":"2026-08-04 10:33:18"}
{"ip":"::1","level":"debug","message":"GET /api/contact/all 304","timestamp":"2026-08-04 10:33:19"}
{"ip":"::1","level":"debug","message":"OPTIONS /api/orders/6a716f6c94dafc7d8e3d879c 204","timestamp":"2026-08-04 10:33:33"}
{"ip":"::1","level":"debug","message":"GET /api/orders/6a716f6c94dafc7d8e3d879c 304","timestamp":"2026-08-04 10:33:33"}
{"ip":"::1","level":"debug","message":"OPTIONS /api/contact/6a71728c94dafc7d8e3d87df 204","timestamp":"2026-08-04 10:33:33"}
{"ip":"::1","level":"debug","message":"PUT /api/contact/6a71728c94dafc7d8e3d87df 200","timestamp":"2026-08-04 10:33:35"}
{"ip":"::1","level":"debug","message":"PUT /api/contact/6a71728c94dafc7d8e3d87df 200","timestamp":"2026-08-04 10:33:36"}
{"ip":"::1","level":"debug","message":"OPTIONS /api/coupons/all 204","timestamp":"2026-08-04 10:33:40"}
{"ip":"::1","level":"debug","message":"OPTIONS /api/coupons/all 204","timestamp":"2026-08-04 10:33:40"}
{"ip":"::1","level":"debug","message":"GET /api/coupons/all 200","timestamp":"2026-08-04 10:33:40"}
{"ip":"::1","level":"debug","message":"GET /api/coupons/all 304","timestamp":"2026-08-04 10:33:40"}
{"ip":"::1","level":"debug","message":"OPTIONS /api/orders/6a716f6c94dafc7d8e3d879c 204","timestamp":"2026-08-04 10:34:33"}
{"ip":"::1","level":"debug","message":"GET /api/orders/6a716f6c94dafc7d8e3d879c 304","timestamp":"2026-08-04 10:34:33"}
{"ip":"::1","level":"debug","message":"OPTIONS /api/orders/6a716f6c94dafc7d8e3d879c 204","timestamp":"2026-08-04 10:35:33"}
{"ip":"::1","level":"debug","message":"GET /api/orders/6a716f6c94dafc7d8e3d879c 304","timestamp":"2026-08-04 10:35:33"}
{"ip":"::1","level":"debug","message":"OPTIONS /api/reservations/all 204","timestamp":"2026-08-04 10:36:17"}
{"ip":"::1","level":"debug","message":"OPTIONS /api/reservations/all 204","timestamp":"2026-08-04 10:36:17"}
{"ip":"::1","level":"debug","message":"GET /api/reservations/all 304","timestamp":"2026-08-04 10:36:17"}
{"ip":"::1","level":"debug","message":"GET /api/reservations/all 304","timestamp":"2026-08-04 10:36:17"}
{"ip":"::1","level":"debug","message":"OPTIONS /api/reservations/6a707802c20ef3c2bb04b1af 204","timestamp":"2026-08-04 10:36:21"}
{"ip":"::1","level":"debug","message":"DELETE /api/reservations/6a707802c20ef3c2bb04b1af 200","timestamp":"2026-08-04 10:36:21"}
{"ip":"::1","level":"debug","message":"OPTIONS /api/orders/6a716f6c94dafc7d8e3d879c 204","timestamp":"2026-08-04 10:36:39"}
{"ip":"::1","level":"debug","message":"GET /api/orders/6a716f6c94dafc7d8e3d879c 304","timestamp":"2026-08-04 10:36:39"}
{"ip":"::1","level":"debug","message":"OPTIONS /api/orders/6a716f6c94dafc7d8e3d879c 204","timestamp":"2026-08-04 10:37:33"}
{"ip":"::1","level":"debug","message":"GET /api/orders/6a716f6c94dafc7d8e3d879c 304","timestamp":"2026-08-04 10:37:33"}
{"ip":"::1","level":"debug","message":"OPTIONS /api/orders/6a716f6c94dafc7d8e3d879c 204","timestamp":"2026-08-04 10:38:33"}
{"ip":"::1","level":"debug","message":"GET /api/orders/6a716f6c94dafc7d8e3d879c 304","timestamp":"2026-08-04 10:38:33"}
{"ip":"::1","level":"debug","message":"OPTIONS /api/orders/6a716f6c94dafc7d8e3d879c 204","timestamp":"2026-08-04 10:39:33"}
{"ip":"::1","level":"debug","message":"GET /api/orders/6a716f6c94dafc7d8e3d879c 304","timestamp":"2026-08-04 10:39:33"}
{"ip":"::1","level":"debug","message":"OPTIONS /api/orders/6a716f6c94dafc7d8e3d879c 204","timestamp":"2026-08-04 10:40:33"}
{"ip":"::1","level":"debug","message":"GET /api/orders/6a716f6c94dafc7d8e3d879c 304","timestamp":"2026-08-04 10:40:33"}
{"ip":"::1","level":"debug","message":"OPTIONS /api/orders/6a716f6c94dafc7d8e3d879c 204","timestamp":"2026-08-04 10:41:33"}
{"ip":"::1","level":"debug","message":"GET /api/orders/6a716f6c94dafc7d8e3d879c 304","timestamp":"2026-08-04 10:41:33"}
{"ip":"::1","level":"debug","message":"OPTIONS /api/orders/6a716f6c94dafc7d8e3d879c 204","timestamp":"2026-08-04 10:42:33"}
{"ip":"::1","level":"debug","message":"GET /api/orders/6a716f6c94dafc7d8e3d879c 304","timestamp":"2026-08-04 10:42:33"}
{"ip":"::1","level":"debug","message":"OPTIONS /api/orders/6a716f6c94dafc7d8e3d879c 204","timestamp":"2026-08-04 10:43:33"}
{"ip":"::1","level":"debug","message":"GET /api/orders/6a716f6c94dafc7d8e3d879c 304","timestamp":"2026-08-04 10:43:33"}
{"ip":"::1","level":"debug","message":"OPTIONS /api/orders/6a716f6c94dafc7d8e3d879c 204","timestamp":"2026-08-04 10:44:33"}
{"ip":"::1","level":"debug","message":"GET /api/orders/6a716f6c94dafc7d8e3d879c 304","timestamp":"2026-08-04 10:44:33"}
{"ip":"::1","level":"debug","message":"OPTIONS /api/orders/6a716f6c94dafc7d8e3d879c 204","timestamp":"2026-08-04 10:45:33"}
{"ip":"::1","level":"debug","message":"GET /api/orders/6a716f6c94dafc7d8e3d879c 304","timestamp":"2026-08-04 10:45:33"}
{"ip":"::1","level":"debug","message":"OPTIONS /api/orders/6a716f6c94dafc7d8e3d879c 204","timestamp":"2026-08-04 10:46:33"}
{"ip":"::1","level":"debug","message":"GET /api/orders/6a716f6c94dafc7d8e3d879c 304","timestamp":"2026-08-04 10:46:33"}
{"ip":"::1","level":"debug","message":"OPTIONS /api/orders/6a716f6c94dafc7d8e3d879c 204","timestamp":"2026-08-04 10:47:33"}
{"ip":"::1","level":"debug","message":"GET /api/orders/6a716f6c94dafc7d8e3d879c 304","timestamp":"2026-08-04 10:47:33"}
{"ip":"::1","level":"debug","message":"OPTIONS /api/orders/6a716f6c94dafc7d8e3d879c 204","timestamp":"2026-08-04 10:48:33"}
{"ip":"::1","level":"debug","message":"GET /api/orders/6a716f6c94dafc7d8e3d879c 304","timestamp":"2026-08-04 10:48:33"}
{"ip":"::1","level":"debug","message":"OPTIONS /api/orders/6a716f6c94dafc7d8e3d879c 204","timestamp":"2026-08-04 10:49:33"}
{"ip":"::1","level":"debug","message":"GET /api/orders/6a716f6c94dafc7d8e3d879c 304","timestamp":"2026-08-04 10:49:33"}
{"ip":"::1","level":"debug","message":"OPTIONS /api/orders/6a716f6c94dafc7d8e3d879c 204","timestamp":"2026-08-04 10:50:37"}
{"ip":"::1","level":"debug","message":"GET /api/orders/6a716f6c94dafc7d8e3d879c 304","timestamp":"2026-08-04 10:50:37"}
{"ip":"::1","level":"debug","message":"OPTIONS /api/orders/6a716f6c94dafc7d8e3d879c 204","timestamp":"2026-08-04 10:51:33"}
{"ip":"::1","level":"debug","message":"GET /api/orders/6a716f6c94dafc7d8e3d879c 304","timestamp":"2026-08-04 10:51:33"}
{"ip":"::1","level":"debug","message":"OPTIONS /api/orders/6a716f6c94dafc7d8e3d879c 204","timestamp":"2026-08-04 10:52:33"}
{"ip":"::1","level":"debug","message":"GET /api/orders/6a716f6c94dafc7d8e3d879c 304","timestamp":"2026-08-04 10:52:33"}
{"ip":"::1","level":"debug","message":"OPTIONS /api/orders/6a716f6c94dafc7d8e3d879c 204","timestamp":"2026-08-04 10:53:33"}
{"ip":"::1","level":"debug","message":"GET /api/orders/6a716f6c94dafc7d8e3d879c 304","timestamp":"2026-08-04 10:53:33"}
{"ip":"::1","level":"debug","message":"OPTIONS /api/orders/6a716f6c94dafc7d8e3d879c 204","timestamp":"2026-08-04 10:54:33"}
{"ip":"::1","level":"debug","message":"GET /api/orders/6a716f6c94dafc7d8e3d879c 304","timestamp":"2026-08-04 10:54:33"}
{"ip":"::1","level":"debug","message":"OPTIONS /api/orders/6a716f6c94dafc7d8e3d879c 204","timestamp":"2026-08-04 10:55:33"}
{"ip":"::1","level":"debug","message":"GET /api/orders/6a716f6c94dafc7d8e3d879c 304","timestamp":"2026-08-04 10:55:33"}
{"ip":"::1","level":"debug","message":"OPTIONS /api/orders/6a716f6c94dafc7d8e3d879c 204","timestamp":"2026-08-04 10:56:33"}
{"ip":"::1","level":"debug","message":"GET /api/orders/6a716f6c94dafc7d8e3d879c 304","timestamp":"2026-08-04 10:56:33"}
{"ip":"::1","level":"debug","message":"OPTIONS /api/orders/6a716f6c94dafc7d8e3d879c 204","timestamp":"2026-08-04 10:57:33"}
{"ip":"::1","level":"debug","message":"GET /api/orders/6a716f6c94dafc7d8e3d879c 304","timestamp":"2026-08-04 10:57:33"}
{"ip":"::1","level":"debug","message":"OPTIONS /api/orders/6a716f6c94dafc7d8e3d879c 204","timestamp":"2026-08-04 10:58:33"}
{"ip":"::1","level":"debug","message":"GET /api/orders/6a716f6c94dafc7d8e3d879c 304","timestamp":"2026-08-04 10:58:33"}
{"ip":"::1","level":"debug","message":"OPTIONS /api/orders/6a716f6c94dafc7d8e3d879c 204","timestamp":"2026-08-04 10:59:33"}
{"ip":"::1","level":"debug","message":"GET /api/orders/6a716f6c94dafc7d8e3d879c 304","timestamp":"2026-08-04 10:59:33"}
{"ip":"::1","level":"debug","message":"OPTIONS /api/orders/6a716f6c94dafc7d8e3d879c 204","timestamp":"2026-08-04 11:00:33"}
{"ip":"::1","level":"debug","message":"GET /api/orders/6a716f6c94dafc7d8e3d879c 304","timestamp":"2026-08-04 11:00:33"}
{"ip":"::1","level":"debug","message":"OPTIONS /api/orders/6a716f6c94dafc7d8e3d879c 204","timestamp":"2026-08-04 11:01:33"}
{"ip":"::1","level":"debug","message":"GET /api/orders/6a716f6c94dafc7d8e3d879c 304","timestamp":"2026-08-04 11:01:33"}
{"ip":"::1","level":"debug","message":"OPTIONS /api/orders/6a716f6c94dafc7d8e3d879c 204","timestamp":"2026-08-04 11:02:33"}
{"ip":"::1","level":"debug","message":"GET /api/orders/6a716f6c94dafc7d8e3d879c 304","timestamp":"2026-08-04 11:02:33"}
{"ip":"::1","level":"debug","message":"OPTIONS /api/orders/6a716f6c94dafc7d8e3d879c 204","timestamp":"2026-08-04 11:03:33"}
{"ip":"::1","level":"debug","message":"GET /api/orders/6a716f6c94dafc7d8e3d879c 304","timestamp":"2026-08-04 11:03:33"}
{"ip":"::1","level":"debug","message":"OPTIONS /api/orders/6a716f6c94dafc7d8e3d879c 204","timestamp":"2026-08-04 11:04:33"}
{"ip":"::1","level":"debug","message":"GET /api/orders/6a716f6c94dafc7d8e3d879c 304","timestamp":"2026-08-04 11:04:33"}
{"ip":"::1","level":"debug","message":"OPTIONS /api/orders/6a716f6c94dafc7d8e3d879c 204","timestamp":"2026-08-04 11:05:33"}
{"ip":"::1","level":"debug","message":"GET /api/orders/6a716f6c94dafc7d8e3d879c 304","timestamp":"2026-08-04 11:05:33"}
{"ip":"::1","level":"debug","message":"OPTIONS /api/orders/6a716f6c94dafc7d8e3d879c 204","timestamp":"2026-08-04 11:06:33"}
{"ip":"::1","level":"debug","message":"GET /api/orders/6a716f6c94dafc7d8e3d879c 304","timestamp":"2026-08-04 11:06:33"}
{"ip":"::1","level":"debug","message":"OPTIONS /api/orders/6a716f6c94dafc7d8e3d879c 204","timestamp":"2026-08-04 11:07:33"}
{"ip":"::1","level":"debug","message":"GET /api/orders/6a716f6c94dafc7d8e3d879c 304","timestamp":"2026-08-04 11:07:33"}
{"ip":"::1","level":"debug","message":"OPTIONS /api/orders/6a716f6c94dafc7d8e3d879c 204","timestamp":"2026-08-04 11:08:33"}
{"ip":"::1","level":"debug","message":"GET /api/orders/6a716f6c94dafc7d8e3d879c 304","timestamp":"2026-08-04 11:08:33"}
{"ip":"::1","level":"debug","message":"OPTIONS /api/orders/6a716f6c94dafc7d8e3d879c 204","timestamp":"2026-08-04 11:09:33"}
{"ip":"::1","level":"debug","message":"GET /api/orders/6a716f6c94dafc7d8e3d879c 304","timestamp":"2026-08-04 11:09:33"}
{"ip":"::1","level":"debug","message":"OPTIONS /api/orders/6a716f6c94dafc7d8e3d879c 204","timestamp":"2026-08-04 11:10:33"}
{"ip":"::1","level":"debug","message":"GET /api/orders/6a716f6c94dafc7d8e3d879c 304","timestamp":"2026-08-04 11:10:33"}
{"ip":"::1","level":"debug","message":"OPTIONS /api/orders/6a716f6c94dafc7d8e3d879c 204","timestamp":"2026-08-04 11:11:33"}
{"ip":"::1","level":"debug","message":"GET /api/orders/6a716f6c94dafc7d8e3d879c 304","timestamp":"2026-08-04 11:11:33"}
{"ip":"::1","level":"debug","message":"OPTIONS /api/orders/6a716f6c94dafc7d8e3d879c 204","timestamp":"2026-08-04 11:12:33"}
{"ip":"::1","level":"debug","message":"GET /api/orders/6a716f6c94dafc7d8e3d879c 304","timestamp":"2026-08-04 11:12:33"}
{"ip":"::1","level":"debug","message":"OPTIONS /api/orders/6a716f6c94dafc7d8e3d879c 204","timestamp":"2026-08-04 11:13:33"}
{"ip":"::1","level":"debug","message":"GET /api/orders/6a716f6c94dafc7d8e3d879c 304","timestamp":"2026-08-04 11:13:33"}
{"ip":"::1","level":"debug","message":"OPTIONS /api/orders/6a716f6c94dafc7d8e3d879c 204","timestamp":"2026-08-04 11:14:33"}
{"ip":"::1","level":"debug","message":"GET /api/orders/6a716f6c94dafc7d8e3d879c 304","timestamp":"2026-08-04 11:14:33"}
{"ip":"::1","level":"debug","message":"OPTIONS /api/orders/6a716f6c94dafc7d8e3d879c 204","timestamp":"2026-08-04 11:15:33"}
{"ip":"::1","level":"debug","message":"GET /api/orders/6a716f6c94dafc7d8e3d879c 304","timestamp":"2026-08-04 11:15:33"}
{"ip":"::1","level":"debug","message":"OPTIONS /api/orders/6a716f6c94dafc7d8e3d879c 204","timestamp":"2026-08-04 11:16:33"}
{"ip":"::1","level":"debug","message":"GET /api/orders/6a716f6c94dafc7d8e3d879c 304","timestamp":"2026-08-04 11:16:33"}
{"ip":"::1","level":"debug","message":"OPTIONS /api/orders/6a716f6c94dafc7d8e3d879c 204","timestamp":"2026-08-04 11:17:33"}
{"ip":"::1","level":"debug","message":"GET /api/orders/6a716f6c94dafc7d8e3d879c 304","timestamp":"2026-08-04 11:17:33"}
{"ip":"::1","level":"debug","message":"OPTIONS /api/orders/6a716f6c94dafc7d8e3d879c 204","timestamp":"2026-08-04 11:18:33"}
{"ip":"::1","level":"debug","message":"GET /api/orders/6a716f6c94dafc7d8e3d879c 304","timestamp":"2026-08-04 11:18:33"}
{"ip":"::1","level":"debug","message":"OPTIONS /api/orders/6a716f6c94dafc7d8e3d879c 204","timestamp":"2026-08-04 11:19:33"}
{"ip":"::1","level":"debug","message":"GET /api/orders/6a716f6c94dafc7d8e3d879c 304","timestamp":"2026-08-04 11:19:33"}
{"ip":"::1","level":"debug","message":"OPTIONS /api/orders/6a716f6c94dafc7d8e3d879c 204","timestamp":"2026-08-04 11:20:33"}
{"ip":"::1","level":"debug","message":"GET /api/orders/6a716f6c94dafc7d8e3d879c 304","timestamp":"2026-08-04 11:20:33"}
{"ip":"::1","level":"debug","message":"OPTIONS /api/orders/6a716f6c94dafc7d8e3d879c 204","timestamp":"2026-08-04 11:21:33"}
{"ip":"::1","level":"debug","message":"GET /api/orders/6a716f6c94dafc7d8e3d879c 304","timestamp":"2026-08-04 11:21:33"}
{"level":"info","message":"🚀 Server running on port 5000","timestamp":"2026-08-04 14:17:44"}
{"ip":"::1","level":"debug","message":"OPTIONS /api/auth/me 204","timestamp":"2026-08-04 14:18:26"}
{"ip":"::1","level":"debug","message":"GET /api/auth/me 304","timestamp":"2026-08-04 14:18:26"}
{"level":"info","message":"🚀 Server running on port 5000","timestamp":"2026-08-04 14:20:02"}
{"level":"info","message":"🚀 Server running on port 5000","timestamp":"2026-08-04 14:20:07"}
{"level":"info","message":"🚀 Server running on port 5000","timestamp":"2026-08-04 14:20:26"}
{"level":"info","message":"🚀 Server running on port 5000","timestamp":"2026-08-04 14:20:27"}
{"level":"info","message":"🚀 Server running on port 5000","timestamp":"2026-08-04 14:20:47"}
{"level":"info","message":"🚀 Server running on port 5000","timestamp":"2026-08-04 14:20:47"}
{"level":"info","message":"🚀 Server running on port 5000","timestamp":"2026-08-04 14:21:12"}
{"level":"info","message":"🚀 Server running on port 5000","timestamp":"2026-08-04 14:21:19"}
{"level":"info","message":"🚀 Server running on port 5000","timestamp":"2026-08-04 14:21:49"}
{"ip":"::ffff:127.0.0.1","level":"debug","message":"OPTIONS /api/auth/me 204","timestamp":"2026-08-04 14:21:49"}
{"level":"error","message":"Cannot set property query of #<IncomingMessage> which has only a getter","stack":"TypeError: Cannot set property query of #<IncomingMessage> which has only a getter\n    at D:\\Restaurant\\restaurant-portal\\backend\\node_modules\\express-mongo-sanitize\\index.js:113:18\n    at Array.forEach (<anonymous>)\n    at D:\\Restaurant\\restaurant-portal\\backend\\node_modules\\express-mongo-sanitize\\index.js:110:44\n    at Layer.handleRequest (D:\\Restaurant\\restaurant-portal\\backend\\node_modules\\router\\lib\\layer.js:152:17)\n    at trimPrefix (D:\\Restaurant\\restaurant-portal\\backend\\node_modules\\router\\index.js:342:13)\n    at D:\\Restaurant\\restaurant-portal\\backend\\node_modules\\router\\index.js:297:9\n    at processParams (D:\\Restaurant\\restaurant-portal\\backend\\node_modules\\router\\index.js:582:12)\n    at next (D:\\Restaurant\\restaurant-portal\\backend\\node_modules\\router\\index.js:291:5)\n    at read (D:\\Restaurant\\restaurant-portal\\backend\\node_modules\\body-parser\\lib\\read.js:53:5)\n    at urlencodedParser (D:\\Restaurant\\restaurant-portal\\backend\\node_modules\\body-parser\\lib\\types\\urlencoded.js:51:5)","timestamp":"2026-08-04 14:21:49","url":"/api/menu"}
{"ip":"::ffff:127.0.0.1","level":"debug","message":"GET /api/menu 500","timestamp":"2026-08-04 14:21:49"}
{"level":"error","message":"Cannot set property query of #<IncomingMessage> which has only a getter","stack":"TypeError: Cannot set property query of #<IncomingMessage> which has only a getter\n    at D:\\Restaurant\\restaurant-portal\\backend\\node_modules\\express-mongo-sanitize\\index.js:113:18\n    at Array.forEach (<anonymous>)\n    at D:\\Restaurant\\restaurant-portal\\backend\\node_modules\\express-mongo-sanitize\\index.js:110:44\n    at Layer.handleRequest (D:\\Restaurant\\restaurant-portal\\backend\\node_modules\\router\\lib\\layer.js:152:17)\n    at trimPrefix (D:\\Restaurant\\restaurant-portal\\backend\\node_modules\\router\\index.js:342:13)\n    at D:\\Restaurant\\restaurant-portal\\backend\\node_modules\\router\\index.js:297:9\n    at processParams (D:\\Restaurant\\restaurant-portal\\backend\\node_modules\\router\\index.js:582:12)\n    at next (D:\\Restaurant\\restaurant-portal\\backend\\node_modules\\router\\index.js:291:5)\n    at read (D:\\Restaurant\\restaurant-portal\\backend\\node_modules\\body-parser\\lib\\read.js:53:5)\n    at urlencodedParser (D:\\Restaurant\\restaurant-portal\\backend\\node_modules\\body-parser\\lib\\types\\urlencoded.js:51:5)","timestamp":"2026-08-04 14:21:49","url":"/api/coupons"}
{"ip":"::1","level":"debug","message":"GET /api/coupons 500","timestamp":"2026-08-04 14:21:49"}
{"level":"error","message":"Cannot set property query of #<IncomingMessage> which has only a getter","stack":"TypeError: Cannot set property query of #<IncomingMessage> which has only a getter\n    at D:\\Restaurant\\restaurant-portal\\backend\\node_modules\\express-mongo-sanitize\\index.js:113:18\n    at Array.forEach (<anonymous>)\n    at D:\\Restaurant\\restaurant-portal\\backend\\node_modules\\express-mongo-sanitize\\index.js:110:44\n    at Layer.handleRequest (D:\\Restaurant\\restaurant-portal\\backend\\node_modules\\router\\lib\\layer.js:152:17)\n    at trimPrefix (D:\\Restaurant\\restaurant-portal\\backend\\node_modules\\router\\index.js:342:13)\n    at D:\\Restaurant\\restaurant-portal\\backend\\node_modules\\router\\index.js:297:9\n    at processParams (D:\\Restaurant\\restaurant-portal\\backend\\node_modules\\router\\index.js:582:12)\n    at next (D:\\Restaurant\\restaurant-portal\\backend\\node_modules\\router\\index.js:291:5)\n    at read (D:\\Restaurant\\restaurant-portal\\backend\\node_modules\\body-parser\\lib\\read.js:53:5)\n    at urlencodedParser (D:\\Restaurant\\restaurant-portal\\backend\\node_modules\\body-parser\\lib\\types\\urlencoded.js:51:5)","timestamp":"2026-08-04 14:21:49","url":"/api/auth/me"}
{"ip":"::1","level":"debug","message":"GET /api/auth/me 500","timestamp":"2026-08-04 14:21:49"}
{"level":"info","message":"🚀 Server running on port 5000","timestamp":"2026-08-04 14:21:54"}
{"level":"info","message":"🚀 Server running on port 5000","timestamp":"2026-08-04 14:22:04"}
{"level":"info","message":"🚀 Server running on port 5000","timestamp":"2026-08-04 14:22:04"}
{"ip":"::1","level":"debug","message":"OPTIONS /api/auth/me 204","timestamp":"2026-08-04 14:22:20"}
{"level":"error","message":"Cannot set property query of #<IncomingMessage> which has only a getter","stack":"TypeError: Cannot set property query of #<IncomingMessage> which has only a getter\n    at D:\\Restaurant\\restaurant-portal\\backend\\node_modules\\express-mongo-sanitize\\index.js:113:18\n    at Array.forEach (<anonymous>)\n    at D:\\Restaurant\\restaurant-portal\\backend\\node_modules\\express-mongo-sanitize\\index.js:110:44\n    at Layer.handleRequest (D:\\Restaurant\\restaurant-portal\\backend\\node_modules\\router\\lib\\layer.js:152:17)\n    at trimPrefix (D:\\Restaurant\\restaurant-portal\\backend\\node_modules\\router\\index.js:342:13)\n    at D:\\Restaurant\\restaurant-portal\\backend\\node_modules\\router\\index.js:297:9\n    at processParams (D:\\Restaurant\\restaurant-portal\\backend\\node_modules\\router\\index.js:582:12)\n    at next (D:\\Restaurant\\restaurant-portal\\backend\\node_modules\\router\\index.js:291:5)\n    at read (D:\\Restaurant\\restaurant-portal\\backend\\node_modules\\body-parser\\lib\\read.js:53:5)\n    at urlencodedParser (D:\\Restaurant\\restaurant-portal\\backend\\node_modules\\body-parser\\lib\\types\\urlencoded.js:51:5)","timestamp":"2026-08-04 14:22:20","url":"/api/auth/me"}
{"ip":"::1","level":"debug","message":"GET /api/auth/me 500","timestamp":"2026-08-04 14:22:20"}
{"ip":"::1","level":"debug","message":"OPTIONS /api/auth/login 204","timestamp":"2026-08-04 14:22:24"}
{"level":"error","message":"Cannot set property query of #<IncomingMessage> which has only a getter","stack":"TypeError: Cannot set property query of #<IncomingMessage> which has only a getter\n    at D:\\Restaurant\\restaurant-portal\\backend\\node_modules\\express-mongo-sanitize\\index.js:113:18\n    at Array.forEach (<anonymous>)\n    at D:\\Restaurant\\restaurant-portal\\backend\\node_modules\\express-mongo-sanitize\\index.js:110:44\n    at Layer.handleRequest (D:\\Restaurant\\restaurant-portal\\backend\\node_modules\\router\\lib\\layer.js:152:17)\n    at trimPrefix (D:\\Restaurant\\restaurant-portal\\backend\\node_modules\\router\\index.js:342:13)\n    at D:\\Restaurant\\restaurant-portal\\backend\\node_modules\\router\\index.js:297:9\n    at processParams (D:\\Restaurant\\restaurant-portal\\backend\\node_modules\\router\\index.js:582:12)\n    at next (D:\\Restaurant\\restaurant-portal\\backend\\node_modules\\router\\index.js:291:5)\n    at read (D:\\Restaurant\\restaurant-portal\\backend\\node_modules\\body-parser\\lib\\read.js:42:5)\n    at urlencodedParser (D:\\Restaurant\\restaurant-portal\\backend\\node_modules\\body-parser\\lib\\types\\urlencoded.js:51:5)","timestamp":"2026-08-04 14:22:24","url":"/api/auth/login"}
{"ip":"::1","level":"debug","message":"POST /api/auth/login 500","timestamp":"2026-08-04 14:22:24"}
{"level":"error","message":"Cannot set property query of #<IncomingMessage> which has only a getter","stack":"TypeError: Cannot set property query of #<IncomingMessage> which has only a getter\n    at D:\\Restaurant\\restaurant-portal\\backend\\node_modules\\express-mongo-sanitize\\index.js:113:18\n    at Array.forEach (<anonymous>)\n    at D:\\Restaurant\\restaurant-portal\\backend\\node_modules\\express-mongo-sanitize\\index.js:110:44\n    at Layer.handleRequest (D:\\Restaurant\\restaurant-portal\\backend\\node_modules\\router\\lib\\layer.js:152:17)\n    at trimPrefix (D:\\Restaurant\\restaurant-portal\\backend\\node_modules\\router\\index.js:342:13)\n    at D:\\Restaurant\\restaurant-portal\\backend\\node_modules\\router\\index.js:297:9\n    at processParams (D:\\Restaurant\\restaurant-portal\\backend\\node_modules\\router\\index.js:582:12)\n    at next (D:\\Restaurant\\restaurant-portal\\backend\\node_modules\\router\\index.js:291:5)\n    at read (D:\\Restaurant\\restaurant-portal\\backend\\node_modules\\body-parser\\lib\\read.js:42:5)\n    at urlencodedParser (D:\\Restaurant\\restaurant-portal\\backend\\node_modules\\body-parser\\lib\\types\\urlencoded.js:51:5)","timestamp":"2026-08-04 14:22:26","url":"/api/auth/login"}
{"ip":"::1","level":"debug","message":"POST /api/auth/login 500","timestamp":"2026-08-04 14:22:26"}
{"level":"error","message":"Cannot set property query of #<IncomingMessage> which has only a getter","stack":"TypeError: Cannot set property query of #<IncomingMessage> which has only a getter\n    at D:\\Restaurant\\restaurant-portal\\backend\\node_modules\\express-mongo-sanitize\\index.js:113:18\n    at Array.forEach (<anonymous>)\n    at D:\\Restaurant\\restaurant-portal\\backend\\node_modules\\express-mongo-sanitize\\index.js:110:44\n    at Layer.handleRequest (D:\\Restaurant\\restaurant-portal\\backend\\node_modules\\router\\lib\\layer.js:152:17)\n    at trimPrefix (D:\\Restaurant\\restaurant-portal\\backend\\node_modules\\router\\index.js:342:13)\n    at D:\\Restaurant\\restaurant-portal\\backend\\node_modules\\router\\index.js:297:9\n    at processParams (D:\\Restaurant\\restaurant-portal\\backend\\node_modules\\router\\index.js:582:12)\n    at next (D:\\Restaurant\\restaurant-portal\\backend\\node_modules\\router\\index.js:291:5)\n    at read (D:\\Restaurant\\restaurant-portal\\backend\\node_modules\\body-parser\\lib\\read.js:42:5)\n    at urlencodedParser (D:\\Restaurant\\restaurant-portal\\backend\\node_modules\\body-parser\\lib\\types\\urlencoded.js:51:5)","timestamp":"2026-08-04 14:22:26","url":"/api/auth/login"}
{"ip":"::1","level":"debug","message":"POST /api/auth/login 500","timestamp":"2026-08-04 14:22:26"}
{"ip":"::1","level":"debug","message":"OPTIONS /api/auth/login 204","timestamp":"2026-08-04 14:22:35"}
{"level":"error","message":"Cannot set property query of #<IncomingMessage> which has only a getter","stack":"TypeError: Cannot set property query of #<IncomingMessage> which has only a getter\n    at D:\\Restaurant\\restaurant-portal\\backend\\node_modules\\express-mongo-sanitize\\index.js:113:18\n    at Array.forEach (<anonymous>)\n    at D:\\Restaurant\\restaurant-portal\\backend\\node_modules\\express-mongo-sanitize\\index.js:110:44\n    at Layer.handleRequest (D:\\Restaurant\\restaurant-portal\\backend\\node_modules\\router\\lib\\layer.js:152:17)\n    at trimPrefix (D:\\Restaurant\\restaurant-portal\\backend\\node_modules\\router\\index.js:342:13)\n    at D:\\Restaurant\\restaurant-portal\\backend\\node_modules\\router\\index.js:297:9\n    at processParams (D:\\Restaurant\\restaurant-portal\\backend\\node_modules\\router\\index.js:582:12)\n    at next (D:\\Restaurant\\restaurant-portal\\backend\\node_modules\\router\\index.js:291:5)\n    at read (D:\\Restaurant\\restaurant-portal\\backend\\node_modules\\body-parser\\lib\\read.js:42:5)\n    at urlencodedParser (D:\\Restaurant\\restaurant-portal\\backend\\node_modules\\body-parser\\lib\\types\\urlencoded.js:51:5)","timestamp":"2026-08-04 14:22:35","url":"/api/auth/login"}
{"ip":"::1","level":"debug","message":"POST /api/auth/login 500","timestamp":"2026-08-04 14:22:35"}
{"level":"error","message":"Cannot set property query of #<IncomingMessage> which has only a getter","stack":"TypeError: Cannot set property query of #<IncomingMessage> which has only a getter\n    at D:\\Restaurant\\restaurant-portal\\backend\\node_modules\\express-mongo-sanitize\\index.js:113:18\n    at Array.forEach (<anonymous>)\n    at D:\\Restaurant\\restaurant-portal\\backend\\node_modules\\express-mongo-sanitize\\index.js:110:44\n    at Layer.handleRequest (D:\\Restaurant\\restaurant-portal\\backend\\node_modules\\router\\lib\\layer.js:152:17)\n    at trimPrefix (D:\\Restaurant\\restaurant-portal\\backend\\node_modules\\router\\index.js:342:13)\n    at D:\\Restaurant\\restaurant-portal\\backend\\node_modules\\router\\index.js:297:9\n    at processParams (D:\\Restaurant\\restaurant-portal\\backend\\node_modules\\router\\index.js:582:12)\n    at next (D:\\Restaurant\\restaurant-portal\\backend\\node_modules\\router\\index.js:291:5)\n    at read (D:\\Restaurant\\restaurant-portal\\backend\\node_modules\\body-parser\\lib\\read.js:42:5)\n    at urlencodedParser (D:\\Restaurant\\restaurant-portal\\backend\\node_modules\\body-parser\\lib\\types\\urlencoded.js:51:5)","timestamp":"2026-08-04 14:22:35","url":"/api/auth/login"}
{"ip":"::1","level":"debug","message":"POST /api/auth/login 500","timestamp":"2026-08-04 14:22:35"}
{"level":"error","message":"Cannot set property query of #<IncomingMessage> which has only a getter","stack":"TypeError: Cannot set property query of #<IncomingMessage> which has only a getter\n    at D:\\Restaurant\\restaurant-portal\\backend\\node_modules\\express-mongo-sanitize\\index.js:113:18\n    at Array.forEach (<anonymous>)\n    at D:\\Restaurant\\restaurant-portal\\backend\\node_modules\\express-mongo-sanitize\\index.js:110:44\n    at Layer.handleRequest (D:\\Restaurant\\restaurant-portal\\backend\\node_modules\\router\\lib\\layer.js:152:17)\n    at trimPrefix (D:\\Restaurant\\restaurant-portal\\backend\\node_modules\\router\\index.js:342:13)\n    at D:\\Restaurant\\restaurant-portal\\backend\\node_modules\\router\\index.js:297:9\n    at processParams (D:\\Restaurant\\restaurant-portal\\backend\\node_modules\\router\\index.js:582:12)\n    at next (D:\\Restaurant\\restaurant-portal\\backend\\node_modules\\router\\index.js:291:5)\n    at read (D:\\Restaurant\\restaurant-portal\\backend\\node_modules\\body-parser\\lib\\read.js:42:5)\n    at urlencodedParser (D:\\Restaurant\\restaurant-portal\\backend\\node_modules\\body-parser\\lib\\types\\urlencoded.js:51:5)","timestamp":"2026-08-04 14:22:35","url":"/api/auth/login"}
{"ip":"::1","level":"debug","message":"POST /api/auth/login 500","timestamp":"2026-08-04 14:22:35"}
{"level":"error","message":"Cannot set property query of #<IncomingMessage> which has only a getter","stack":"TypeError: Cannot set property query of #<IncomingMessage> which has only a getter\n    at D:\\Restaurant\\restaurant-portal\\backend\\node_modules\\express-mongo-sanitize\\index.js:113:18\n    at Array.forEach (<anonymous>)\n    at D:\\Restaurant\\restaurant-portal\\backend\\node_modules\\express-mongo-sanitize\\index.js:110:44\n    at Layer.handleRequest (D:\\Restaurant\\restaurant-portal\\backend\\node_modules\\router\\lib\\layer.js:152:17)\n    at trimPrefix (D:\\Restaurant\\restaurant-portal\\backend\\node_modules\\router\\index.js:342:13)\n    at D:\\Restaurant\\restaurant-portal\\backend\\node_modules\\router\\index.js:297:9\n    at processParams (D:\\Restaurant\\restaurant-portal\\backend\\node_modules\\router\\index.js:582:12)\n    at next (D:\\Restaurant\\restaurant-portal\\backend\\node_modules\\router\\index.js:291:5)\n    at read (D:\\Restaurant\\restaurant-portal\\backend\\node_modules\\body-parser\\lib\\read.js:42:5)\n    at urlencodedParser (D:\\Restaurant\\restaurant-portal\\backend\\node_modules\\body-parser\\lib\\types\\urlencoded.js:51:5)","timestamp":"2026-08-04 14:22:36","url":"/api/auth/login"}
{"ip":"::1","level":"debug","message":"POST /api/auth/login 500","timestamp":"2026-08-04 14:22:36"}
{"level":"error","message":"Cannot set property query of #<IncomingMessage> which has only a getter","stack":"TypeError: Cannot set property query of #<IncomingMessage> which has only a getter\n    at D:\\Restaurant\\restaurant-portal\\backend\\node_modules\\express-mongo-sanitize\\index.js:113:18\n    at Array.forEach (<anonymous>)\n    at D:\\Restaurant\\restaurant-portal\\backend\\node_modules\\express-mongo-sanitize\\index.js:110:44\n    at Layer.handleRequest (D:\\Restaurant\\restaurant-portal\\backend\\node_modules\\router\\lib\\layer.js:152:17)\n    at trimPrefix (D:\\Restaurant\\restaurant-portal\\backend\\node_modules\\router\\index.js:342:13)\n    at D:\\Restaurant\\restaurant-portal\\backend\\node_modules\\router\\index.js:297:9\n    at processParams (D:\\Restaurant\\restaurant-portal\\backend\\node_modules\\router\\index.js:582:12)\n    at next (D:\\Restaurant\\restaurant-portal\\backend\\node_modules\\router\\index.js:291:5)\n    at read (D:\\Restaurant\\restaurant-portal\\backend\\node_modules\\body-parser\\lib\\read.js:42:5)\n    at urlencodedParser (D:\\Restaurant\\restaurant-portal\\backend\\node_modules\\body-parser\\lib\\types\\urlencoded.js:51:5)","timestamp":"2026-08-04 14:22:36","url":"/api/auth/login"}
{"ip":"::1","level":"debug","message":"POST /api/auth/login 500","timestamp":"2026-08-04 14:22:36"}
{"level":"error","message":"Cannot set property query of #<IncomingMessage> which has only a getter","stack":"TypeError: Cannot set property query of #<IncomingMessage> which has only a getter\n    at D:\\Restaurant\\restaurant-portal\\backend\\node_modules\\express-mongo-sanitize\\index.js:113:18\n    at Array.forEach (<anonymous>)\n    at D:\\Restaurant\\restaurant-portal\\backend\\node_modules\\express-mongo-sanitize\\index.js:110:44\n    at Layer.handleRequest (D:\\Restaurant\\restaurant-portal\\backend\\node_modules\\router\\lib\\layer.js:152:17)\n    at trimPrefix (D:\\Restaurant\\restaurant-portal\\backend\\node_modules\\router\\index.js:342:13)\n    at D:\\Restaurant\\restaurant-portal\\backend\\node_modules\\router\\index.js:297:9\n    at processParams (D:\\Restaurant\\restaurant-portal\\backend\\node_modules\\router\\index.js:582:12)\n    at next (D:\\Restaurant\\restaurant-portal\\backend\\node_modules\\router\\index.js:291:5)\n    at read (D:\\Restaurant\\restaurant-portal\\backend\\node_modules\\body-parser\\lib\\read.js:42:5)\n    at urlencodedParser (D:\\Restaurant\\restaurant-portal\\backend\\node_modules\\body-parser\\lib\\types\\urlencoded.js:51:5)","timestamp":"2026-08-04 14:22:36","url":"/api/auth/login"}
{"ip":"::1","level":"debug","message":"POST /api/auth/login 500","timestamp":"2026-08-04 14:22:36"}
{"level":"error","message":"Cannot set property query of #<IncomingMessage> which has only a getter","stack":"TypeError: Cannot set property query of #<IncomingMessage> which has only a getter\n    at D:\\Restaurant\\restaurant-portal\\backend\\node_modules\\express-mongo-sanitize\\index.js:113:18\n    at Array.forEach (<anonymous>)\n    at D:\\Restaurant\\restaurant-portal\\backend\\node_modules\\express-mongo-sanitize\\index.js:110:44\n    at Layer.handleRequest (D:\\Restaurant\\restaurant-portal\\backend\\node_modules\\router\\lib\\layer.js:152:17)\n    at trimPrefix (D:\\Restaurant\\restaurant-portal\\backend\\node_modules\\router\\index.js:342:13)\n    at D:\\Restaurant\\restaurant-portal\\backend\\node_modules\\router\\index.js:297:9\n    at processParams (D:\\Restaurant\\restaurant-portal\\backend\\node_modules\\router\\index.js:582:12)\n    at next (D:\\Restaurant\\restaurant-portal\\backend\\node_modules\\router\\index.js:291:5)\n    at read (D:\\Restaurant\\restaurant-portal\\backend\\node_modules\\body-parser\\lib\\read.js:42:5)\n    at urlencodedParser (D:\\Restaurant\\restaurant-portal\\backend\\node_modules\\body-parser\\lib\\types\\urlencoded.js:51:5)","timestamp":"2026-08-04 14:22:36","url":"/api/auth/login"}
{"ip":"::1","level":"debug","message":"POST /api/auth/login 500","timestamp":"2026-08-04 14:22:36"}
{"level":"error","message":"Cannot set property query of #<IncomingMessage> which has only a getter","stack":"TypeError: Cannot set property query of #<IncomingMessage> which has only a getter\n    at D:\\Restaurant\\restaurant-portal\\backend\\node_modules\\express-mongo-sanitize\\index.js:113:18\n    at Array.forEach (<anonymous>)\n    at D:\\Restaurant\\restaurant-portal\\backend\\node_modules\\express-mongo-sanitize\\index.js:110:44\n    at Layer.handleRequest (D:\\Restaurant\\restaurant-portal\\backend\\node_modules\\router\\lib\\layer.js:152:17)\n    at trimPrefix (D:\\Restaurant\\restaurant-portal\\backend\\node_modules\\router\\index.js:342:13)\n    at D:\\Restaurant\\restaurant-portal\\backend\\node_modules\\router\\index.js:297:9\n    at processParams (D:\\Restaurant\\restaurant-portal\\backend\\node_modules\\router\\index.js:582:12)\n    at next (D:\\Restaurant\\restaurant-portal\\backend\\node_modules\\router\\index.js:291:5)\n    at read (D:\\Restaurant\\restaurant-portal\\backend\\node_modules\\body-parser\\lib\\read.js:42:5)\n    at urlencodedParser (D:\\Restaurant\\restaurant-portal\\backend\\node_modules\\body-parser\\lib\\types\\urlencoded.js:51:5)","timestamp":"2026-08-04 14:22:37","url":"/api/auth/login"}
{"ip":"::1","level":"debug","message":"POST /api/auth/login 500","timestamp":"2026-08-04 14:22:37"}
{"level":"error","message":"Cannot set property query of #<IncomingMessage> which has only a getter","stack":"TypeError: Cannot set property query of #<IncomingMessage> which has only a getter\n    at D:\\Restaurant\\restaurant-portal\\backend\\node_modules\\express-mongo-sanitize\\index.js:113:18\n    at Array.forEach (<anonymous>)\n    at D:\\Restaurant\\restaurant-portal\\backend\\node_modules\\express-mongo-sanitize\\index.js:110:44\n    at Layer.handleRequest (D:\\Restaurant\\restaurant-portal\\backend\\node_modules\\router\\lib\\layer.js:152:17)\n    at trimPrefix (D:\\Restaurant\\restaurant-portal\\backend\\node_modules\\router\\index.js:342:13)\n    at D:\\Restaurant\\restaurant-portal\\backend\\node_modules\\router\\index.js:297:9\n    at processParams (D:\\Restaurant\\restaurant-portal\\backend\\node_modules\\router\\index.js:582:12)\n    at next (D:\\Restaurant\\restaurant-portal\\backend\\node_modules\\router\\index.js:291:5)\n    at read (D:\\Restaurant\\restaurant-portal\\backend\\node_modules\\body-parser\\lib\\read.js:42:5)\n    at urlencodedParser (D:\\Restaurant\\restaurant-portal\\backend\\node_modules\\body-parser\\lib\\types\\urlencoded.js:51:5)","timestamp":"2026-08-04 14:22:37","url":"/api/auth/login"}
{"ip":"::1","level":"debug","message":"POST /api/auth/login 500","timestamp":"2026-08-04 14:22:37"}
{"level":"error","message":"Cannot set property query of #<IncomingMessage> which has only a getter","stack":"TypeError: Cannot set property query of #<IncomingMessage> which has only a getter\n    at D:\\Restaurant\\restaurant-portal\\backend\\node_modules\\express-mongo-sanitize\\index.js:113:18\n    at Array.forEach (<anonymous>)\n    at D:\\Restaurant\\restaurant-portal\\backend\\node_modules\\express-mongo-sanitize\\index.js:110:44\n    at Layer.handleRequest (D:\\Restaurant\\restaurant-portal\\backend\\node_modules\\router\\lib\\layer.js:152:17)\n    at trimPrefix (D:\\Restaurant\\restaurant-portal\\backend\\node_modules\\router\\index.js:342:13)\n    at D:\\Restaurant\\restaurant-portal\\backend\\node_modules\\router\\index.js:297:9\n    at processParams (D:\\Restaurant\\restaurant-portal\\backend\\node_modules\\router\\index.js:582:12)\n    at next (D:\\Restaurant\\restaurant-portal\\backend\\node_modules\\router\\index.js:291:5)\n    at read (D:\\Restaurant\\restaurant-portal\\backend\\node_modules\\body-parser\\lib\\read.js:42:5)\n    at urlencodedParser (D:\\Restaurant\\restaurant-portal\\backend\\node_modules\\body-parser\\lib\\types\\urlencoded.js:51:5)","timestamp":"2026-08-04 14:22:38","url":"/api/auth/login"}
{"ip":"::1","level":"debug","message":"POST /api/auth/login 500","timestamp":"2026-08-04 14:22:38"}
{"ip":"::1","level":"debug","message":"OPTIONS /api/auth/login 204","timestamp":"2026-08-04 14:22:46"}
{"level":"error","message":"Cannot set property query of #<IncomingMessage> which has only a getter","stack":"TypeError: Cannot set property query of #<IncomingMessage> which has only a getter\n    at D:\\Restaurant\\restaurant-portal\\backend\\node_modules\\express-mongo-sanitize\\index.js:113:18\n    at Array.forEach (<anonymous>)\n    at D:\\Restaurant\\restaurant-portal\\backend\\node_modules\\express-mongo-sanitize\\index.js:110:44\n    at Layer.handleRequest (D:\\Restaurant\\restaurant-portal\\backend\\node_modules\\router\\lib\\layer.js:152:17)\n    at trimPrefix (D:\\Restaurant\\restaurant-portal\\backend\\node_modules\\router\\index.js:342:13)\n    at D:\\Restaurant\\restaurant-portal\\backend\\node_modules\\router\\index.js:297:9\n    at processParams (D:\\Restaurant\\restaurant-portal\\backend\\node_modules\\router\\index.js:582:12)\n    at next (D:\\Restaurant\\restaurant-portal\\backend\\node_modules\\router\\index.js:291:5)\n    at read (D:\\Restaurant\\restaurant-portal\\backend\\node_modules\\body-parser\\lib\\read.js:42:5)\n    at urlencodedParser (D:\\Restaurant\\restaurant-portal\\backend\\node_modules\\body-parser\\lib\\types\\urlencoded.js:51:5)","timestamp":"2026-08-04 14:22:46","url":"/api/auth/login"}
{"ip":"::1","level":"debug","message":"POST /api/auth/login 500","timestamp":"2026-08-04 14:22:46"}
{"level":"error","message":"Cannot set property query of #<IncomingMessage> which has only a getter","stack":"TypeError: Cannot set property query of #<IncomingMessage> which has only a getter\n    at D:\\Restaurant\\restaurant-portal\\backend\\node_modules\\express-mongo-sanitize\\index.js:113:18\n    at Array.forEach (<anonymous>)\n    at D:\\Restaurant\\restaurant-portal\\backend\\node_modules\\express-mongo-sanitize\\index.js:110:44\n    at Layer.handleRequest (D:\\Restaurant\\restaurant-portal\\backend\\node_modules\\router\\lib\\layer.js:152:17)\n    at trimPrefix (D:\\Restaurant\\restaurant-portal\\backend\\node_modules\\router\\index.js:342:13)\n    at D:\\Restaurant\\restaurant-portal\\backend\\node_modules\\router\\index.js:297:9\n    at processParams (D:\\Restaurant\\restaurant-portal\\backend\\node_modules\\router\\index.js:582:12)\n    at next (D:\\Restaurant\\restaurant-portal\\backend\\node_modules\\router\\index.js:291:5)\n    at read (D:\\Restaurant\\restaurant-portal\\backend\\node_modules\\body-parser\\lib\\read.js:42:5)\n    at urlencodedParser (D:\\Restaurant\\restaurant-portal\\backend\\node_modules\\body-parser\\lib\\types\\urlencoded.js:51:5)","timestamp":"2026-08-04 14:22:47","url":"/api/auth/login"}
{"ip":"::1","level":"debug","message":"POST /api/auth/login 500","timestamp":"2026-08-04 14:22:47"}
{"level":"error","message":"Cannot set property query of #<IncomingMessage> which has only a getter","stack":"TypeError: Cannot set property query of #<IncomingMessage> which has only a getter\n    at D:\\Restaurant\\restaurant-portal\\backend\\node_modules\\express-mongo-sanitize\\index.js:113:18\n    at Array.forEach (<anonymous>)\n    at D:\\Restaurant\\restaurant-portal\\backend\\node_modules\\express-mongo-sanitize\\index.js:110:44\n    at Layer.handleRequest (D:\\Restaurant\\restaurant-portal\\backend\\node_modules\\router\\lib\\layer.js:152:17)\n    at trimPrefix (D:\\Restaurant\\restaurant-portal\\backend\\node_modules\\router\\index.js:342:13)\n    at D:\\Restaurant\\restaurant-portal\\backend\\node_modules\\router\\index.js:297:9\n    at processParams (D:\\Restaurant\\restaurant-portal\\backend\\node_modules\\router\\index.js:582:12)\n    at next (D:\\Restaurant\\restaurant-portal\\backend\\node_modules\\router\\index.js:291:5)\n    at read (D:\\Restaurant\\restaurant-portal\\backend\\node_modules\\body-parser\\lib\\read.js:42:5)\n    at urlencodedParser (D:\\Restaurant\\restaurant-portal\\backend\\node_modules\\body-parser\\lib\\types\\urlencoded.js:51:5)","timestamp":"2026-08-04 14:22:47","url":"/api/auth/login"}
{"ip":"::1","level":"debug","message":"POST /api/auth/login 500","timestamp":"2026-08-04 14:22:47"}
{"level":"error","message":"Cannot set property query of #<IncomingMessage> which has only a getter","stack":"TypeError: Cannot set property query of #<IncomingMessage> which has only a getter\n    at D:\\Restaurant\\restaurant-portal\\backend\\node_modules\\express-mongo-sanitize\\index.js:113:18\n    at Array.forEach (<anonymous>)\n    at D:\\Restaurant\\restaurant-portal\\backend\\node_modules\\express-mongo-sanitize\\index.js:110:44\n    at Layer.handleRequest (D:\\Restaurant\\restaurant-portal\\backend\\node_modules\\router\\lib\\layer.js:152:17)\n    at trimPrefix (D:\\Restaurant\\restaurant-portal\\backend\\node_modules\\router\\index.js:342:13)\n    at D:\\Restaurant\\restaurant-portal\\backend\\node_modules\\router\\index.js:297:9\n    at processParams (D:\\Restaurant\\restaurant-portal\\backend\\node_modules\\router\\index.js:582:12)\n    at next (D:\\Restaurant\\restaurant-portal\\backend\\node_modules\\router\\index.js:291:5)\n    at read (D:\\Restaurant\\restaurant-portal\\backend\\node_modules\\body-parser\\lib\\read.js:42:5)\n    at urlencodedParser (D:\\Restaurant\\restaurant-portal\\backend\\node_modules\\body-parser\\lib\\types\\urlencoded.js:51:5)","timestamp":"2026-08-04 14:22:47","url":"/api/auth/login"}
{"ip":"::1","level":"debug","message":"POST /api/auth/login 500","timestamp":"2026-08-04 14:22:47"}
{"ip":"::1","level":"debug","message":"OPTIONS /api/auth/login 204","timestamp":"2026-08-04 14:23:06"}
{"level":"error","message":"Cannot set property query of #<IncomingMessage> which has only a getter","stack":"TypeError: Cannot set property query of #<IncomingMessage> which has only a getter\n    at D:\\Restaurant\\restaurant-portal\\backend\\node_modules\\express-mongo-sanitize\\index.js:113:18\n    at Array.forEach (<anonymous>)\n    at D:\\Restaurant\\restaurant-portal\\backend\\node_modules\\express-mongo-sanitize\\index.js:110:44\n    at Layer.handleRequest (D:\\Restaurant\\restaurant-portal\\backend\\node_modules\\router\\lib\\layer.js:152:17)\n    at trimPrefix (D:\\Restaurant\\restaurant-portal\\backend\\node_modules\\router\\index.js:342:13)\n    at D:\\Restaurant\\restaurant-portal\\backend\\node_modules\\router\\index.js:297:9\n    at processParams (D:\\Restaurant\\restaurant-portal\\backend\\node_modules\\router\\index.js:582:12)\n    at next (D:\\Restaurant\\restaurant-portal\\backend\\node_modules\\router\\index.js:291:5)\n    at read (D:\\Restaurant\\restaurant-portal\\backend\\node_modules\\body-parser\\lib\\read.js:42:5)\n    at urlencodedParser (D:\\Restaurant\\restaurant-portal\\backend\\node_modules\\body-parser\\lib\\types\\urlencoded.js:51:5)","timestamp":"2026-08-04 14:23:06","url":"/api/auth/login"}
{"ip":"::1","level":"debug","message":"POST /api/auth/login 500","timestamp":"2026-08-04 14:23:06"}
{"level":"error","message":"Cannot set property query of #<IncomingMessage> which has only a getter","stack":"TypeError: Cannot set property query of #<IncomingMessage> which has only a getter\n    at D:\\Restaurant\\restaurant-portal\\backend\\node_modules\\express-mongo-sanitize\\index.js:113:18\n    at Array.forEach (<anonymous>)\n    at D:\\Restaurant\\restaurant-portal\\backend\\node_modules\\express-mongo-sanitize\\index.js:110:44\n    at Layer.handleRequest (D:\\Restaurant\\restaurant-portal\\backend\\node_modules\\router\\lib\\layer.js:152:17)\n    at trimPrefix (D:\\Restaurant\\restaurant-portal\\backend\\node_modules\\router\\index.js:342:13)\n    at D:\\Restaurant\\restaurant-portal\\backend\\node_modules\\router\\index.js:297:9\n    at processParams (D:\\Restaurant\\restaurant-portal\\backend\\node_modules\\router\\index.js:582:12)\n    at next (D:\\Restaurant\\restaurant-portal\\backend\\node_modules\\router\\index.js:291:5)\n    at read (D:\\Restaurant\\restaurant-portal\\backend\\node_modules\\body-parser\\lib\\read.js:42:5)\n    at urlencodedParser (D:\\Restaurant\\restaurant-portal\\backend\\node_modules\\body-parser\\lib\\types\\urlencoded.js:51:5)","timestamp":"2026-08-04 14:23:06","url":"/api/auth/login"}
{"ip":"::1","level":"debug","message":"POST /api/auth/login 500","timestamp":"2026-08-04 14:23:06"}
{"ip":"::1","level":"debug","message":"OPTIONS /api/auth/login 204","timestamp":"2026-08-04 14:23:31"}
{"level":"error","message":"Cannot set property query of #<IncomingMessage> which has only a getter","stack":"TypeError: Cannot set property query of #<IncomingMessage> which has only a getter\n    at D:\\Restaurant\\restaurant-portal\\backend\\node_modules\\express-mongo-sanitize\\index.js:113:18\n    at Array.forEach (<anonymous>)\n    at D:\\Restaurant\\restaurant-portal\\backend\\node_modules\\express-mongo-sanitize\\index.js:110:44\n    at Layer.handleRequest (D:\\Restaurant\\restaurant-portal\\backend\\node_modules\\router\\lib\\layer.js:152:17)\n    at trimPrefix (D:\\Restaurant\\restaurant-portal\\backend\\node_modules\\router\\index.js:342:13)\n    at D:\\Restaurant\\restaurant-portal\\backend\\node_modules\\router\\index.js:297:9\n    at processParams (D:\\Restaurant\\restaurant-portal\\backend\\node_modules\\router\\index.js:582:12)\n    at next (D:\\Restaurant\\restaurant-portal\\backend\\node_modules\\router\\index.js:291:5)\n    at read (D:\\Restaurant\\restaurant-portal\\backend\\node_modules\\body-parser\\lib\\read.js:42:5)\n    at urlencodedParser (D:\\Restaurant\\restaurant-portal\\backend\\node_modules\\body-parser\\lib\\types\\urlencoded.js:51:5)","timestamp":"2026-08-04 14:23:31","url":"/api/auth/login"}
{"ip":"::1","level":"debug","message":"POST /api/auth/login 500","timestamp":"2026-08-04 14:23:31"}
{"level":"error","message":"Cannot set property query of #<IncomingMessage> which has only a getter","stack":"TypeError: Cannot set property query of #<IncomingMessage> which has only a getter\n    at D:\\Restaurant\\restaurant-portal\\backend\\node_modules\\express-mongo-sanitize\\index.js:113:18\n    at Array.forEach (<anonymous>)\n    at D:\\Restaurant\\restaurant-portal\\backend\\node_modules\\express-mongo-sanitize\\index.js:110:44\n    at Layer.handleRequest (D:\\Restaurant\\restaurant-portal\\backend\\node_modules\\router\\lib\\layer.js:152:17)\n    at trimPrefix (D:\\Restaurant\\restaurant-portal\\backend\\node_modules\\router\\index.js:342:13)\n    at D:\\Restaurant\\restaurant-portal\\backend\\node_modules\\router\\index.js:297:9\n    at processParams (D:\\Restaurant\\restaurant-portal\\backend\\node_modules\\router\\index.js:582:12)\n    at next (D:\\Restaurant\\restaurant-portal\\backend\\node_modules\\router\\index.js:291:5)\n    at read (D:\\Restaurant\\restaurant-portal\\backend\\node_modules\\body-parser\\lib\\read.js:42:5)\n    at urlencodedParser (D:\\Restaurant\\restaurant-portal\\backend\\node_modules\\body-parser\\lib\\types\\urlencoded.js:51:5)","timestamp":"2026-08-04 14:23:32","url":"/api/auth/login"}
{"ip":"::1","level":"debug","message":"POST /api/auth/login 500","timestamp":"2026-08-04 14:23:32"}
{"ip":"::1","level":"debug","message":"OPTIONS /api/auth/login 204","timestamp":"2026-08-04 14:23:47"}
{"level":"error","message":"Cannot set property query of #<IncomingMessage> which has only a getter","stack":"TypeError: Cannot set property query of #<IncomingMessage> which has only a getter\n    at D:\\Restaurant\\restaurant-portal\\backend\\node_modules\\express-mongo-sanitize\\index.js:113:18\n    at Array.forEach (<anonymous>)\n    at D:\\Restaurant\\restaurant-portal\\backend\\node_modules\\express-mongo-sanitize\\index.js:110:44\n    at Layer.handleRequest (D:\\Restaurant\\restaurant-portal\\backend\\node_modules\\router\\lib\\layer.js:152:17)\n    at trimPrefix (D:\\Restaurant\\restaurant-portal\\backend\\node_modules\\router\\index.js:342:13)\n    at D:\\Restaurant\\restaurant-portal\\backend\\node_modules\\router\\index.js:297:9\n    at processParams (D:\\Restaurant\\restaurant-portal\\backend\\node_modules\\router\\index.js:582:12)\n    at next (D:\\Restaurant\\restaurant-portal\\backend\\node_modules\\router\\index.js:291:5)\n    at read (D:\\Restaurant\\restaurant-portal\\backend\\node_modules\\body-parser\\lib\\read.js:42:5)\n    at urlencodedParser (D:\\Restaurant\\restaurant-portal\\backend\\node_modules\\body-parser\\lib\\types\\urlencoded.js:51:5)","timestamp":"2026-08-04 14:23:47","url":"/api/auth/login"}
{"ip":"::1","level":"debug","message":"POST /api/auth/login 500","timestamp":"2026-08-04 14:23:47"}
{"level":"info","message":"🚀 Server running on port 5000","timestamp":"2026-08-04 14:23:59"}
{"ip":"::1","level":"debug","message":"OPTIONS /api/auth/login 204","timestamp":"2026-08-04 14:25:18"}
{"level":"error","message":"Cannot set property query of #<IncomingMessage> which has only a getter","stack":"TypeError: Cannot set property query of #<IncomingMessage> which has only a getter\n    at D:\\Restaurant\\restaurant-portal\\backend\\node_modules\\express-mongo-sanitize\\index.js:113:18\n    at Array.forEach (<anonymous>)\n    at D:\\Restaurant\\restaurant-portal\\backend\\node_modules\\express-mongo-sanitize\\index.js:110:44\n    at Layer.handleRequest (D:\\Restaurant\\restaurant-portal\\backend\\node_modules\\router\\lib\\layer.js:152:17)\n    at trimPrefix (D:\\Restaurant\\restaurant-portal\\backend\\node_modules\\router\\index.js:342:13)\n    at D:\\Restaurant\\restaurant-portal\\backend\\node_modules\\router\\index.js:297:9\n    at processParams (D:\\Restaurant\\restaurant-portal\\backend\\node_modules\\router\\index.js:582:12)\n    at next (D:\\Restaurant\\restaurant-portal\\backend\\node_modules\\router\\index.js:291:5)\n    at read (D:\\Restaurant\\restaurant-portal\\backend\\node_modules\\body-parser\\lib\\read.js:42:5)\n    at urlencodedParser (D:\\Restaurant\\restaurant-portal\\backend\\node_modules\\body-parser\\lib\\types\\urlencoded.js:51:5)","timestamp":"2026-08-04 14:25:18","url":"/api/auth/login"}
{"ip":"::1","level":"debug","message":"POST /api/auth/login 500","timestamp":"2026-08-04 14:25:18"}
{"ip":"::1","level":"debug","message":"OPTIONS /api/auth/login 204","timestamp":"2026-08-04 14:26:02"}
{"level":"error","message":"Cannot set property query of #<IncomingMessage> which has only a getter","stack":"TypeError: Cannot set property query of #<IncomingMessage> which has only a getter\n    at D:\\Restaurant\\restaurant-portal\\backend\\node_modules\\express-mongo-sanitize\\index.js:113:18\n    at Array.forEach (<anonymous>)\n    at D:\\Restaurant\\restaurant-portal\\backend\\node_modules\\express-mongo-sanitize\\index.js:110:44\n    at Layer.handleRequest (D:\\Restaurant\\restaurant-portal\\backend\\node_modules\\router\\lib\\layer.js:152:17)\n    at trimPrefix (D:\\Restaurant\\restaurant-portal\\backend\\node_modules\\router\\index.js:342:13)\n    at D:\\Restaurant\\restaurant-portal\\backend\\node_modules\\router\\index.js:297:9\n    at processParams (D:\\Restaurant\\restaurant-portal\\backend\\node_modules\\router\\index.js:582:12)\n    at next (D:\\Restaurant\\restaurant-portal\\backend\\node_modules\\router\\index.js:291:5)\n    at read (D:\\Restaurant\\restaurant-portal\\backend\\node_modules\\body-parser\\lib\\read.js:42:5)\n    at urlencodedParser (D:\\Restaurant\\restaurant-portal\\backend\\node_modules\\body-parser\\lib\\types\\urlencoded.js:51:5)","timestamp":"2026-08-04 14:26:02","url":"/api/auth/login"}
{"ip":"::1","level":"debug","message":"POST /api/auth/login 500","timestamp":"2026-08-04 14:26:02"}
{"level":"error","message":"Cannot set property query of #<IncomingMessage> which has only a getter","stack":"TypeError: Cannot set property query of #<IncomingMessage> which has only a getter\n    at D:\\Restaurant\\restaurant-portal\\backend\\node_modules\\express-mongo-sanitize\\index.js:113:18\n    at Array.forEach (<anonymous>)\n    at D:\\Restaurant\\restaurant-portal\\backend\\node_modules\\express-mongo-sanitize\\index.js:110:44\n    at Layer.handleRequest (D:\\Restaurant\\restaurant-portal\\backend\\node_modules\\router\\lib\\layer.js:152:17)\n    at trimPrefix (D:\\Restaurant\\restaurant-portal\\backend\\node_modules\\router\\index.js:342:13)\n    at D:\\Restaurant\\restaurant-portal\\backend\\node_modules\\router\\index.js:297:9\n    at processParams (D:\\Restaurant\\restaurant-portal\\backend\\node_modules\\router\\index.js:582:12)\n    at next (D:\\Restaurant\\restaurant-portal\\backend\\node_modules\\router\\index.js:291:5)\n    at read (D:\\Restaurant\\restaurant-portal\\backend\\node_modules\\body-parser\\lib\\read.js:42:5)\n    at urlencodedParser (D:\\Restaurant\\restaurant-portal\\backend\\node_modules\\body-parser\\lib\\types\\urlencoded.js:51:5)","timestamp":"2026-08-04 14:26:02","url":"/api/auth/login"}
{"ip":"::1","level":"debug","message":"POST /api/auth/login 500","timestamp":"2026-08-04 14:26:02"}
{"level":"error","message":"Cannot set property query of #<IncomingMessage> which has only a getter","stack":"TypeError: Cannot set property query of #<IncomingMessage> which has only a getter\n    at D:\\Restaurant\\restaurant-portal\\backend\\node_modules\\express-mongo-sanitize\\index.js:113:18\n    at Array.forEach (<anonymous>)\n    at D:\\Restaurant\\restaurant-portal\\backend\\node_modules\\express-mongo-sanitize\\index.js:110:44\n    at Layer.handleRequest (D:\\Restaurant\\restaurant-portal\\backend\\node_modules\\router\\lib\\layer.js:152:17)\n    at trimPrefix (D:\\Restaurant\\restaurant-portal\\backend\\node_modules\\router\\index.js:342:13)\n    at D:\\Restaurant\\restaurant-portal\\backend\\node_modules\\router\\index.js:297:9\n    at processParams (D:\\Restaurant\\restaurant-portal\\backend\\node_modules\\router\\index.js:582:12)\n    at next (D:\\Restaurant\\restaurant-portal\\backend\\node_modules\\router\\index.js:291:5)\n    at read (D:\\Restaurant\\restaurant-portal\\backend\\node_modules\\body-parser\\lib\\read.js:42:5)\n    at urlencodedParser (D:\\Restaurant\\restaurant-portal\\backend\\node_modules\\body-parser\\lib\\types\\urlencoded.js:51:5)","timestamp":"2026-08-04 14:26:02","url":"/api/auth/login"}
{"ip":"::1","level":"debug","message":"POST /api/auth/login 500","timestamp":"2026-08-04 14:26:02"}
{"level":"error","message":"Cannot set property query of #<IncomingMessage> which has only a getter","stack":"TypeError: Cannot set property query of #<IncomingMessage> which has only a getter\n    at D:\\Restaurant\\restaurant-portal\\backend\\node_modules\\express-mongo-sanitize\\index.js:113:18\n    at Array.forEach (<anonymous>)\n    at D:\\Restaurant\\restaurant-portal\\backend\\node_modules\\express-mongo-sanitize\\index.js:110:44\n    at Layer.handleRequest (D:\\Restaurant\\restaurant-portal\\backend\\node_modules\\router\\lib\\layer.js:152:17)\n    at trimPrefix (D:\\Restaurant\\restaurant-portal\\backend\\node_modules\\router\\index.js:342:13)\n    at D:\\Restaurant\\restaurant-portal\\backend\\node_modules\\router\\index.js:297:9\n    at processParams (D:\\Restaurant\\restaurant-portal\\backend\\node_modules\\router\\index.js:582:12)\n    at next (D:\\Restaurant\\restaurant-portal\\backend\\node_modules\\router\\index.js:291:5)\n    at read (D:\\Restaurant\\restaurant-portal\\backend\\node_modules\\body-parser\\lib\\read.js:42:5)\n    at urlencodedParser (D:\\Restaurant\\restaurant-portal\\backend\\node_modules\\body-parser\\lib\\types\\urlencoded.js:51:5)","timestamp":"2026-08-04 14:26:03","url":"/api/auth/login"}
{"ip":"::1","level":"debug","message":"POST /api/auth/login 500","timestamp":"2026-08-04 14:26:03"}
{"ip":"::1","level":"debug","message":"OPTIONS /api/auth/signup 204","timestamp":"2026-08-04 14:26:23"}
{"level":"error","message":"Cannot set property query of #<IncomingMessage> which has only a getter","stack":"TypeError: Cannot set property query of #<IncomingMessage> which has only a getter\n    at D:\\Restaurant\\restaurant-portal\\backend\\node_modules\\express-mongo-sanitize\\index.js:113:18\n    at Array.forEach (<anonymous>)\n    at D:\\Restaurant\\restaurant-portal\\backend\\node_modules\\express-mongo-sanitize\\index.js:110:44\n    at Layer.handleRequest (D:\\Restaurant\\restaurant-portal\\backend\\node_modules\\router\\lib\\layer.js:152:17)\n    at trimPrefix (D:\\Restaurant\\restaurant-portal\\backend\\node_modules\\router\\index.js:342:13)\n    at D:\\Restaurant\\restaurant-portal\\backend\\node_modules\\router\\index.js:297:9\n    at processParams (D:\\Restaurant\\restaurant-portal\\backend\\node_modules\\router\\index.js:582:12)\n    at next (D:\\Restaurant\\restaurant-portal\\backend\\node_modules\\router\\index.js:291:5)\n    at read (D:\\Restaurant\\restaurant-portal\\backend\\node_modules\\body-parser\\lib\\read.js:42:5)\n    at urlencodedParser (D:\\Restaurant\\restaurant-portal\\backend\\node_modules\\body-parser\\lib\\types\\urlencoded.js:51:5)","timestamp":"2026-08-04 14:26:23","url":"/api/auth/signup"}
{"ip":"::1","level":"debug","message":"POST /api/auth/signup 500","timestamp":"2026-08-04 14:26:23"}
{"level":"error","message":"Cannot set property query of #<IncomingMessage> which has only a getter","stack":"TypeError: Cannot set property query of #<IncomingMessage> which has only a getter\n    at D:\\Restaurant\\restaurant-portal\\backend\\node_modules\\express-mongo-sanitize\\index.js:113:18\n    at Array.forEach (<anonymous>)\n    at D:\\Restaurant\\restaurant-portal\\backend\\node_modules\\express-mongo-sanitize\\index.js:110:44\n    at Layer.handleRequest (D:\\Restaurant\\restaurant-portal\\backend\\node_modules\\router\\lib\\layer.js:152:17)\n    at trimPrefix (D:\\Restaurant\\restaurant-portal\\backend\\node_modules\\router\\index.js:342:13)\n    at D:\\Restaurant\\restaurant-portal\\backend\\node_modules\\router\\index.js:297:9\n    at processParams (D:\\Restaurant\\restaurant-portal\\backend\\node_modules\\router\\index.js:582:12)\n    at next (D:\\Restaurant\\restaurant-portal\\backend\\node_modules\\router\\index.js:291:5)\n    at read (D:\\Restaurant\\restaurant-portal\\backend\\node_modules\\body-parser\\lib\\read.js:42:5)\n    at urlencodedParser (D:\\Restaurant\\restaurant-portal\\backend\\node_modules\\body-parser\\lib\\types\\urlencoded.js:51:5)","timestamp":"2026-08-04 14:26:25","url":"/api/auth/signup"}
{"ip":"::1","level":"debug","message":"POST /api/auth/signup 500","timestamp":"2026-08-04 14:26:25"}
{"ip":"::1","level":"debug","message":"OPTIONS /api/auth/signup 204","timestamp":"2026-08-04 14:27:05"}
{"level":"error","message":"Cannot set property query of #<IncomingMessage> which has only a getter","stack":"TypeError: Cannot set property query of #<IncomingMessage> which has only a getter\n    at D:\\Restaurant\\restaurant-portal\\backend\\node_modules\\express-mongo-sanitize\\index.js:113:18\n    at Array.forEach (<anonymous>)\n    at D:\\Restaurant\\restaurant-portal\\backend\\node_modules\\express-mongo-sanitize\\index.js:110:44\n    at Layer.handleRequest (D:\\Restaurant\\restaurant-portal\\backend\\node_modules\\router\\lib\\layer.js:152:17)\n    at trimPrefix (D:\\Restaurant\\restaurant-portal\\backend\\node_modules\\router\\index.js:342:13)\n    at D:\\Restaurant\\restaurant-portal\\backend\\node_modules\\router\\index.js:297:9\n    at processParams (D:\\Restaurant\\restaurant-portal\\backend\\node_modules\\router\\index.js:582:12)\n    at next (D:\\Restaurant\\restaurant-portal\\backend\\node_modules\\router\\index.js:291:5)\n    at read (D:\\Restaurant\\restaurant-portal\\backend\\node_modules\\body-parser\\lib\\read.js:42:5)\n    at urlencodedParser (D:\\Restaurant\\restaurant-portal\\backend\\node_modules\\body-parser\\lib\\types\\urlencoded.js:51:5)","timestamp":"2026-08-04 14:27:05","url":"/api/auth/signup"}
{"ip":"::1","level":"debug","message":"POST /api/auth/signup 500","timestamp":"2026-08-04 14:27:05"}
{"level":"error","message":"Cannot set property query of #<IncomingMessage> which has only a getter","stack":"TypeError: Cannot set property query of #<IncomingMessage> which has only a getter\n    at D:\\Restaurant\\restaurant-portal\\backend\\node_modules\\express-mongo-sanitize\\index.js:113:18\n    at Array.forEach (<anonymous>)\n    at D:\\Restaurant\\restaurant-portal\\backend\\node_modules\\express-mongo-sanitize\\index.js:110:44\n    at Layer.handleRequest (D:\\Restaurant\\restaurant-portal\\backend\\node_modules\\router\\lib\\layer.js:152:17)\n    at trimPrefix (D:\\Restaurant\\restaurant-portal\\backend\\node_modules\\router\\index.js:342:13)\n    at D:\\Restaurant\\restaurant-portal\\backend\\node_modules\\router\\index.js:297:9\n    at processParams (D:\\Restaurant\\restaurant-portal\\backend\\node_modules\\router\\index.js:582:12)\n    at next (D:\\Restaurant\\restaurant-portal\\backend\\node_modules\\router\\index.js:291:5)\n    at read (D:\\Restaurant\\restaurant-portal\\backend\\node_modules\\body-parser\\lib\\read.js:42:5)\n    at urlencodedParser (D:\\Restaurant\\restaurant-portal\\backend\\node_modules\\body-parser\\lib\\types\\urlencoded.js:51:5)","timestamp":"2026-08-04 14:27:05","url":"/api/auth/signup"}
{"ip":"::1","level":"debug","message":"POST /api/auth/signup 500","timestamp":"2026-08-04 14:27:05"}
{"ip":"::1","level":"debug","message":"OPTIONS /api/auth/signup 204","timestamp":"2026-08-04 14:27:16"}
{"level":"error","message":"Cannot set property query of #<IncomingMessage> which has only a getter","stack":"TypeError: Cannot set property query of #<IncomingMessage> which has only a getter\n    at D:\\Restaurant\\restaurant-portal\\backend\\node_modules\\express-mongo-sanitize\\index.js:113:18\n    at Array.forEach (<anonymous>)\n    at D:\\Restaurant\\restaurant-portal\\backend\\node_modules\\express-mongo-sanitize\\index.js:110:44\n    at Layer.handleRequest (D:\\Restaurant\\restaurant-portal\\backend\\node_modules\\router\\lib\\layer.js:152:17)\n    at trimPrefix (D:\\Restaurant\\restaurant-portal\\backend\\node_modules\\router\\index.js:342:13)\n    at D:\\Restaurant\\restaurant-portal\\backend\\node_modules\\router\\index.js:297:9\n    at processParams (D:\\Restaurant\\restaurant-portal\\backend\\node_modules\\router\\index.js:582:12)\n    at next (D:\\Restaurant\\restaurant-portal\\backend\\node_modules\\router\\index.js:291:5)\n    at read (D:\\Restaurant\\restaurant-portal\\backend\\node_modules\\body-parser\\lib\\read.js:42:5)\n    at urlencodedParser (D:\\Restaurant\\restaurant-portal\\backend\\node_modules\\body-parser\\lib\\types\\urlencoded.js:51:5)","timestamp":"2026-08-04 14:27:16","url":"/api/auth/signup"}
{"ip":"::1","level":"debug","message":"POST /api/auth/signup 500","timestamp":"2026-08-04 14:27:16"}
{"level":"error","message":"Cannot set property query of #<IncomingMessage> which has only a getter","stack":"TypeError: Cannot set property query of #<IncomingMessage> which has only a getter\n    at D:\\Restaurant\\restaurant-portal\\backend\\node_modules\\express-mongo-sanitize\\index.js:113:18\n    at Array.forEach (<anonymous>)\n    at D:\\Restaurant\\restaurant-portal\\backend\\node_modules\\express-mongo-sanitize\\index.js:110:44\n    at Layer.handleRequest (D:\\Restaurant\\restaurant-portal\\backend\\node_modules\\router\\lib\\layer.js:152:17)\n    at trimPrefix (D:\\Restaurant\\restaurant-portal\\backend\\node_modules\\router\\index.js:342:13)\n    at D:\\Restaurant\\restaurant-portal\\backend\\node_modules\\router\\index.js:297:9\n    at processParams (D:\\Restaurant\\restaurant-portal\\backend\\node_modules\\router\\index.js:582:12)\n    at next (D:\\Restaurant\\restaurant-portal\\backend\\node_modules\\router\\index.js:291:5)\n    at read (D:\\Restaurant\\restaurant-portal\\backend\\node_modules\\body-parser\\lib\\read.js:42:5)\n    at urlencodedParser (D:\\Restaurant\\restaurant-portal\\backend\\node_modules\\body-parser\\lib\\types\\urlencoded.js:51:5)","timestamp":"2026-08-04 14:27:16","url":"/api/auth/signup"}
{"ip":"::1","level":"debug","message":"POST /api/auth/signup 500","timestamp":"2026-08-04 14:27:16"}
{"level":"error","message":"Cannot set property query of #<IncomingMessage> which has only a getter","stack":"TypeError: Cannot set property query of #<IncomingMessage> which has only a getter\n    at D:\\Restaurant\\restaurant-portal\\backend\\node_modules\\express-mongo-sanitize\\index.js:113:18\n    at Array.forEach (<anonymous>)\n    at D:\\Restaurant\\restaurant-portal\\backend\\node_modules\\express-mongo-sanitize\\index.js:110:44\n    at Layer.handleRequest (D:\\Restaurant\\restaurant-portal\\backend\\node_modules\\router\\lib\\layer.js:152:17)\n    at trimPrefix (D:\\Restaurant\\restaurant-portal\\backend\\node_modules\\router\\index.js:342:13)\n    at D:\\Restaurant\\restaurant-portal\\backend\\node_modules\\router\\index.js:297:9\n    at processParams (D:\\Restaurant\\restaurant-portal\\backend\\node_modules\\router\\index.js:582:12)\n    at next (D:\\Restaurant\\restaurant-portal\\backend\\node_modules\\router\\index.js:291:5)\n    at read (D:\\Restaurant\\restaurant-portal\\backend\\node_modules\\body-parser\\lib\\read.js:42:5)\n    at urlencodedParser (D:\\Restaurant\\restaurant-portal\\backend\\node_modules\\body-parser\\lib\\types\\urlencoded.js:51:5)","timestamp":"2026-08-04 14:27:17","url":"/api/auth/signup"}
{"ip":"::1","level":"debug","message":"POST /api/auth/signup 500","timestamp":"2026-08-04 14:27:17"}
{"level":"error","message":"Cannot set property query of #<IncomingMessage> which has only a getter","stack":"TypeError: Cannot set property query of #<IncomingMessage> which has only a getter\n    at D:\\Restaurant\\restaurant-portal\\backend\\node_modules\\express-mongo-sanitize\\index.js:113:18\n    at Array.forEach (<anonymous>)\n    at D:\\Restaurant\\restaurant-portal\\backend\\node_modules\\express-mongo-sanitize\\index.js:110:44\n    at Layer.handleRequest (D:\\Restaurant\\restaurant-portal\\backend\\node_modules\\router\\lib\\layer.js:152:17)\n    at trimPrefix (D:\\Restaurant\\restaurant-portal\\backend\\node_modules\\router\\index.js:342:13)\n    at D:\\Restaurant\\restaurant-portal\\backend\\node_modules\\router\\index.js:297:9\n    at processParams (D:\\Restaurant\\restaurant-portal\\backend\\node_modules\\router\\index.js:582:12)\n    at next (D:\\Restaurant\\restaurant-portal\\backend\\node_modules\\router\\index.js:291:5)\n    at read (D:\\Restaurant\\restaurant-portal\\backend\\node_modules\\body-parser\\lib\\read.js:53:5)\n    at urlencodedParser (D:\\Restaurant\\restaurant-portal\\backend\\node_modules\\body-parser\\lib\\types\\urlencoded.js:51:5)","timestamp":"2026-08-04 14:27:49","url":"/api/menu/categories"}
{"ip":"::1","level":"debug","message":"GET /api/menu/categories 500","timestamp":"2026-08-04 14:27:49"}
{"level":"error","message":"Cannot set property query of #<IncomingMessage> which has only a getter","stack":"TypeError: Cannot set property query of #<IncomingMessage> which has only a getter\n    at D:\\Restaurant\\restaurant-portal\\backend\\node_modules\\express-mongo-sanitize\\index.js:113:18\n    at Array.forEach (<anonymous>)\n    at D:\\Restaurant\\restaurant-portal\\backend\\node_modules\\express-mongo-sanitize\\index.js:110:44\n    at Layer.handleRequest (D:\\Restaurant\\restaurant-portal\\backend\\node_modules\\router\\lib\\layer.js:152:17)\n    at trimPrefix (D:\\Restaurant\\restaurant-portal\\backend\\node_modules\\router\\index.js:342:13)\n    at D:\\Restaurant\\restaurant-portal\\backend\\node_modules\\router\\index.js:297:9\n    at processParams (D:\\Restaurant\\restaurant-portal\\backend\\node_modules\\router\\index.js:582:12)\n    at next (D:\\Restaurant\\restaurant-portal\\backend\\node_modules\\router\\index.js:291:5)\n    at read (D:\\Restaurant\\restaurant-portal\\backend\\node_modules\\body-parser\\lib\\read.js:53:5)\n    at urlencodedParser (D:\\Restaurant\\restaurant-portal\\backend\\node_modules\\body-parser\\lib\\types\\urlencoded.js:51:5)","timestamp":"2026-08-04 14:27:49","url":"/api/menu?"}
{"ip":"::1","level":"debug","message":"GET /api/menu? 500","timestamp":"2026-08-04 14:27:49"}
{"level":"error","message":"Cannot set property query of #<IncomingMessage> which has only a getter","stack":"TypeError: Cannot set property query of #<IncomingMessage> which has only a getter\n    at D:\\Restaurant\\restaurant-portal\\backend\\node_modules\\express-mongo-sanitize\\index.js:113:18\n    at Array.forEach (<anonymous>)\n    at D:\\Restaurant\\restaurant-portal\\backend\\node_modules\\express-mongo-sanitize\\index.js:110:44\n    at Layer.handleRequest (D:\\Restaurant\\restaurant-portal\\backend\\node_modules\\router\\lib\\layer.js:152:17)\n    at trimPrefix (D:\\Restaurant\\restaurant-portal\\backend\\node_modules\\router\\index.js:342:13)\n    at D:\\Restaurant\\restaurant-portal\\backend\\node_modules\\router\\index.js:297:9\n    at processParams (D:\\Restaurant\\restaurant-portal\\backend\\node_modules\\router\\index.js:582:12)\n    at next (D:\\Restaurant\\restaurant-portal\\backend\\node_modules\\router\\index.js:291:5)\n    at read (D:\\Restaurant\\restaurant-portal\\backend\\node_modules\\body-parser\\lib\\read.js:53:5)\n    at urlencodedParser (D:\\Restaurant\\restaurant-portal\\backend\\node_modules\\body-parser\\lib\\types\\urlencoded.js:51:5)","timestamp":"2026-08-04 14:27:49","url":"/api/menu/categories"}
{"ip":"::1","level":"debug","message":"GET /api/menu/categories 500","timestamp":"2026-08-04 14:27:49"}
{"level":"error","message":"Cannot set property query of #<IncomingMessage> which has only a getter","stack":"TypeError: Cannot set property query of #<IncomingMessage> which has only a getter\n    at D:\\Restaurant\\restaurant-portal\\backend\\node_modules\\express-mongo-sanitize\\index.js:113:18\n    at Array.forEach (<anonymous>)\n    at D:\\Restaurant\\restaurant-portal\\backend\\node_modules\\express-mongo-sanitize\\index.js:110:44\n    at Layer.handleRequest (D:\\Restaurant\\restaurant-portal\\backend\\node_modules\\router\\lib\\layer.js:152:17)\n    at trimPrefix (D:\\Restaurant\\restaurant-portal\\backend\\node_modules\\router\\index.js:342:13)\n    at D:\\Restaurant\\restaurant-portal\\backend\\node_modules\\router\\index.js:297:9\n    at processParams (D:\\Restaurant\\restaurant-portal\\backend\\node_modules\\router\\index.js:582:12)\n    at next (D:\\Restaurant\\restaurant-portal\\backend\\node_modules\\router\\index.js:291:5)\n    at read (D:\\Restaurant\\restaurant-portal\\backend\\node_modules\\body-parser\\lib\\read.js:53:5)\n    at urlencodedParser (D:\\Restaurant\\restaurant-portal\\backend\\node_modules\\body-parser\\lib\\types\\urlencoded.js:51:5)","timestamp":"2026-08-04 14:27:49","url":"/api/menu?"}
{"ip":"::1","level":"debug","message":"GET /api/menu? 500","timestamp":"2026-08-04 14:27:49"}
{"ip":"::1","level":"debug","message":"OPTIONS /api/reservations 204","timestamp":"2026-08-04 14:29:40"}
{"level":"error","message":"Cannot set property query of #<IncomingMessage> which has only a getter","stack":"TypeError: Cannot set property query of #<IncomingMessage> which has only a getter\n    at D:\\Restaurant\\restaurant-portal\\backend\\node_modules\\express-mongo-sanitize\\index.js:113:18\n    at Array.forEach (<anonymous>)\n    at D:\\Restaurant\\restaurant-portal\\backend\\node_modules\\express-mongo-sanitize\\index.js:110:44\n    at Layer.handleRequest (D:\\Restaurant\\restaurant-portal\\backend\\node_modules\\router\\lib\\layer.js:152:17)\n    at trimPrefix (D:\\Restaurant\\restaurant-portal\\backend\\node_modules\\router\\index.js:342:13)\n    at D:\\Restaurant\\restaurant-portal\\backend\\node_modules\\router\\index.js:297:9\n    at processParams (D:\\Restaurant\\restaurant-portal\\backend\\node_modules\\router\\index.js:582:12)\n    at next (D:\\Restaurant\\restaurant-portal\\backend\\node_modules\\router\\index.js:291:5)\n    at read (D:\\Restaurant\\restaurant-portal\\backend\\node_modules\\body-parser\\lib\\read.js:42:5)\n    at urlencodedParser (D:\\Restaurant\\restaurant-portal\\backend\\node_modules\\body-parser\\lib\\types\\urlencoded.js:51:5)","timestamp":"2026-08-04 14:29:40","url":"/api/reservations"}
{"ip":"::1","level":"debug","message":"POST /api/reservations 500","timestamp":"2026-08-04 14:29:40"}
{"level":"info","message":"🚀 Server running on port 5000","timestamp":"2026-08-04 14:33:03"}
{"level":"info","message":"🚀 Server running on port 5000","timestamp":"2026-08-04 14:33:03"}
{"level":"info","message":"🚀 Server running on port 5000","timestamp":"2026-08-04 14:34:01"}
{"ip":"::1","level":"debug","message":"OPTIONS /api/auth/login 204","timestamp":"2026-08-04 14:35:06"}
{"ip":"::1","level":"debug","message":"POST /api/auth/login 400","timestamp":"2026-08-04 14:35:06"}
{"ip":"::1","level":"debug","message":"OPTIONS /api/auth/signup 204","timestamp":"2026-08-04 14:35:45"}
{"ip":"::1","level":"debug","message":"POST /api/auth/signup 200","timestamp":"2026-08-04 14:35:49"}
{"ip":"::1","level":"debug","message":"OPTIONS /api/auth/logout 204","timestamp":"2026-08-04 14:36:00"}
{"ip":"::1","level":"debug","message":"POST /api/auth/logout 200","timestamp":"2026-08-04 14:36:00"}
{"ip":"::1","level":"debug","message":"OPTIONS /api/auth/login 204","timestamp":"2026-08-04 14:36:19"}
{"ip":"::1","level":"debug","message":"POST /api/auth/login 200","timestamp":"2026-08-04 14:36:19"}
{"ip":"::1","level":"debug","message":"GET /api/coupons 200","timestamp":"2026-08-04 14:36:26"}
{"ip":"::1","level":"debug","message":"GET /api/coupons 304","timestamp":"2026-08-04 14:36:26"}
{"ip":"::1","level":"debug","message":"GET /api/menu 200","timestamp":"2026-08-04 14:36:26"}
{"ip":"::1","level":"debug","message":"GET /api/menu 304","timestamp":"2026-08-04 14:36:26"}
{"ip":"::1","level":"debug","message":"OPTIONS /api/admin/stats 204","timestamp":"2026-08-04 14:36:35"}
{"ip":"::1","level":"debug","message":"GET /api/admin/stats 200","timestamp":"2026-08-04 14:36:35"}
{"ip":"::1","level":"debug","message":"OPTIONS /api/auth/me 204","timestamp":"2026-08-04 14:36:39"}
{"ip":"::1","level":"debug","message":"GET /api/auth/me 200","timestamp":"2026-08-04 14:36:39"}
{"ip":"::1","level":"debug","message":"OPTIONS /api/admin/users 204","timestamp":"2026-08-04 14:36:40"}
{"ip":"::1","level":"debug","message":"OPTIONS /api/admin/users 204","timestamp":"2026-08-04 14:36:40"}
{"ip":"::1","level":"debug","message":"GET /api/admin/users 200","timestamp":"2026-08-04 14:36:40"}
{"ip":"::1","level":"debug","message":"GET /api/admin/users 304","timestamp":"2026-08-04 14:36:40"}
{"ip":"::1","level":"debug","message":"OPTIONS /api/orders/all 204","timestamp":"2026-08-04 14:36:53"}
{"ip":"::1","level":"debug","message":"OPTIONS /api/orders/all 204","timestamp":"2026-08-04 14:36:53"}
{"ip":"::1","level":"debug","message":"GET /api/orders/all 200","timestamp":"2026-08-04 14:36:53"}
{"ip":"::1","level":"debug","message":"GET /api/orders/all 304","timestamp":"2026-08-04 14:36:53"}
{"ip":"::1","level":"debug","message":"OPTIONS /api/orders/6a716f6c94dafc7d8e3d879c/status 204","timestamp":"2026-08-04 14:37:00"}
{"ip":"::1","level":"debug","message":"PUT /api/orders/6a716f6c94dafc7d8e3d879c/status 200","timestamp":"2026-08-04 14:37:00"}
{"ip":"::1","level":"debug","message":"OPTIONS /api/orders/6a716f6c94dafc7d8e3d879c 204","timestamp":"2026-08-04 14:37:03"}
{"ip":"::1","level":"debug","message":"DELETE /api/orders/6a716f6c94dafc7d8e3d879c 200","timestamp":"2026-08-04 14:37:03"}
{"ip":"::1","level":"debug","message":"OPTIONS /api/reviews/all 204","timestamp":"2026-08-04 14:37:09"}
{"ip":"::1","level":"debug","message":"OPTIONS /api/reviews/all 204","timestamp":"2026-08-04 14:37:09"}
{"ip":"::1","level":"debug","message":"GET /api/reviews/all 200","timestamp":"2026-08-04 14:37:09"}
{"ip":"::1","level":"debug","message":"GET /api/reviews/all 304","timestamp":"2026-08-04 14:37:10"}
{"ip":"::1","level":"debug","message":"OPTIONS /api/reservations/all 204","timestamp":"2026-08-04 14:37:10"}
{"ip":"::1","level":"debug","message":"OPTIONS /api/reservations/all 204","timestamp":"2026-08-04 14:37:10"}
{"ip":"::1","level":"debug","message":"GET /api/reservations/all 200","timestamp":"2026-08-04 14:37:10"}
{"ip":"::1","level":"debug","message":"GET /api/reservations/all 304","timestamp":"2026-08-04 14:37:10"}
{"ip":"::1","level":"debug","message":"GET /api/coupons 304","timestamp":"2026-08-04 14:37:12"}
{"ip":"::1","level":"debug","message":"GET /api/menu 304","timestamp":"2026-08-04 14:37:12"}
{"ip":"::1","level":"debug","message":"GET /api/coupons 304","timestamp":"2026-08-04 14:37:12"}
{"ip":"::1","level":"debug","message":"GET /api/menu 304","timestamp":"2026-08-04 14:37:12"}
{"ip":"::1","level":"debug","message":"OPTIONS /api/admin/stats 204","timestamp":"2026-08-04 14:38:05"}
{"ip":"::1","level":"debug","message":"GET /api/admin/stats 200","timestamp":"2026-08-04 14:38:05"}
{"ip":"::1","level":"debug","message":"GET /api/menu 304","timestamp":"2026-08-04 14:38:12"}
{"ip":"::1","level":"debug","message":"GET /api/menu 304","timestamp":"2026-08-04 14:38:12"}
{"ip":"::1","level":"debug","message":"OPTIONS /api/menu/6a705907f21e525453c49412 204","timestamp":"2026-08-04 14:40:58"}
{"ip":"::1","level":"debug","message":"PUT /api/menu/6a705907f21e525453c49412 200","timestamp":"2026-08-04 14:40:58"}
{"ip":"::1","level":"debug","message":"OPTIONS /api/menu/6a706297f21e525453c49413 204","timestamp":"2026-08-04 14:41:47"}
{"ip":"::1","level":"debug","message":"PUT /api/menu/6a706297f21e525453c49413 200","timestamp":"2026-08-04 14:41:47"}
{"ip":"::1","level":"debug","message":"OPTIONS /api/menu/6a706297f21e525453c49413 204","timestamp":"2026-08-04 14:43:06"}
{"ip":"::1","level":"debug","message":"PUT /api/menu/6a706297f21e525453c49413 200","timestamp":"2026-08-04 14:43:06"}
{"ip":"::1","level":"debug","message":"OPTIONS /api/menu/6a706297f21e525453c49413 204","timestamp":"2026-08-04 14:43:22"}
{"ip":"::1","level":"debug","message":"PUT /api/menu/6a706297f21e525453c49413 200","timestamp":"2026-08-04 14:43:22"}
{"ip":"::1","level":"debug","message":"OPTIONS /api/auth/me 204","timestamp":"2026-08-04 14:45:36"}
{"ip":"::1","level":"debug","message":"GET /api/auth/me 304","timestamp":"2026-08-04 14:45:36"}
{"ip":"::1","level":"debug","message":"GET /api/menu 200","timestamp":"2026-08-04 14:45:37"}
{"ip":"::1","level":"debug","message":"GET /api/menu 304","timestamp":"2026-08-04 14:45:37"}
{"ip":"::1","level":"debug","message":"OPTIONS /api/menu/6a706297f21e525453c49413 204","timestamp":"2026-08-04 14:45:59"}
{"ip":"::1","level":"debug","message":"PUT /api/menu/6a706297f21e525453c49413 200","timestamp":"2026-08-04 14:45:59"}
{"ip":"::1","level":"debug","message":"OPTIONS /api/reviews/all 204","timestamp":"2026-08-04 14:46:18"}
{"ip":"::1","level":"debug","message":"OPTIONS /api/reviews/all 204","timestamp":"2026-08-04 14:46:18"}
{"ip":"::1","level":"debug","message":"GET /api/reviews/all 304","timestamp":"2026-08-04 14:46:18"}
{"ip":"::1","level":"debug","message":"GET /api/reviews/all 304","timestamp":"2026-08-04 14:46:18"}
{"ip":"::1","level":"debug","message":"OPTIONS /api/reviews/6a706783f21e525453c4946e 204","timestamp":"2026-08-04 14:46:30"}
{"ip":"::1","level":"debug","message":"PUT /api/reviews/6a706783f21e525453c4946e 200","timestamp":"2026-08-04 14:46:30"}
{"ip":"::1","level":"debug","message":"OPTIONS /api/auth/login 204","timestamp":"2026-08-04 14:46:38"}
{"ip":"::1","level":"debug","message":"POST /api/auth/login 200","timestamp":"2026-08-04 14:46:38"}
{"ip":"::1","level":"debug","message":"OPTIONS /api/auth/me/reservations 204","timestamp":"2026-08-04 14:46:51"}
{"ip":"::1","level":"debug","message":"OPTIONS /api/auth/me/reservations 204","timestamp":"2026-08-04 14:46:51"}
{"ip":"::1","level":"debug","message":"GET /api/auth/me/reservations 200","timestamp":"2026-08-04 14:46:51"}
{"ip":"::1","level":"debug","message":"GET /api/auth/me/reservations 304","timestamp":"2026-08-04 14:46:51"}
{"ip":"::1","level":"debug","message":"OPTIONS /api/reviews/6a706783f21e525453c4946e 204","timestamp":"2026-08-04 14:47:42"}
{"ip":"::1","level":"debug","message":"PUT /api/reviews/6a706783f21e525453c4946e 200","timestamp":"2026-08-04 14:47:42"}
{"ip":"::1","level":"debug","message":"PUT /api/reviews/6a706783f21e525453c4946e 200","timestamp":"2026-08-04 14:47:44"}
{"ip":"::1","level":"debug","message":"PUT /api/reviews/6a706783f21e525453c4946e 200","timestamp":"2026-08-04 14:47:46"}
{"ip":"::1","level":"debug","message":"PUT /api/reviews/6a706783f21e525453c4946e 200","timestamp":"2026-08-04 14:47:47"}
{"ip":"::1","level":"debug","message":"OPTIONS /api/reviews/6a706783f21e525453c4946e 204","timestamp":"2026-08-04 14:47:47"}
{"ip":"::1","level":"debug","message":"PUT /api/reviews/6a706783f21e525453c4946e 200","timestamp":"2026-08-04 14:47:47"}
{"ip":"::1","level":"debug","message":"PUT /api/reviews/6a706783f21e525453c4946e 200","timestamp":"2026-08-04 14:47:47"}
{"ip":"::1","level":"debug","message":"PUT /api/reviews/6a706783f21e525453c4946e 200","timestamp":"2026-08-04 14:47:48"}
{"ip":"::1","level":"debug","message":"PUT /api/reviews/6a706783f21e525453c4946e 200","timestamp":"2026-08-04 14:47:48"}
{"ip":"::1","level":"debug","message":"PUT /api/reviews/6a706783f21e525453c4946e 200","timestamp":"2026-08-04 14:47:48"}
{"ip":"::1","level":"debug","message":"PUT /api/reviews/6a706783f21e525453c4946e 200","timestamp":"2026-08-04 14:47:49"}
{"ip":"::1","level":"debug","message":"PUT /api/reviews/6a706783f21e525453c4946e 200","timestamp":"2026-08-04 14:47:49"}
{"ip":"::1","level":"debug","message":"PUT /api/reviews/6a706783f21e525453c4946e 200","timestamp":"2026-08-04 14:47:50"}
{"ip":"::1","level":"debug","message":"PUT /api/reviews/6a706783f21e525453c4946e 200","timestamp":"2026-08-04 14:47:50"}
{"ip":"::1","level":"debug","message":"PUT /api/reviews/6a706783f21e525453c4946e 200","timestamp":"2026-08-04 14:47:50"}
{"ip":"::1","level":"debug","message":"PUT /api/reviews/6a706783f21e525453c4946e 200","timestamp":"2026-08-04 14:47:50"}
{"ip":"::1","level":"debug","message":"PUT /api/reviews/6a706783f21e525453c4946e 200","timestamp":"2026-08-04 14:47:51"}
{"ip":"::1","level":"debug","message":"PUT /api/reviews/6a706783f21e525453c4946e 200","timestamp":"2026-08-04 14:47:51"}
{"ip":"::1","level":"debug","message":"OPTIONS /api/reviews/6a706783f21e525453c4946e 204","timestamp":"2026-08-04 14:47:53"}
{"ip":"::1","level":"debug","message":"PUT /api/reviews/6a706783f21e525453c4946e 200","timestamp":"2026-08-04 14:47:53"}
{"ip":"::1","level":"debug","message":"PUT /api/reviews/6a706783f21e525453c4946e 200","timestamp":"2026-08-04 14:47:53"}
{"ip":"::1","level":"debug","message":"PUT /api/reviews/6a706783f21e525453c4946e 200","timestamp":"2026-08-04 14:47:54"}
{"ip":"::1","level":"debug","message":"PUT /api/reviews/6a706783f21e525453c4946e 200","timestamp":"2026-08-04 14:47:54"}
{"ip":"::1","level":"debug","message":"PUT /api/reviews/6a706783f21e525453c4946e 200","timestamp":"2026-08-04 14:47:54"}
{"ip":"::1","level":"debug","message":"PUT /api/reviews/6a706783f21e525453c4946e 200","timestamp":"2026-08-04 14:47:54"}
{"ip":"::1","level":"debug","message":"PUT /api/reviews/6a706783f21e525453c4946e 200","timestamp":"2026-08-04 14:47:55"}
{"ip":"::1","level":"debug","message":"PUT /api/reviews/6a706783f21e525453c4946e 200","timestamp":"2026-08-04 14:47:55"}
{"ip":"::1","level":"debug","message":"PUT /api/reviews/6a706783f21e525453c4946e 200","timestamp":"2026-08-04 14:47:55"}
{"ip":"::1","level":"debug","message":"OPTIONS /api/auth/me/reservations 204","timestamp":"2026-08-04 14:49:02"}
{"ip":"::1","level":"debug","message":"OPTIONS /api/auth/me/reservations 204","timestamp":"2026-08-04 14:49:02"}
{"ip":"::1","level":"debug","message":"GET /api/auth/me/reservations 304","timestamp":"2026-08-04 14:49:02"}
{"ip":"::1","level":"debug","message":"GET /api/auth/me/reservations 304","timestamp":"2026-08-04 14:49:02"}
{"ip":"::1","level":"debug","message":"OPTIONS /api/orders/mine 204","timestamp":"2026-08-04 14:49:18"}
{"ip":"::1","level":"debug","message":"OPTIONS /api/orders/mine 204","timestamp":"2026-08-04 14:49:18"}
{"ip":"::1","level":"debug","message":"GET /api/orders/mine 200","timestamp":"2026-08-04 14:49:18"}
{"ip":"::1","level":"debug","message":"GET /api/orders/mine 304","timestamp":"2026-08-04 14:49:18"}
{"ip":"::1","level":"debug","message":"OPTIONS /api/orders/6a7063b8f21e525453c49415 204","timestamp":"2026-08-04 14:49:22"}
{"ip":"::1","level":"debug","message":"GET /api/orders/6a7063b8f21e525453c49415 200","timestamp":"2026-08-04 14:49:22"}
{"ip":"::1","level":"debug","message":"GET /api/orders/6a7063b8f21e525453c49415 304","timestamp":"2026-08-04 14:49:22"}
{"ip":"::1","level":"debug","message":"GET /api/menu 200","timestamp":"2026-08-04 14:49:27"}
{"ip":"::1","level":"debug","message":"GET /api/coupons 304","timestamp":"2026-08-04 14:49:27"}
{"ip":"::1","level":"debug","message":"GET /api/coupons 304","timestamp":"2026-08-04 14:49:27"}
{"ip":"::1","level":"debug","message":"GET /api/menu 304","timestamp":"2026-08-04 14:49:27"}
{"ip":"::1","level":"debug","message":"GET /api/coupons 304","timestamp":"2026-08-04 14:49:40"}
{"ip":"::1","level":"debug","message":"GET /api/menu 304","timestamp":"2026-08-04 14:49:40"}
{"ip":"::1","level":"debug","message":"GET /api/coupons 304","timestamp":"2026-08-04 14:49:40"}
{"ip":"::1","level":"debug","message":"GET /api/menu 304","timestamp":"2026-08-04 14:49:40"}
{"ip":"::1","level":"debug","message":"OPTIONS /api/orders/mine 204","timestamp":"2026-08-04 14:56:41"}
{"ip":"::1","level":"debug","message":"OPTIONS /api/orders/mine 204","timestamp":"2026-08-04 14:56:41"}
{"ip":"::1","level":"debug","message":"GET /api/orders/mine 200","timestamp":"2026-08-04 14:56:41"}
{"ip":"::1","level":"debug","message":"GET /api/orders/mine 304","timestamp":"2026-08-04 14:56:41"}
{"ip":"::1","level":"debug","message":"OPTIONS /api/admin/stats 204","timestamp":"2026-08-04 14:56:44"}
{"ip":"::1","level":"debug","message":"GET /api/admin/stats 200","timestamp":"2026-08-04 14:56:45"}
{"ip":"::1","level":"debug","message":"GET /api/menu 200","timestamp":"2026-08-04 14:56:49"}
{"ip":"::1","level":"debug","message":"GET /api/menu 304","timestamp":"2026-08-04 14:56:49"}
{"ip":"::1","level":"debug","message":"OPTIONS /api/reviews/6a706783f21e525453c4946e 204","timestamp":"2026-08-04 14:57:29"}
{"ip":"::1","level":"debug","message":"PUT /api/reviews/6a706783f21e525453c4946e 200","timestamp":"2026-08-04 14:57:29"}
{"ip":"::1","level":"debug","message":"PUT /api/reviews/6a706783f21e525453c4946e 200","timestamp":"2026-08-04 14:57:29"}
{"ip":"::1","level":"debug","message":"PUT /api/reviews/6a706783f21e525453c4946e 200","timestamp":"2026-08-04 14:57:29"}
{"ip":"::1","level":"debug","message":"PUT /api/reviews/6a706783f21e525453c4946e 200","timestamp":"2026-08-04 14:57:29"}
{"ip":"::1","level":"debug","message":"OPTIONS /api/menu/6a706297f21e525453c49413 204","timestamp":"2026-08-04 14:57:56"}
{"ip":"::1","level":"debug","message":"PUT /api/menu/6a706297f21e525453c49413 200","timestamp":"2026-08-04 14:57:56"}
{"ip":"::1","level":"debug","message":"PUT /api/menu/6a706297f21e525453c49413 200","timestamp":"2026-08-04 14:57:58"}
{"ip":"::1","level":"debug","message":"OPTIONS /api/menu/6a706297f21e525453c49413 204","timestamp":"2026-08-04 14:58:01"}
{"ip":"::1","level":"debug","message":"PUT /api/menu/6a706297f21e525453c49413 200","timestamp":"2026-08-04 14:58:01"}
{"ip":"::1","level":"debug","message":"GET /api/menu 304","timestamp":"2026-08-04 14:59:44"}
{"ip":"::1","level":"debug","message":"GET /api/menu 304","timestamp":"2026-08-04 14:59:44"}
{"ip":"::1","level":"debug","message":"OPTIONS /api/auth/me 204","timestamp":"2026-08-04 14:59:50"}
{"ip":"::1","level":"debug","message":"GET /api/auth/me 304","timestamp":"2026-08-04 14:59:51"}
{"ip":"::1","level":"debug","message":"GET /api/menu 304","timestamp":"2026-08-04 14:59:51"}
{"ip":"::1","level":"debug","message":"GET /api/menu 304","timestamp":"2026-08-04 14:59:51"}
{"ip":"::1","level":"debug","message":"OPTIONS /api/menu/6a706297f21e525453c49413 204","timestamp":"2026-08-04 15:00:03"}
{"ip":"::1","level":"debug","message":"PUT /api/menu/6a706297f21e525453c49413 200","timestamp":"2026-08-04 15:00:03"}
{"ip":"::1","level":"debug","message":"OPTIONS /api/menu/6a706297f21e525453c49413 204","timestamp":"2026-08-04 15:00:45"}
{"ip":"::1","level":"debug","message":"PUT /api/menu/6a706297f21e525453c49413 200","timestamp":"2026-08-04 15:00:45"}
{"ip":"::1","level":"debug","message":"OPTIONS /api/menu/reorder/6a6d93ad36c0e60f170ae528 204","timestamp":"2026-08-04 15:00:54"}
{"ip":"::1","level":"debug","message":"OPTIONS /api/menu/reorder/6a6d93ad36c0e60f170ae528 204","timestamp":"2026-08-04 15:00:54"}
{"ip":"::1","level":"debug","message":"GET /api/menu? 200","timestamp":"2026-08-04 15:00:54"}
{"ip":"::1","level":"debug","message":"GET /api/menu/reorder/6a6d93ad36c0e60f170ae528 200","timestamp":"2026-08-04 15:00:54"}
{"ip":"::1","level":"debug","message":"GET /api/menu/categories 200","timestamp":"2026-08-04 15:00:54"}
{"ip":"::1","level":"debug","message":"GET /api/menu? 304","timestamp":"2026-08-04 15:00:54"}
{"ip":"::1","level":"debug","message":"GET /api/menu/categories 304","timestamp":"2026-08-04 15:00:54"}
{"ip":"::1","level":"debug","message":"GET /api/menu/reorder/6a6d93ad36c0e60f170ae528 304","timestamp":"2026-08-04 15:00:54"}
{"ip":"::1","level":"debug","message":"OPTIONS /api/auth/me 204","timestamp":"2026-08-04 15:08:04"}
{"ip":"::1","level":"debug","message":"GET /api/coupons 304","timestamp":"2026-08-04 15:08:04"}
{"ip":"::1","level":"debug","message":"GET /api/auth/me 200","timestamp":"2026-08-04 15:08:04"}
{"ip":"::1","level":"debug","message":"GET /api/menu 200","timestamp":"2026-08-04 15:08:04"}
{"ip":"::1","level":"debug","message":"OPTIONS /api/auth/me 204","timestamp":"2026-08-04 15:10:29"}
{"ip":"::1","level":"debug","message":"GET /api/menu/categories 304","timestamp":"2026-08-04 15:10:30"}
{"ip":"::1","level":"debug","message":"GET /api/menu? 304","timestamp":"2026-08-04 15:10:30"}
{"ip":"::1","level":"debug","message":"GET /api/auth/me 304","timestamp":"2026-08-04 15:10:30"}
{"ip":"::1","level":"debug","message":"OPTIONS /api/menu/reorder/6a6d93ad36c0e60f170ae528 204","timestamp":"2026-08-04 15:10:30"}
{"ip":"::1","level":"debug","message":"GET /api/menu/reorder/6a6d93ad36c0e60f170ae528 304","timestamp":"2026-08-04 15:10:30"}
{"ip":"::1","level":"debug","message":"OPTIONS /api/auth/me 204","timestamp":"2026-08-04 15:12:47"}
{"ip":"::1","level":"debug","message":"GET /api/menu/categories 304","timestamp":"2026-08-04 15:12:47"}
{"ip":"::1","level":"debug","message":"GET /api/menu? 200","timestamp":"2026-08-04 15:12:47"}
{"ip":"::1","level":"debug","message":"GET /api/auth/me 304","timestamp":"2026-08-04 15:12:47"}
{"ip":"::1","level":"debug","message":"OPTIONS /api/menu/reorder/6a6d93ad36c0e60f170ae528 204","timestamp":"2026-08-04 15:12:47"}
{"ip":"::1","level":"debug","message":"GET /api/menu/reorder/6a6d93ad36c0e60f170ae528 304","timestamp":"2026-08-04 15:12:47"}
{"ip":"::1","level":"debug","message":"GET /api/menu?category=Main 200","timestamp":"2026-08-04 15:12:53"}
{"ip":"::1","level":"debug","message":"OPTIONS /api/auth/me 204","timestamp":"2026-08-04 15:13:55"}
{"ip":"::1","level":"debug","message":"GET /api/menu/categories 304","timestamp":"2026-08-04 15:13:55"}
{"ip":"::1","level":"debug","message":"GET /api/menu? 200","timestamp":"2026-08-04 15:13:55"}
{"ip":"::1","level":"debug","message":"GET /api/auth/me 304","timestamp":"2026-08-04 15:13:55"}
{"ip":"::1","level":"debug","message":"OPTIONS /api/menu/reorder/6a6d93ad36c0e60f170ae528 204","timestamp":"2026-08-04 15:13:55"}
{"ip":"::1","level":"debug","message":"GET /api/menu/reorder/6a6d93ad36c0e60f170ae528 200","timestamp":"2026-08-04 15:13:55"}
{"ip":"::1","level":"debug","message":"OPTIONS /api/admin/stats 204","timestamp":"2026-08-04 15:18:37"}
{"ip":"::1","level":"debug","message":"GET /api/admin/stats 304","timestamp":"2026-08-04 15:18:37"}
{"ip":"::1","level":"debug","message":"GET /api/menu 200","timestamp":"2026-08-04 15:18:39"}
{"ip":"::1","level":"debug","message":"GET /api/menu 304","timestamp":"2026-08-04 15:18:39"}
{"ip":"::1","level":"debug","message":"OPTIONS /api/menu/6a705907f21e525453c49412 204","timestamp":"2026-08-04 15:18:50"}
{"ip":"::1","level":"debug","message":"PUT /api/menu/6a705907f21e525453c49412 200","timestamp":"2026-08-04 15:18:50"}
{"ip":"::1","level":"debug","message":"GET /api/menu 200","timestamp":"2026-08-04 15:18:55"}
{"ip":"::1","level":"debug","message":"GET /api/coupons 304","timestamp":"2026-08-04 15:18:55"}
{"ip":"::1","level":"debug","message":"GET /api/coupons 304","timestamp":"2026-08-04 15:18:55"}
{"ip":"::1","level":"debug","message":"GET /api/menu 304","timestamp":"2026-08-04 15:18:55"}
{"ip":"::1","level":"debug","message":"OPTIONS /api/auth/me 204","timestamp":"2026-08-04 15:18:58"}
{"ip":"::1","level":"debug","message":"GET /api/coupons 304","timestamp":"2026-08-04 15:18:58"}
{"ip":"::1","level":"debug","message":"GET /api/menu 304","timestamp":"2026-08-04 15:18:58"}
{"ip":"::1","level":"debug","message":"GET /api/auth/me 304","timestamp":"2026-08-04 15:18:58"}
{"ip":"::1","level":"debug","message":"OPTIONS /api/menu/reorder/6a6d93ad36c0e60f170ae528 204","timestamp":"2026-08-04 15:19:04"}
{"ip":"::1","level":"debug","message":"GET /api/menu/categories 304","timestamp":"2026-08-04 15:19:04"}
{"ip":"::1","level":"debug","message":"GET /api/menu? 200","timestamp":"2026-08-04 15:19:04"}
{"ip":"::1","level":"debug","message":"GET /api/menu/categories 304","timestamp":"2026-08-04 15:19:04"}
{"ip":"::1","level":"debug","message":"GET /api/menu/reorder/6a6d93ad36c0e60f170ae528 304","timestamp":"2026-08-04 15:19:04"}
{"ip":"::1","level":"debug","message":"GET /api/menu? 304","timestamp":"2026-08-04 15:19:04"}
{"ip":"::1","level":"debug","message":"GET /api/menu/reorder/6a6d93ad36c0e60f170ae528 304","timestamp":"2026-08-04 15:19:05"}
{"ip":"::1","level":"debug","message":"GET /api/menu? 304","timestamp":"2026-08-04 15:20:04"}
{"ip":"::1","level":"debug","message":"OPTIONS /api/auth/me 204","timestamp":"2026-08-04 15:20:17"}
{"ip":"::1","level":"debug","message":"GET /api/menu/categories 304","timestamp":"2026-08-04 15:20:17"}
{"ip":"::1","level":"debug","message":"GET /api/menu? 304","timestamp":"2026-08-04 15:20:17"}
{"ip":"::1","level":"debug","message":"GET /api/auth/me 304","timestamp":"2026-08-04 15:20:17"}
{"ip":"::1","level":"debug","message":"OPTIONS /api/menu/reorder/6a6d93ad36c0e60f170ae528 204","timestamp":"2026-08-04 15:20:17"}
{"ip":"::1","level":"debug","message":"GET /api/menu/reorder/6a6d93ad36c0e60f170ae528 304","timestamp":"2026-08-04 15:20:17"}
{"ip":"::1","level":"debug","message":"OPTIONS /api/auth/me 204","timestamp":"2026-08-04 15:21:54"}
{"ip":"::1","level":"debug","message":"GET /api/menu/categories 304","timestamp":"2026-08-04 15:21:54"}
{"ip":"::1","level":"debug","message":"GET /api/menu? 304","timestamp":"2026-08-04 15:21:54"}
{"ip":"::1","level":"debug","message":"GET /api/auth/me 304","timestamp":"2026-08-04 15:21:54"}
{"ip":"::1","level":"debug","message":"OPTIONS /api/menu/reorder/6a6d93ad36c0e60f170ae528 204","timestamp":"2026-08-04 15:21:54"}
{"ip":"::1","level":"debug","message":"GET /api/menu/reorder/6a6d93ad36c0e60f170ae528 304","timestamp":"2026-08-04 15:21:54"}
{"ip":"::1","level":"debug","message":"OPTIONS /api/auth/me 204","timestamp":"2026-08-04 15:22:38"}
{"ip":"::1","level":"debug","message":"GET /api/menu/categories 304","timestamp":"2026-08-04 15:22:38"}
{"ip":"::1","level":"debug","message":"GET /api/menu? 304","timestamp":"2026-08-04 15:22:38"}
{"ip":"::1","level":"debug","message":"GET /api/auth/me 304","timestamp":"2026-08-04 15:22:38"}
{"ip":"::1","level":"debug","message":"OPTIONS /api/menu/reorder/6a6d93ad36c0e60f170ae528 204","timestamp":"2026-08-04 15:22:38"}
{"ip":"::1","level":"debug","message":"GET /api/menu/reorder/6a6d93ad36c0e60f170ae528 304","timestamp":"2026-08-04 15:22:38"}
{"ip":"::1","level":"debug","message":"OPTIONS /api/auth/me 204","timestamp":"2026-08-04 15:27:15"}
{"ip":"::1","level":"debug","message":"GET /api/menu/categories 304","timestamp":"2026-08-04 15:27:15"}
{"ip":"::1","level":"debug","message":"GET /api/menu? 304","timestamp":"2026-08-04 15:27:15"}
{"ip":"::1","level":"debug","message":"GET /api/auth/me 304","timestamp":"2026-08-04 15:27:15"}
{"ip":"::1","level":"debug","message":"OPTIONS /api/menu/reorder/6a6d93ad36c0e60f170ae528 204","timestamp":"2026-08-04 15:27:16"}
{"ip":"::1","level":"debug","message":"GET /api/menu/reorder/6a6d93ad36c0e60f170ae528 304","timestamp":"2026-08-04 15:27:16"}
{"ip":"::1","level":"debug","message":"OPTIONS /api/auth/me 204","timestamp":"2026-08-04 15:28:07"}
{"ip":"::1","level":"debug","message":"GET /api/menu/categories 304","timestamp":"2026-08-04 15:28:07"}
{"ip":"::1","level":"debug","message":"GET /api/menu? 304","timestamp":"2026-08-04 15:28:07"}
{"ip":"::1","level":"debug","message":"GET /api/auth/me 304","timestamp":"2026-08-04 15:28:07"}
{"ip":"::1","level":"debug","message":"OPTIONS /api/menu/reorder/6a6d93ad36c0e60f170ae528 204","timestamp":"2026-08-04 15:28:07"}
{"ip":"::1","level":"debug","message":"GET /api/menu/reorder/6a6d93ad36c0e60f170ae528 304","timestamp":"2026-08-04 15:28:07"}
{"ip":"::1","level":"debug","message":"GET /api/menu/categories 304","timestamp":"2026-08-04 15:28:10"}
{"ip":"::1","level":"debug","message":"GET /api/menu? 304","timestamp":"2026-08-04 15:28:10"}
{"ip":"::1","level":"debug","message":"GET /api/auth/me 304","timestamp":"2026-08-04 15:28:10"}
{"ip":"::1","level":"debug","message":"GET /api/menu/reorder/6a6d93ad36c0e60f170ae528 304","timestamp":"2026-08-04 15:28:10"}
{"ip":"::1","level":"debug","message":"OPTIONS /api/admin/stats 204","timestamp":"2026-08-04 15:28:27"}
{"ip":"::1","level":"debug","message":"GET /api/admin/stats 304","timestamp":"2026-08-04 15:28:27"}
{"ip":"::1","level":"debug","message":"GET /api/menu 304","timestamp":"2026-08-04 15:28:29"}
{"ip":"::1","level":"debug","message":"GET /api/menu 304","timestamp":"2026-08-04 15:28:29"}
{"ip":"::1","level":"debug","message":"GET /api/menu 304","timestamp":"2026-08-04 15:30:15"}
{"ip":"::1","level":"debug","message":"OPTIONS /api/auth/me 204","timestamp":"2026-08-04 15:30:40"}
{"ip":"::1","level":"debug","message":"GET /api/auth/me 304","timestamp":"2026-08-04 15:30:40"}
{"ip":"::1","level":"debug","message":"GET /api/menu 304","timestamp":"2026-08-04 15:30:41"}
{"ip":"::1","level":"debug","message":"GET /api/menu 304","timestamp":"2026-08-04 15:30:41"}
{"ip":"::1","level":"debug","message":"OPTIONS /api/auth/me 204","timestamp":"2026-08-04 15:32:43"}
{"ip":"::1","level":"debug","message":"GET /api/coupons 304","timestamp":"2026-08-04 15:32:43"}
{"ip":"::1","level":"debug","message":"GET /api/menu 200","timestamp":"2026-08-04 15:32:43"}
{"ip":"::1","level":"debug","message":"GET /api/auth/me 304","timestamp":"2026-08-04 15:32:43"}
{"ip":"::1","level":"debug","message":"OPTIONS /api/auth/me 204","timestamp":"2026-08-04 15:37:08"}
{"ip":"::1","level":"debug","message":"GET /api/auth/me 304","timestamp":"2026-08-04 15:37:08"}
{"ip":"::1","level":"debug","message":"GET /api/menu 304","timestamp":"2026-08-04 15:37:31"}
{"ip":"::1","level":"debug","message":"GET /api/menu 304","timestamp":"2026-08-04 15:37:31"}
{"ip":"::1","level":"debug","message":"OPTIONS /api/menu/reorder/6a6d93ad36c0e60f170ae528 204","timestamp":"2026-08-04 15:49:10"}
{"ip":"::1","level":"debug","message":"OPTIONS /api/menu/reorder/6a6d93ad36c0e60f170ae528 204","timestamp":"2026-08-04 15:49:10"}
{"ip":"::1","level":"debug","message":"GET /api/menu/categories 304","timestamp":"2026-08-04 15:49:10"}
{"ip":"::1","level":"debug","message":"GET /api/menu? 304","timestamp":"2026-08-04 15:49:10"}
{"ip":"::1","level":"debug","message":"GET /api/menu/categories 304","timestamp":"2026-08-04 15:49:11"}
{"ip":"::1","level":"debug","message":"GET /api/menu/reorder/6a6d93ad36c0e60f170ae528 304","timestamp":"2026-08-04 15:49:11"}
{"ip":"::1","level":"debug","message":"GET /api/menu? 304","timestamp":"2026-08-04 15:49:11"}
{"ip":"::1","level":"debug","message":"GET /api/menu/reorder/6a6d93ad36c0e60f170ae528 304","timestamp":"2026-08-04 15:49:11"}
{"ip":"::1","level":"debug","message":"OPTIONS /api/auth/me 204","timestamp":"2026-08-04 15:49:29"}
{"ip":"::1","level":"debug","message":"GET /api/menu/categories 304","timestamp":"2026-08-04 15:49:29"}
{"ip":"::1","level":"debug","message":"GET /api/auth/me 304","timestamp":"2026-08-04 15:49:29"}
{"ip":"::1","level":"debug","message":"GET /api/menu? 304","timestamp":"2026-08-04 15:49:29"}
{"ip":"::1","level":"debug","message":"OPTIONS /api/menu/reorder/6a6d93ad36c0e60f170ae528 204","timestamp":"2026-08-04 15:49:29"}
{"ip":"::1","level":"debug","message":"GET /api/menu/reorder/6a6d93ad36c0e60f170ae528 304","timestamp":"2026-08-04 15:49:30"}
{"ip":"::1","level":"debug","message":"OPTIONS /api/menu/reorder/6a6d93ad36c0e60f170ae528 204","timestamp":"2026-08-04 15:52:53"}
{"ip":"::1","level":"debug","message":"OPTIONS /api/menu/reorder/6a6d93ad36c0e60f170ae528 204","timestamp":"2026-08-04 15:52:53"}
{"ip":"::1","level":"debug","message":"GET /api/menu/categories 304","timestamp":"2026-08-04 15:52:53"}
{"ip":"::1","level":"debug","message":"GET /api/menu? 304","timestamp":"2026-08-04 15:52:53"}
{"ip":"::1","level":"debug","message":"GET /api/menu/categories 304","timestamp":"2026-08-04 15:52:53"}
{"ip":"::1","level":"debug","message":"GET /api/menu/reorder/6a6d93ad36c0e60f170ae528 304","timestamp":"2026-08-04 15:52:53"}
{"ip":"::1","level":"debug","message":"GET /api/menu? 304","timestamp":"2026-08-04 15:52:53"}
{"ip":"::1","level":"debug","message":"GET /api/menu/reorder/6a6d93ad36c0e60f170ae528 304","timestamp":"2026-08-04 15:52:53"}
{"ip":"::1","level":"debug","message":"OPTIONS /api/auth/me 204","timestamp":"2026-08-04 15:55:04"}
{"ip":"::1","level":"debug","message":"GET /api/auth/me 304","timestamp":"2026-08-04 15:55:04"}
{"ip":"::1","level":"debug","message":"OPTIONS /api/auth/me 204","timestamp":"2026-08-04 16:32:16"}
{"ip":"::1","level":"debug","message":"GET /api/menu/categories 304","timestamp":"2026-08-04 16:32:17"}
{"ip":"::1","level":"debug","message":"GET /api/auth/me 304","timestamp":"2026-08-04 16:32:17"}
{"ip":"::1","level":"debug","message":"GET /api/menu? 304","timestamp":"2026-08-04 16:32:17"}
{"ip":"::1","level":"debug","message":"OPTIONS /api/menu/reorder/6a6d93ad36c0e60f170ae528 204","timestamp":"2026-08-04 16:32:17"}
{"ip":"::1","level":"debug","message":"GET /api/menu/reorder/6a6d93ad36c0e60f170ae528 304","timestamp":"2026-08-04 16:32:17"}
{"ip":"::1","level":"debug","message":"OPTIONS /api/admin/stats 204","timestamp":"2026-08-04 16:32:31"}
{"ip":"::1","level":"debug","message":"GET /api/admin/stats 304","timestamp":"2026-08-04 16:32:31"}
{"ip":"::1","level":"debug","message":"GET /api/menu 304","timestamp":"2026-08-04 16:32:36"}
{"ip":"::1","level":"debug","message":"GET /api/menu 304","timestamp":"2026-08-04 16:32:36"}
{"ip":"::1","level":"debug","message":"OPTIONS /api/menu/6a705907f21e525453c49412 204","timestamp":"2026-08-04 16:32:43"}
{"ip":"::1","level":"debug","message":"PUT /api/menu/6a705907f21e525453c49412 200","timestamp":"2026-08-04 16:32:43"}
{"ip":"::1","level":"debug","message":"PUT /api/menu/6a705907f21e525453c49412 200","timestamp":"2026-08-04 16:32:44"}
{"ip":"::1","level":"debug","message":"OPTIONS /api/menu/6a706297f21e525453c49413 204","timestamp":"2026-08-04 16:33:26"}
{"ip":"::1","level":"debug","message":"PUT /api/menu/6a706297f21e525453c49413 200","timestamp":"2026-08-04 16:33:26"}
{"ip":"::1","level":"debug","message":"OPTIONS /api/menu/reorder/6a6d93ad36c0e60f170ae528 204","timestamp":"2026-08-04 16:33:30"}
{"ip":"::1","level":"debug","message":"OPTIONS /api/menu/reorder/6a6d93ad36c0e60f170ae528 204","timestamp":"2026-08-04 16:33:30"}
{"ip":"::1","level":"debug","message":"GET /api/menu/categories 304","timestamp":"2026-08-04 16:33:30"}
{"ip":"::1","level":"debug","message":"GET /api/menu? 200","timestamp":"2026-08-04 16:33:30"}
{"ip":"::1","level":"debug","message":"GET /api/menu/categories 304","timestamp":"2026-08-04 16:33:30"}
{"ip":"::1","level":"debug","message":"GET /api/menu/reorder/6a6d93ad36c0e60f170ae528 200","timestamp":"2026-08-04 16:33:30"}
{"ip":"::1","level":"debug","message":"GET /api/menu? 304","timestamp":"2026-08-04 16:33:30"}
{"ip":"::1","level":"debug","message":"GET /api/menu/reorder/6a6d93ad36c0e60f170ae528 304","timestamp":"2026-08-04 16:33:30"}
{"ip":"::1","level":"debug","message":"GET /api/menu 200","timestamp":"2026-08-04 16:33:35"}
{"ip":"::1","level":"debug","message":"GET /api/menu 304","timestamp":"2026-08-04 16:33:36"}
{"ip":"::1","level":"debug","message":"OPTIONS /api/menu/reorder/6a6d93ad36c0e60f170ae528 204","timestamp":"2026-08-04 16:33:44"}
{"ip":"::1","level":"debug","message":"OPTIONS /api/menu/reorder/6a6d93ad36c0e60f170ae528 204","timestamp":"2026-08-04 16:33:44"}
{"ip":"::1","level":"debug","message":"GET /api/menu/categories 304","timestamp":"2026-08-04 16:33:44"}
{"ip":"::1","level":"debug","message":"GET /api/menu? 304","timestamp":"2026-08-04 16:33:44"}
{"ip":"::1","level":"debug","message":"GET /api/menu/categories 304","timestamp":"2026-08-04 16:33:44"}
{"ip":"::1","level":"debug","message":"GET /api/menu/reorder/6a6d93ad36c0e60f170ae528 304","timestamp":"2026-08-04 16:33:44"}
{"ip":"::1","level":"debug","message":"GET /api/menu? 304","timestamp":"2026-08-04 16:33:44"}
{"ip":"::1","level":"debug","message":"GET /api/menu/reorder/6a6d93ad36c0e60f170ae528 304","timestamp":"2026-08-04 16:33:44"}
{"ip":"::1","level":"debug","message":"OPTIONS /api/auth/me 204","timestamp":"2026-08-04 16:33:46"}
{"ip":"::1","level":"debug","message":"GET /api/menu/categories 304","timestamp":"2026-08-04 16:33:46"}
{"ip":"::1","level":"debug","message":"GET /api/menu? 304","timestamp":"2026-08-04 16:33:46"}
{"ip":"::1","level":"debug","message":"GET /api/auth/me 304","timestamp":"2026-08-04 16:33:46"}
{"ip":"::1","level":"debug","message":"GET /api/menu/reorder/6a6d93ad36c0e60f170ae528 304","timestamp":"2026-08-04 16:33:47"}
{"ip":"::1","level":"debug","message":"GET /api/menu 304","timestamp":"2026-08-04 16:33:52"}
{"ip":"::1","level":"debug","message":"GET /api/menu 304","timestamp":"2026-08-04 16:33:52"}
{"ip":"::1","level":"debug","message":"OPTIONS /api/menu/6a706297f21e525453c49413 204","timestamp":"2026-08-04 16:33:53"}
{"ip":"::1","level":"debug","message":"PUT /api/menu/6a706297f21e525453c49413 200","timestamp":"2026-08-04 16:33:54"}
{"ip":"::1","level":"debug","message":"OPTIONS /api/admin/stats 204","timestamp":"2026-08-04 16:33:56"}
{"ip":"::1","level":"debug","message":"GET /api/admin/stats 304","timestamp":"2026-08-04 16:33:56"}
{"ip":"::1","level":"debug","message":"GET /api/menu 200","timestamp":"2026-08-04 16:33:57"}
{"ip":"::1","level":"debug","message":"GET /api/menu 304","timestamp":"2026-08-04 16:33:57"}
{"ip":"::1","level":"debug","message":"OPTIONS /api/menu/reorder/6a6d93ad36c0e60f170ae528 204","timestamp":"2026-08-04 16:33:57"}
{"ip":"::1","level":"debug","message":"OPTIONS /api/menu/reorder/6a6d93ad36c0e60f170ae528 204","timestamp":"2026-08-04 16:33:58"}
{"ip":"::1","level":"debug","message":"GET /api/menu? 200","timestamp":"2026-08-04 16:33:58"}
{"ip":"::1","level":"debug","message":"GET /api/menu/categories 304","timestamp":"2026-08-04 16:33:58"}
{"ip":"::1","level":"debug","message":"GET /api/menu/reorder/6a6d93ad36c0e60f170ae528 200","timestamp":"2026-08-04 16:33:58"}
{"ip":"::1","level":"debug","message":"GET /api/menu/categories 304","timestamp":"2026-08-04 16:33:58"}
{"ip":"::1","level":"debug","message":"GET /api/menu? 304","timestamp":"2026-08-04 16:33:58"}
{"ip":"::1","level":"debug","message":"GET /api/menu/reorder/6a6d93ad36c0e60f170ae528 304","timestamp":"2026-08-04 16:33:58"}
{"ip":"::1","level":"debug","message":"GET /api/menu 304","timestamp":"2026-08-04 16:34:00"}
{"ip":"::1","level":"debug","message":"GET /api/menu 304","timestamp":"2026-08-04 16:34:00"}
{"ip":"::1","level":"debug","message":"OPTIONS /api/menu/6a705907f21e525453c49412 204","timestamp":"2026-08-04 16:38:15"}
{"ip":"::1","level":"debug","message":"PUT /api/menu/6a705907f21e525453c49412 200","timestamp":"2026-08-04 16:38:15"}
{"ip":"::1","level":"debug","message":"OPTIONS /api/auth/me 204","timestamp":"2026-08-04 16:39:00"}
{"ip":"::1","level":"debug","message":"GET /api/auth/me 304","timestamp":"2026-08-04 16:39:00"}
{"ip":"::1","level":"debug","message":"GET /api/menu 200","timestamp":"2026-08-04 16:39:00"}
{"ip":"::1","level":"debug","message":"GET /api/menu 304","timestamp":"2026-08-04 16:39:00"}
{"ip":"::1","level":"debug","message":"OPTIONS /api/menu/6a705907f21e525453c49412 204","timestamp":"2026-08-04 16:39:13"}
{"ip":"::1","level":"debug","message":"PUT /api/menu/6a705907f21e525453c49412 200","timestamp":"2026-08-04 16:39:13"}
{"ip":"::1","level":"debug","message":"OPTIONS /api/menu/6a705907f21e525453c49412 204","timestamp":"2026-08-04 16:40:01"}
{"ip":"::1","level":"debug","message":"PUT /api/menu/6a705907f21e525453c49412 200","timestamp":"2026-08-04 16:40:01"}
{"ip":"::1","level":"debug","message":"PUT /api/menu/6a705907f21e525453c49412 200","timestamp":"2026-08-04 16:40:03"}
{"ip":"::1","level":"debug","message":"OPTIONS /api/menu 204","timestamp":"2026-08-04 16:40:58"}
{"ip":"::1","level":"debug","message":"POST /api/menu 200","timestamp":"2026-08-04 16:40:58"}
{"ip":"::1","level":"debug","message":"OPTIONS /api/coupons/all 204","timestamp":"2026-08-04 16:49:00"}
{"ip":"::1","level":"debug","message":"OPTIONS /api/coupons/all 204","timestamp":"2026-08-04 16:49:00"}
{"ip":"::1","level":"debug","message":"GET /api/coupons/all 304","timestamp":"2026-08-04 16:49:00"}
{"ip":"::1","level":"debug","message":"GET /api/coupons/all 304","timestamp":"2026-08-04 16:49:00"}
{"ip":"::1","level":"debug","message":"OPTIONS /api/auth/me 204","timestamp":"2026-08-04 16:49:13"}
{"ip":"::1","level":"debug","message":"GET /api/auth/me 304","timestamp":"2026-08-04 16:49:13"}
{"ip":"::1","level":"debug","message":"OPTIONS /api/contact 204","timestamp":"2026-08-04 16:53:46"}
{"ip":"::1","level":"debug","message":"POST /api/contact 200","timestamp":"2026-08-04 16:53:46"}
{"level":"info","message":"🚀 Server running on port 5000","timestamp":"2026-08-04 17:10:10"}
{"level":"info","message":"🚀 Server running on port 5000","timestamp":"2026-08-04 17:10:13"}
{"level":"info","message":"🚀 Server running on port 5000","timestamp":"2026-08-04 17:10:14"}
{"level":"info","message":"🚀 Server running on port 5000","timestamp":"2026-08-04 17:10:41"}
{"level":"info","message":"🚀 Server running on port 5000","timestamp":"2026-08-04 17:10:41"}
{"level":"info","message":"🚀 Server running on port 5000","timestamp":"2026-08-04 17:10:42"}
{"ip":"::1","level":"debug","message":"GET / 200","timestamp":"2026-08-04 17:21:11"}
{"ip":"::1","level":"debug","message":"GET /favicon.ico 404","timestamp":"2026-08-04 17:21:11"}
{"ip":"::1","level":"debug","message":"GET / 200","timestamp":"2026-08-04 17:21:38"}
{"ip":"::1","level":"debug","message":"GET /api/menu 200","timestamp":"2026-08-04 17:21:42"}
{"ip":"::1","level":"debug","message":"GET /api/menu/categories 200","timestamp":"2026-08-04 17:21:47"}
{"ip":"::1","level":"debug","message":"GET /api/coupons 200","timestamp":"2026-08-04 17:21:48"}
{"ip":"::1","level":"debug","message":"GET /api/auth/me 401","timestamp":"2026-08-04 17:21:49"}
{"ip":"::1","level":"debug","message":"GET /api/orders/all 401","timestamp":"2026-08-04 17:21:49"}
{"ip":"::1","level":"debug","message":"GET /api/admin/stats 401","timestamp":"2026-08-04 17:21:49"}
{"ip":"::1","level":"debug","message":"GET /api/nonexistent 404","timestamp":"2026-08-04 17:21:51"}
{"ip":"::1","level":"debug","message":"OPTIONS /api/auth/me 204","timestamp":"2026-08-04 17:24:19"}
{"ip":"::1","level":"debug","message":"GET /api/auth/me 304","timestamp":"2026-08-04 17:24:19"}
{"ip":"::1","level":"debug","message":"GET /api/menu 200","timestamp":"2026-08-04 17:36:07"}
{"ip":"::1","level":"debug","message":"GET /api/admin 401","timestamp":"2026-08-04 17:36:28"}
{"ip":"::1","level":"debug","message":"GET /api/coupn 404","timestamp":"2026-08-04 17:37:03"}
{"ip":"::1","level":"debug","message":"GET /api/coupons 304","timestamp":"2026-08-04 17:37:19"}
{"ip":"::1","level":"debug","message":"GET /api/image 404","timestamp":"2026-08-04 17:37:30"}
{"ip":"::1","level":"debug","message":"GET /api/nonexistent 404","timestamp":"2026-08-04 17:37:51"}
{"ip":"::1","level":"debug","message":"GET /api/user 404","timestamp":"2026-08-04 17:38:42"}
{"level":"info","message":"🚀 Server running on port 5000","timestamp":"2026-08-04 17:39:00"}
{"level":"info","message":"🚀 Server running on port 5000","timestamp":"2026-08-04 17:39:05"}
{"level":"info","message":"🚀 Server running on port 5000","timestamp":"2026-08-04 17:39:06"}
{"level":"error","message":"Cannot set property query of #<IncomingMessage> which has only a getter","stack":"TypeError: Cannot set property query of #<IncomingMessage> which has only a getter\n    at D:\\Restaurant\\restaurant-portal\\backend\\node_modules\\express-mongo-sanitize\\index.js:113:18\n    at Array.forEach (<anonymous>)\n    at D:\\Restaurant\\restaurant-portal\\backend\\node_modules\\express-mongo-sanitize\\index.js:110:44\n    at Layer.handleRequest (D:\\Restaurant\\restaurant-portal\\backend\\node_modules\\router\\lib\\layer.js:152:17)\n    at trimPrefix (D:\\Restaurant\\restaurant-portal\\backend\\node_modules\\router\\index.js:342:13)\n    at D:\\Restaurant\\restaurant-portal\\backend\\node_modules\\router\\index.js:297:9\n    at processParams (D:\\Restaurant\\restaurant-portal\\backend\\node_modules\\router\\index.js:582:12)\n    at next (D:\\Restaurant\\restaurant-portal\\backend\\node_modules\\router\\index.js:291:5)\n    at read (D:\\Restaurant\\restaurant-portal\\backend\\node_modules\\body-parser\\lib\\read.js:53:5)\n    at urlencodedParser (D:\\Restaurant\\restaurant-portal\\backend\\node_modules\\body-parser\\lib\\types\\urlencoded.js:51:5)","timestamp":"2026-08-04 17:39:18","url":"/api/menu/categories"}
{"ip":"::1","level":"debug","message":"GET /api/menu/categories 500","timestamp":"2026-08-04 17:39:18"}
{"level":"error","message":"Cannot set property query of #<IncomingMessage> which has only a getter","stack":"TypeError: Cannot set property query of #<IncomingMessage> which has only a getter\n    at D:\\Restaurant\\restaurant-portal\\backend\\node_modules\\express-mongo-sanitize\\index.js:113:18\n    at Array.forEach (<anonymous>)\n    at D:\\Restaurant\\restaurant-portal\\backend\\node_modules\\express-mongo-sanitize\\index.js:110:44\n    at Layer.handleRequest (D:\\Restaurant\\restaurant-portal\\backend\\node_modules\\router\\lib\\layer.js:152:17)\n    at trimPrefix (D:\\Restaurant\\restaurant-portal\\backend\\node_modules\\router\\index.js:342:13)\n    at D:\\Restaurant\\restaurant-portal\\backend\\node_modules\\router\\index.js:297:9\n    at processParams (D:\\Restaurant\\restaurant-portal\\backend\\node_modules\\router\\index.js:582:12)\n    at next (D:\\Restaurant\\restaurant-portal\\backend\\node_modules\\router\\index.js:291:5)\n    at read (D:\\Restaurant\\restaurant-portal\\backend\\node_modules\\body-parser\\lib\\read.js:53:5)\n    at urlencodedParser (D:\\Restaurant\\restaurant-portal\\backend\\node_modules\\body-parser\\lib\\types\\urlencoded.js:51:5)","timestamp":"2026-08-04 17:40:22","url":"/api/admin"}
{"ip":"::1","level":"debug","message":"GET /api/admin 500","timestamp":"2026-08-04 17:40:22"}
{"level":"error","message":"Cannot set property query of #<IncomingMessage> which has only a getter","stack":"TypeError: Cannot set property query of #<IncomingMessage> which has only a getter\n    at D:\\Restaurant\\restaurant-portal\\backend\\node_modules\\express-mongo-sanitize\\index.js:113:18\n    at Array.forEach (<anonymous>)\n    at D:\\Restaurant\\restaurant-portal\\backend\\node_modules\\express-mongo-sanitize\\index.js:110:44\n    at Layer.handleRequest (D:\\Restaurant\\restaurant-portal\\backend\\node_modules\\router\\lib\\layer.js:152:17)\n    at trimPrefix (D:\\Restaurant\\restaurant-portal\\backend\\node_modules\\router\\index.js:342:13)\n    at D:\\Restaurant\\restaurant-portal\\backend\\node_modules\\router\\index.js:297:9\n    at processParams (D:\\Restaurant\\restaurant-portal\\backend\\node_modules\\router\\index.js:582:12)\n    at next (D:\\Restaurant\\restaurant-portal\\backend\\node_modules\\router\\index.js:291:5)\n    at read (D:\\Restaurant\\restaurant-portal\\backend\\node_modules\\body-parser\\lib\\read.js:53:5)\n    at urlencodedParser (D:\\Restaurant\\restaurant-portal\\backend\\node_modules\\body-parser\\lib\\types\\urlencoded.js:51:5)","timestamp":"2026-08-04 17:40:27","url":"/api/admin"}
{"ip":"::1","level":"debug","message":"GET /api/admin 500","timestamp":"2026-08-04 17:40:27"}
{"level":"error","message":"Cannot set property query of #<IncomingMessage> which has only a getter","stack":"TypeError: Cannot set property query of #<IncomingMessage> which has only a getter\n    at D:\\Restaurant\\restaurant-portal\\backend\\node_modules\\express-mongo-sanitize\\index.js:113:18\n    at Array.forEach (<anonymous>)\n    at D:\\Restaurant\\restaurant-portal\\backend\\node_modules\\express-mongo-sanitize\\index.js:110:44\n    at Layer.handleRequest (D:\\Restaurant\\restaurant-portal\\backend\\node_modules\\router\\lib\\layer.js:152:17)\n    at trimPrefix (D:\\Restaurant\\restaurant-portal\\backend\\node_modules\\router\\index.js:342:13)\n    at D:\\Restaurant\\restaurant-portal\\backend\\node_modules\\router\\index.js:297:9\n    at processParams (D:\\Restaurant\\restaurant-portal\\backend\\node_modules\\router\\index.js:582:12)\n    at next (D:\\Restaurant\\restaurant-portal\\backend\\node_modules\\router\\index.js:291:5)\n    at read (D:\\Restaurant\\restaurant-portal\\backend\\node_modules\\body-parser\\lib\\read.js:53:5)\n    at urlencodedParser (D:\\Restaurant\\restaurant-portal\\backend\\node_modules\\body-parser\\lib\\types\\urlencoded.js:51:5)","timestamp":"2026-08-04 17:40:28","url":"/api/admin"}
{"ip":"::1","level":"debug","message":"GET /api/admin 500","timestamp":"2026-08-04 17:40:28"}
{"level":"error","message":"Cannot set property query of #<IncomingMessage> which has only a getter","stack":"TypeError: Cannot set property query of #<IncomingMessage> which has only a getter\n    at D:\\Restaurant\\restaurant-portal\\backend\\node_modules\\express-mongo-sanitize\\index.js:113:18\n    at Array.forEach (<anonymous>)\n    at D:\\Restaurant\\restaurant-portal\\backend\\node_modules\\express-mongo-sanitize\\index.js:110:44\n    at Layer.handleRequest (D:\\Restaurant\\restaurant-portal\\backend\\node_modules\\router\\lib\\layer.js:152:17)\n    at trimPrefix (D:\\Restaurant\\restaurant-portal\\backend\\node_modules\\router\\index.js:342:13)\n    at D:\\Restaurant\\restaurant-portal\\backend\\node_modules\\router\\index.js:297:9\n    at processParams (D:\\Restaurant\\restaurant-portal\\backend\\node_modules\\router\\index.js:582:12)\n    at next (D:\\Restaurant\\restaurant-portal\\backend\\node_modules\\router\\index.js:291:5)\n    at read (D:\\Restaurant\\restaurant-portal\\backend\\node_modules\\body-parser\\lib\\read.js:53:5)\n    at urlencodedParser (D:\\Restaurant\\restaurant-portal\\backend\\node_modules\\body-parser\\lib\\types\\urlencoded.js:51:5)","timestamp":"2026-08-04 17:40:31","url":"/api/admin"}
{"ip":"::1","level":"debug","message":"GET /api/admin 500","timestamp":"2026-08-04 17:40:31"}
{"level":"error","message":"Cannot set property query of #<IncomingMessage> which has only a getter","stack":"TypeError: Cannot set property query of #<IncomingMessage> which has only a getter\n    at D:\\Restaurant\\restaurant-portal\\backend\\node_modules\\express-mongo-sanitize\\index.js:113:18\n    at Array.forEach (<anonymous>)\n    at D:\\Restaurant\\restaurant-portal\\backend\\node_modules\\express-mongo-sanitize\\index.js:110:44\n    at Layer.handleRequest (D:\\Restaurant\\restaurant-portal\\backend\\node_modules\\router\\lib\\layer.js:152:17)\n    at trimPrefix (D:\\Restaurant\\restaurant-portal\\backend\\node_modules\\router\\index.js:342:13)\n    at D:\\Restaurant\\restaurant-portal\\backend\\node_modules\\router\\index.js:297:9\n    at processParams (D:\\Restaurant\\restaurant-portal\\backend\\node_modules\\router\\index.js:582:12)\n    at next (D:\\Restaurant\\restaurant-portal\\backend\\node_modules\\router\\index.js:291:5)\n    at read (D:\\Restaurant\\restaurant-portal\\backend\\node_modules\\body-parser\\lib\\read.js:53:5)\n    at urlencodedParser (D:\\Restaurant\\restaurant-portal\\backend\\node_modules\\body-parser\\lib\\types\\urlencoded.js:51:5)","timestamp":"2026-08-04 17:40:31","url":"/api/admin"}
{"ip":"::1","level":"debug","message":"GET /api/admin 500","timestamp":"2026-08-04 17:40:31"}
{"level":"error","message":"Cannot set property query of #<IncomingMessage> which has only a getter","stack":"TypeError: Cannot set property query of #<IncomingMessage> which has only a getter\n    at D:\\Restaurant\\restaurant-portal\\backend\\node_modules\\express-mongo-sanitize\\index.js:113:18\n    at Array.forEach (<anonymous>)\n    at D:\\Restaurant\\restaurant-portal\\backend\\node_modules\\express-mongo-sanitize\\index.js:110:44\n    at Layer.handleRequest (D:\\Restaurant\\restaurant-portal\\backend\\node_modules\\router\\lib\\layer.js:152:17)\n    at trimPrefix (D:\\Restaurant\\restaurant-portal\\backend\\node_modules\\router\\index.js:342:13)\n    at D:\\Restaurant\\restaurant-portal\\backend\\node_modules\\router\\index.js:297:9\n    at processParams (D:\\Restaurant\\restaurant-portal\\backend\\node_modules\\router\\index.js:582:12)\n    at next (D:\\Restaurant\\restaurant-portal\\backend\\node_modules\\router\\index.js:291:5)\n    at read (D:\\Restaurant\\restaurant-portal\\backend\\node_modules\\body-parser\\lib\\read.js:53:5)\n    at urlencodedParser (D:\\Restaurant\\restaurant-portal\\backend\\node_modules\\body-parser\\lib\\types\\urlencoded.js:51:5)","timestamp":"2026-08-04 17:40:31","url":"/api/admin"}
{"ip":"::1","level":"debug","message":"GET /api/admin 500","timestamp":"2026-08-04 17:40:32"}
{"level":"error","message":"Cannot set property query of #<IncomingMessage> which has only a getter","stack":"TypeError: Cannot set property query of #<IncomingMessage> which has only a getter\n    at D:\\Restaurant\\restaurant-portal\\backend\\node_modules\\express-mongo-sanitize\\index.js:113:18\n    at Array.forEach (<anonymous>)\n    at D:\\Restaurant\\restaurant-portal\\backend\\node_modules\\express-mongo-sanitize\\index.js:110:44\n    at Layer.handleRequest (D:\\Restaurant\\restaurant-portal\\backend\\node_modules\\router\\lib\\layer.js:152:17)\n    at trimPrefix (D:\\Restaurant\\restaurant-portal\\backend\\node_modules\\router\\index.js:342:13)\n    at D:\\Restaurant\\restaurant-portal\\backend\\node_modules\\router\\index.js:297:9\n    at processParams (D:\\Restaurant\\restaurant-portal\\backend\\node_modules\\router\\index.js:582:12)\n    at next (D:\\Restaurant\\restaurant-portal\\backend\\node_modules\\router\\index.js:291:5)\n    at read (D:\\Restaurant\\restaurant-portal\\backend\\node_modules\\body-parser\\lib\\read.js:53:5)\n    at urlencodedParser (D:\\Restaurant\\restaurant-portal\\backend\\node_modules\\body-parser\\lib\\types\\urlencoded.js:51:5)","timestamp":"2026-08-04 17:40:43","url":"/api/admin"}
{"ip":"::1","level":"debug","message":"GET /api/admin 500","timestamp":"2026-08-04 17:40:43"}
{"ip":"::1","level":"debug","message":"OPTIONS /api/auth/me 204","timestamp":"2026-08-04 17:40:52"}
{"level":"error","message":"Cannot set property query of #<IncomingMessage> which has only a getter","stack":"TypeError: Cannot set property query of #<IncomingMessage> which has only a getter\n    at D:\\Restaurant\\restaurant-portal\\backend\\node_modules\\express-mongo-sanitize\\index.js:113:18\n    at Array.forEach (<anonymous>)\n    at D:\\Restaurant\\restaurant-portal\\backend\\node_modules\\express-mongo-sanitize\\index.js:110:44\n    at Layer.handleRequest (D:\\Restaurant\\restaurant-portal\\backend\\node_modules\\router\\lib\\layer.js:152:17)\n    at trimPrefix (D:\\Restaurant\\restaurant-portal\\backend\\node_modules\\router\\index.js:342:13)\n    at D:\\Restaurant\\restaurant-portal\\backend\\node_modules\\router\\index.js:297:9\n    at processParams (D:\\Restaurant\\restaurant-portal\\backend\\node_modules\\router\\index.js:582:12)\n    at next (D:\\Restaurant\\restaurant-portal\\backend\\node_modules\\router\\index.js:291:5)\n    at read (D:\\Restaurant\\restaurant-portal\\backend\\node_modules\\body-parser\\lib\\read.js:53:5)\n    at urlencodedParser (D:\\Restaurant\\restaurant-portal\\backend\\node_modules\\body-parser\\lib\\types\\urlencoded.js:51:5)","timestamp":"2026-08-04 17:40:52","url":"/api/auth/me"}
{"ip":"::1","level":"debug","message":"GET /api/auth/me 500","timestamp":"2026-08-04 17:40:52"}
{"level":"info","message":"🚀 Server running on port 5000","timestamp":"2026-08-04 17:41:23"}
{"level":"info","message":"🚀 Server running on port 5000","timestamp":"2026-08-04 17:41:25"}
{"level":"info","message":"🚀 Server running on port 5000","timestamp":"2026-08-04 17:41:25"}
{"level":"error","message":"Cannot set property query of #<IncomingMessage> which has only a getter","stack":"TypeError: Cannot set property query of #<IncomingMessage> which has only a getter\n    at D:\\Restaurant\\restaurant-portal\\backend\\node_modules\\express-mongo-sanitize\\index.js:113:18\n    at Array.forEach (<anonymous>)\n    at D:\\Restaurant\\restaurant-portal\\backend\\node_modules\\express-mongo-sanitize\\index.js:110:44\n    at Layer.handleRequest (D:\\Restaurant\\restaurant-portal\\backend\\node_modules\\router\\lib\\layer.js:152:17)\n    at trimPrefix (D:\\Restaurant\\restaurant-portal\\backend\\node_modules\\router\\index.js:342:13)\n    at D:\\Restaurant\\restaurant-portal\\backend\\node_modules\\router\\index.js:297:9\n    at processParams (D:\\Restaurant\\restaurant-portal\\backend\\node_modules\\router\\index.js:582:12)\n    at next (D:\\Restaurant\\restaurant-portal\\backend\\node_modules\\router\\index.js:291:5)\n    at read (D:\\Restaurant\\restaurant-portal\\backend\\node_modules\\body-parser\\lib\\read.js:53:5)\n    at urlencodedParser (D:\\Restaurant\\restaurant-portal\\backend\\node_modules\\body-parser\\lib\\types\\urlencoded.js:51:5)","timestamp":"2026-08-04 17:41:41","url":"/api/admin"}
{"ip":"::1","level":"debug","message":"GET /api/admin 500","timestamp":"2026-08-04 17:41:41"}
{"level":"error","message":"Cannot set property query of #<IncomingMessage> which has only a getter","stack":"TypeError: Cannot set property query of #<IncomingMessage> which has only a getter\n    at D:\\Restaurant\\restaurant-portal\\backend\\node_modules\\express-mongo-sanitize\\index.js:113:18\n    at Array.forEach (<anonymous>)\n    at D:\\Restaurant\\restaurant-portal\\backend\\node_modules\\express-mongo-sanitize\\index.js:110:44\n    at Layer.handleRequest (D:\\Restaurant\\restaurant-portal\\backend\\node_modules\\router\\lib\\layer.js:152:17)\n    at trimPrefix (D:\\Restaurant\\restaurant-portal\\backend\\node_modules\\router\\index.js:342:13)\n    at D:\\Restaurant\\restaurant-portal\\backend\\node_modules\\router\\index.js:297:9\n    at processParams (D:\\Restaurant\\restaurant-portal\\backend\\node_modules\\router\\index.js:582:12)\n    at next (D:\\Restaurant\\restaurant-portal\\backend\\node_modules\\router\\index.js:291:5)\n    at read (D:\\Restaurant\\restaurant-portal\\backend\\node_modules\\body-parser\\lib\\read.js:53:5)\n    at urlencodedParser (D:\\Restaurant\\restaurant-portal\\backend\\node_modules\\body-parser\\lib\\types\\urlencoded.js:51:5)","timestamp":"2026-08-04 17:41:42","url":"/api/admin"}
{"ip":"::1","level":"debug","message":"GET /api/admin 500","timestamp":"2026-08-04 17:41:42"}
{"level":"error","message":"Cannot set property query of #<IncomingMessage> which has only a getter","stack":"TypeError: Cannot set property query of #<IncomingMessage> which has only a getter\n    at D:\\Restaurant\\restaurant-portal\\backend\\node_modules\\express-mongo-sanitize\\index.js:113:18\n    at Array.forEach (<anonymous>)\n    at D:\\Restaurant\\restaurant-portal\\backend\\node_modules\\express-mongo-sanitize\\index.js:110:44\n    at Layer.handleRequest (D:\\Restaurant\\restaurant-portal\\backend\\node_modules\\router\\lib\\layer.js:152:17)\n    at trimPrefix (D:\\Restaurant\\restaurant-portal\\backend\\node_modules\\router\\index.js:342:13)\n    at D:\\Restaurant\\restaurant-portal\\backend\\node_modules\\router\\index.js:297:9\n    at processParams (D:\\Restaurant\\restaurant-portal\\backend\\node_modules\\router\\index.js:582:12)\n    at next (D:\\Restaurant\\restaurant-portal\\backend\\node_modules\\router\\index.js:291:5)\n    at read (D:\\Restaurant\\restaurant-portal\\backend\\node_modules\\body-parser\\lib\\read.js:53:5)\n    at urlencodedParser (D:\\Restaurant\\restaurant-portal\\backend\\node_modules\\body-parser\\lib\\types\\urlencoded.js:51:5)","timestamp":"2026-08-04 17:41:42","url":"/api/admin"}
{"ip":"::1","level":"debug","message":"GET /api/admin 500","timestamp":"2026-08-04 17:41:42"}
{"level":"error","message":"Cannot set property query of #<IncomingMessage> which has only a getter","stack":"TypeError: Cannot set property query of #<IncomingMessage> which has only a getter\n    at D:\\Restaurant\\restaurant-portal\\backend\\node_modules\\express-mongo-sanitize\\index.js:113:18\n    at Array.forEach (<anonymous>)\n    at D:\\Restaurant\\restaurant-portal\\backend\\node_modules\\express-mongo-sanitize\\index.js:110:44\n    at Layer.handleRequest (D:\\Restaurant\\restaurant-portal\\backend\\node_modules\\router\\lib\\layer.js:152:17)\n    at trimPrefix (D:\\Restaurant\\restaurant-portal\\backend\\node_modules\\router\\index.js:342:13)\n    at D:\\Restaurant\\restaurant-portal\\backend\\node_modules\\router\\index.js:297:9\n    at processParams (D:\\Restaurant\\restaurant-portal\\backend\\node_modules\\router\\index.js:582:12)\n    at next (D:\\Restaurant\\restaurant-portal\\backend\\node_modules\\router\\index.js:291:5)\n    at read (D:\\Restaurant\\restaurant-portal\\backend\\node_modules\\body-parser\\lib\\read.js:53:5)\n    at urlencodedParser (D:\\Restaurant\\restaurant-portal\\backend\\node_modules\\body-parser\\lib\\types\\urlencoded.js:51:5)","timestamp":"2026-08-04 17:41:42","url":"/api/admin"}
{"ip":"::1","level":"debug","message":"GET /api/admin 500","timestamp":"2026-08-04 17:41:42"}
{"level":"error","message":"Cannot set property query of #<IncomingMessage> which has only a getter","stack":"TypeError: Cannot set property query of #<IncomingMessage> which has only a getter\n    at D:\\Restaurant\\restaurant-portal\\backend\\node_modules\\express-mongo-sanitize\\index.js:113:18\n    at Array.forEach (<anonymous>)\n    at D:\\Restaurant\\restaurant-portal\\backend\\node_modules\\express-mongo-sanitize\\index.js:110:44\n    at Layer.handleRequest (D:\\Restaurant\\restaurant-portal\\backend\\node_modules\\router\\lib\\layer.js:152:17)\n    at trimPrefix (D:\\Restaurant\\restaurant-portal\\backend\\node_modules\\router\\index.js:342:13)\n    at D:\\Restaurant\\restaurant-portal\\backend\\node_modules\\router\\index.js:297:9\n    at processParams (D:\\Restaurant\\restaurant-portal\\backend\\node_modules\\router\\index.js:582:12)\n    at next (D:\\Restaurant\\restaurant-portal\\backend\\node_modules\\router\\index.js:291:5)\n    at read (D:\\Restaurant\\restaurant-portal\\backend\\node_modules\\body-parser\\lib\\read.js:53:5)\n    at urlencodedParser (D:\\Restaurant\\restaurant-portal\\backend\\node_modules\\body-parser\\lib\\types\\urlencoded.js:51:5)","timestamp":"2026-08-04 17:41:43","url":"/api/admin"}
{"ip":"::1","level":"debug","message":"GET /api/admin 500","timestamp":"2026-08-04 17:41:43"}
{"ip":"::1","level":"debug","message":"OPTIONS /api/auth/me 204","timestamp":"2026-08-04 17:41:58"}
{"level":"error","message":"Cannot set property query of #<IncomingMessage> which has only a getter","stack":"TypeError: Cannot set property query of #<IncomingMessage> which has only a getter\n    at D:\\Restaurant\\restaurant-portal\\backend\\node_modules\\express-mongo-sanitize\\index.js:113:18\n    at Array.forEach (<anonymous>)\n    at D:\\Restaurant\\restaurant-portal\\backend\\node_modules\\express-mongo-sanitize\\index.js:110:44\n    at Layer.handleRequest (D:\\Restaurant\\restaurant-portal\\backend\\node_modules\\router\\lib\\layer.js:152:17)\n    at trimPrefix (D:\\Restaurant\\restaurant-portal\\backend\\node_modules\\router\\index.js:342:13)\n    at D:\\Restaurant\\restaurant-portal\\backend\\node_modules\\router\\index.js:297:9\n    at processParams (D:\\Restaurant\\restaurant-portal\\backend\\node_modules\\router\\index.js:582:12)\n    at next (D:\\Restaurant\\restaurant-portal\\backend\\node_modules\\router\\index.js:291:5)\n    at read (D:\\Restaurant\\restaurant-portal\\backend\\node_modules\\body-parser\\lib\\read.js:53:5)\n    at urlencodedParser (D:\\Restaurant\\restaurant-portal\\backend\\node_modules\\body-parser\\lib\\types\\urlencoded.js:51:5)","timestamp":"2026-08-04 17:41:58","url":"/api/auth/me"}
{"ip":"::1","level":"debug","message":"GET /api/auth/me 500","timestamp":"2026-08-04 17:41:58"}
{"level":"info","message":"🚀 Server running on port 5000","timestamp":"2026-08-04 17:42:25"}
{"level":"info","message":"🚀 Server running on port 5000","timestamp":"2026-08-04 17:42:25"}
{"level":"info","message":"🚀 Server running on port 5000","timestamp":"2026-08-04 17:42:26"}
{"level":"info","message":"🚀 Server running on port 5000","timestamp":"2026-08-04 17:42:56"}
{"level":"info","message":"🚀 Server running on port 5000","timestamp":"2026-08-04 17:43:01"}
{"level":"info","message":"🚀 Server running on port 5000","timestamp":"2026-08-04 17:43:02"}
{"level":"info","message":"🚀 Server running on port 5000","timestamp":"2026-08-04 17:43:09"}
{"level":"info","message":"🚀 Server running on port 5000","timestamp":"2026-08-04 17:44:01"}
{"level":"info","message":"🚀 Server running on port 5000","timestamp":"2026-08-04 17:44:04"}
{"level":"info","message":"🚀 Server running on port 5000","timestamp":"2026-08-04 17:44:05"}
{"ip":"::1","level":"debug","message":"GET /api/admin 401","timestamp":"2026-08-04 17:44:43"}
{"ip":"::1","level":"debug","message":"GET /api/admin 401","timestamp":"2026-08-04 17:44:43"}
{"ip":"::1","level":"debug","message":"GET /api/admin 401","timestamp":"2026-08-04 17:44:44"}
{"ip":"::1","level":"debug","message":"OPTIONS /api/auth/login 204","timestamp":"2026-08-04 17:45:11"}
{"ip":"::1","level":"debug","message":"POST /api/auth/login 400","timestamp":"2026-08-04 17:45:12"}
{"ip":"::1","level":"debug","message":"OPTIONS /api/auth/login 204","timestamp":"2026-08-04 17:45:20"}
{"ip":"::1","level":"debug","message":"POST /api/auth/login 400","timestamp":"2026-08-04 17:45:20"}
{"ip":"::1","level":"debug","message":"OPTIONS /api/auth/login 204","timestamp":"2026-08-04 17:45:28"}
{"ip":"::1","level":"debug","message":"POST /api/auth/login 200","timestamp":"2026-08-04 17:45:28"}
{"ip":"::1","level":"debug","message":"OPTIONS /api/admin/stats 204","timestamp":"2026-08-04 17:48:26"}
{"ip":"::1","level":"debug","message":"GET /api/admin/stats 200","timestamp":"2026-08-04 17:48:26"}
{"ip":"::1","level":"debug","message":"OPTIONS /api/admin/stats 204","timestamp":"2026-08-04 17:49:02"}
{"ip":"::1","level":"debug","message":"GET /api/admin/stats 304","timestamp":"2026-08-04 17:49:02"}
{"ip":"::1","level":"debug","message":"OPTIONS /api/admin/stats 204","timestamp":"2026-08-04 17:49:27"}
{"ip":"::1","level":"debug","message":"GET /api/admin/stats 304","timestamp":"2026-08-04 17:49:27"}
{"ip":"::ffff:127.0.0.1","level":"debug","message":"OPTIONS /api/admin/stats 204","timestamp":"2026-08-04 17:49:48"}
{"ip":"::ffff:127.0.0.1","level":"debug","message":"GET /api/admin/stats 304","timestamp":"2026-08-04 17:49:50"}
{"ip":"::1","level":"debug","message":"GET /api/menu 304","timestamp":"2026-08-04 17:50:08"}
{"ip":"::1","level":"debug","message":"GET /api/menu 304","timestamp":"2026-08-04 17:50:09"}
{"ip":"::1","level":"debug","message":"OPTIONS /api/auth/me 204","timestamp":"2026-08-04 18:00:14"}
{"ip":"::1","level":"debug","message":"GET /api/auth/me 200","timestamp":"2026-08-04 18:00:14"}
{"ip":"::1","level":"debug","message":"GET /api/menu 304","timestamp":"2026-08-04 18:00:43"}
{"ip":"::1","level":"debug","message":"GET /api/menu 304","timestamp":"2026-08-04 18:00:43"}
{"ip":"::1","level":"debug","message":"GET / 200","timestamp":"2026-08-04 18:01:32"}
{"ip":"::1","level":"debug","message":"GET /api/menu 200","timestamp":"2026-08-04 18:01:32"}
{"ip":"::1","level":"debug","message":"GET /api/menu/categories 200","timestamp":"2026-08-04 18:01:32"}
{"ip":"::1","level":"debug","message":"GET /api/coupons 200","timestamp":"2026-08-04 18:01:33"}
{"ip":"::1","level":"debug","message":"GET /api/auth/me 401","timestamp":"2026-08-04 18:01:34"}
{"ip":"::1","level":"debug","message":"GET /api/orders/all 401","timestamp":"2026-08-04 18:01:35"}
{"ip":"::1","level":"debug","message":"GET /api/admin/stats 401","timestamp":"2026-08-04 18:01:36"}
{"ip":"::1","level":"debug","message":"GET /api/nonexistent 404","timestamp":"2026-08-04 18:01:37"}
{"ip":"::1","level":"debug","message":"OPTIONS /api/auth/me 204","timestamp":"2026-08-04 18:03:16"}
{"ip":"::1","level":"debug","message":"GET /api/auth/me 304","timestamp":"2026-08-04 18:03:17"}
{"ip":"::1","level":"debug","message":"GET /api/menu 304","timestamp":"2026-08-04 18:03:18"}
{"ip":"::1","level":"debug","message":"GET /api/menu 304","timestamp":"2026-08-04 18:03:18"}
{"ip":"::1","level":"debug","message":"GET /api/admin 401","timestamp":"2026-08-04 18:08:32"}
{"ip":"::1","level":"debug","message":"GET /api/admin 401","timestamp":"2026-08-04 18:09:54"}
{"ip":"::1","level":"debug","message":"GET /.well-known/appspecific/com.chrome.devtools.json 404","timestamp":"2026-08-04 18:09:54"}
{"ip":"::1","level":"debug","message":"GET /api/users 404","timestamp":"2026-08-04 18:14:09"}
{"ip":"::1","level":"debug","message":"GET /.well-known/appspecific/com.chrome.devtools.json 404","timestamp":"2026-08-04 18:14:09"}
{"ip":"::1","level":"debug","message":"GET /api/admin/users 401","timestamp":"2026-08-04 18:14:57"}
{"ip":"::1","level":"debug","message":"GET /.well-known/appspecific/com.chrome.devtools.json 404","timestamp":"2026-08-04 18:14:57"}
{"ip":"::ffff:127.0.0.1","level":"debug","message":"GET /api/admin/users 200","timestamp":"2026-08-04 18:17:29"}
{"level":"info","message":"🚀 Server running on port 5000","timestamp":"2026-08-04 18:22:54"}
{"ip":"::ffff:127.0.0.1","level":"debug","message":"OPTIONS /api/auth/me 204","timestamp":"2026-08-04 18:22:54"}
{"ip":"::ffff:127.0.0.1","level":"debug","message":"GET /api/auth/me 304","timestamp":"2026-08-04 18:22:55"}
{"ip":"::1","level":"debug","message":"OPTIONS /api/auth/login 204","timestamp":"2026-08-04 18:23:06"}
{"ip":"::1","level":"debug","message":"POST /api/auth/login 200","timestamp":"2026-08-04 18:23:06"}
{"ip":"::1","level":"debug","message":"OPTIONS /api/admin/stats 204","timestamp":"2026-08-04 18:23:12"}
{"ip":"::1","level":"debug","message":"GET /api/admin/stats 304","timestamp":"2026-08-04 18:23:12"}
{"ip":"::1","level":"debug","message":"GET /api/menu 304","timestamp":"2026-08-04 18:23:22"}
{"ip":"::1","level":"debug","message":"GET /api/menu 304","timestamp":"2026-08-04 18:23:22"}
{"ip":"::1","level":"debug","message":"OPTIONS /api/menu/6a705907f21e525453c49412 204","timestamp":"2026-08-04 18:23:37"}
{"ip":"::1","level":"debug","message":"PUT /api/menu/6a705907f21e525453c49412 200","timestamp":"2026-08-04 18:23:37"}
{"ip":"::1","level":"debug","message":"OPTIONS /api/auth/me 204","timestamp":"2026-08-04 18:24:02"}
{"ip":"::1","level":"debug","message":"GET /api/auth/me 304","timestamp":"2026-08-04 18:24:02"}
{"ip":"::1","level":"debug","message":"GET /api/menu 200","timestamp":"2026-08-04 18:24:02"}
{"ip":"::1","level":"debug","message":"GET /api/menu 304","timestamp":"2026-08-04 18:24:02"}
{"ip":"::1","level":"debug","message":"OPTIONS /api/menu/reorder/6a6d93ad36c0e60f170ae528 204","timestamp":"2026-08-04 18:24:05"}
{"ip":"::1","level":"debug","message":"OPTIONS /api/menu/reorder/6a6d93ad36c0e60f170ae528 204","timestamp":"2026-08-04 18:24:06"}
{"ip":"::1","level":"debug","message":"GET /api/menu/categories 200","timestamp":"2026-08-04 18:24:06"}
{"ip":"::1","level":"debug","message":"GET /api/menu? 200","timestamp":"2026-08-04 18:24:06"}
{"ip":"::1","level":"debug","message":"GET /api/menu/categories 304","timestamp":"2026-08-04 18:24:06"}
{"ip":"::1","level":"debug","message":"GET /api/menu/reorder/6a6d93ad36c0e60f170ae528 304","timestamp":"2026-08-04 18:24:06"}
{"ip":"::1","level":"debug","message":"GET /api/menu? 304","timestamp":"2026-08-04 18:24:06"}
{"ip":"::1","level":"debug","message":"GET /api/menu/reorder/6a6d93ad36c0e60f170ae528 304","timestamp":"2026-08-04 18:24:06"}
{"ip":"::1","level":"debug","message":"OPTIONS /api/admin/stats 204","timestamp":"2026-08-04 18:24:14"}
{"ip":"::1","level":"debug","message":"GET /api/admin/stats 304","timestamp":"2026-08-04 18:24:14"}
{"ip":"::1","level":"debug","message":"GET /api/menu 304","timestamp":"2026-08-04 18:24:16"}
{"ip":"::1","level":"debug","message":"GET /api/menu 304","timestamp":"2026-08-04 18:24:16"}
{"ip":"::1","level":"debug","message":"OPTIONS /api/menu/reorder/6a6d93ad36c0e60f170ae528 204","timestamp":"2026-08-04 18:24:25"}
{"ip":"::1","level":"debug","message":"OPTIONS /api/menu/reorder/6a6d93ad36c0e60f170ae528 204","timestamp":"2026-08-04 18:24:25"}
{"ip":"::1","level":"debug","message":"GET /api/menu/categories 304","timestamp":"2026-08-04 18:24:26"}
{"ip":"::1","level":"debug","message":"GET /api/menu? 304","timestamp":"2026-08-04 18:24:26"}
{"ip":"::1","level":"debug","message":"GET /api/menu/categories 304","timestamp":"2026-08-04 18:24:26"}
{"ip":"::1","level":"debug","message":"GET /api/menu/reorder/6a6d93ad36c0e60f170ae528 304","timestamp":"2026-08-04 18:24:26"}
{"ip":"::1","level":"debug","message":"GET /api/menu? 304","timestamp":"2026-08-04 18:24:26"}
{"ip":"::1","level":"debug","message":"GET /api/menu/reorder/6a6d93ad36c0e60f170ae528 304","timestamp":"2026-08-04 18:24:26"}
{"ip":"::1","level":"debug","message":"OPTIONS /api/auth/me 204","timestamp":"2026-08-04 18:24:56"}
{"ip":"::1","level":"debug","message":"GET /api/menu/categories 304","timestamp":"2026-08-04 18:24:56"}
{"ip":"::1","level":"debug","message":"GET /api/menu? 304","timestamp":"2026-08-04 18:24:56"}
{"ip":"::1","level":"debug","message":"GET /api/auth/me 304","timestamp":"2026-08-04 18:24:56"}
{"ip":"::1","level":"debug","message":"OPTIONS /api/menu/reorder/6a6d93ad36c0e60f170ae528 204","timestamp":"2026-08-04 18:24:56"}
{"ip":"::1","level":"debug","message":"GET /api/menu/reorder/6a6d93ad36c0e60f170ae528 304","timestamp":"2026-08-04 18:24:56"}
{"ip":"::1","level":"debug","message":"GET /api/menu/categories 304","timestamp":"2026-08-04 18:24:58"}
{"ip":"::1","level":"debug","message":"GET /api/menu? 304","timestamp":"2026-08-04 18:24:58"}
{"ip":"::1","level":"debug","message":"GET /api/auth/me 304","timestamp":"2026-08-04 18:24:58"}
{"ip":"::1","level":"debug","message":"GET /api/menu/reorder/6a6d93ad36c0e60f170ae528 304","timestamp":"2026-08-04 18:24:58"}
{"ip":"::1","level":"debug","message":"GET /api/menu 304","timestamp":"2026-08-04 18:34:51"}
{"ip":"::1","level":"debug","message":"GET /api/coupons 304","timestamp":"2026-08-04 18:34:51"}
{"ip":"::1","level":"debug","message":"GET /api/coupons 304","timestamp":"2026-08-04 18:34:51"}
{"ip":"::1","level":"debug","message":"GET /api/menu 304","timestamp":"2026-08-04 18:34:51"}
{"level":"info","message":"🚀 Server running on port 5000","timestamp":"2026-08-05 09:35:01"}
{"level":"info","message":"🚀 Server running on port 5000","timestamp":"2026-08-05 09:47:17"}
{"ip":"::1","level":"debug","message":"OPTIONS /api/auth/me 204","timestamp":"2026-08-05 09:50:17"}
{"ip":"::1","level":"debug","message":"GET /api/auth/me 304","timestamp":"2026-08-05 09:50:18"}
{"ip":"::1","level":"debug","message":"OPTIONS /api/menu/reorder/6a6d93ad36c0e60f170ae528 204","timestamp":"2026-08-05 09:50:54"}
{"ip":"::1","level":"debug","message":"OPTIONS /api/menu/reorder/6a6d93ad36c0e60f170ae528 204","timestamp":"2026-08-05 09:50:54"}
{"ip":"::1","level":"debug","message":"GET /api/menu/categories 304","timestamp":"2026-08-05 09:50:55"}
{"ip":"::1","level":"debug","message":"GET /api/menu/categories 304","timestamp":"2026-08-05 09:50:55"}
{"ip":"::1","level":"debug","message":"GET /api/menu? 304","timestamp":"2026-08-05 09:50:55"}
{"ip":"::1","level":"debug","message":"GET /api/menu? 304","timestamp":"2026-08-05 09:50:55"}
{"ip":"::1","level":"debug","message":"GET /api/menu/reorder/6a6d93ad36c0e60f170ae528 304","timestamp":"2026-08-05 09:50:55"}
{"ip":"::1","level":"debug","message":"GET /api/menu/reorder/6a6d93ad36c0e60f170ae528 304","timestamp":"2026-08-05 09:50:55"}
{"ip":"::1","level":"debug","message":"GET /api/menu 304","timestamp":"2026-08-05 09:51:00"}
{"ip":"::1","level":"debug","message":"GET /api/coupons 304","timestamp":"2026-08-05 09:51:00"}
{"ip":"::1","level":"debug","message":"GET /api/menu 304","timestamp":"2026-08-05 09:51:00"}
{"ip":"::1","level":"debug","message":"GET /api/coupons 304","timestamp":"2026-08-05 09:51:00"}
{"ip":"::1","level":"debug","message":"OPTIONS /api/auth/me 204","timestamp":"2026-08-05 09:51:36"}
{"ip":"::1","level":"debug","message":"GET /api/auth/me 304","timestamp":"2026-08-05 09:51:36"}
{"ip":"::1","level":"debug","message":"OPTIONS /api/menu/reorder/6a6d93ad36c0e60f170ae528 204","timestamp":"2026-08-05 09:59:29"}
{"ip":"::1","level":"debug","message":"GET /api/menu/categories 304","timestamp":"2026-08-05 09:59:29"}
{"ip":"::1","level":"debug","message":"GET /api/menu? 304","timestamp":"2026-08-05 09:59:29"}
{"ip":"::1","level":"debug","message":"GET /api/menu/categories 304","timestamp":"2026-08-05 09:59:29"}
{"ip":"::1","level":"debug","message":"GET /api/menu? 304","timestamp":"2026-08-05 09:59:29"}
{"ip":"::1","level":"debug","message":"GET /api/menu/reorder/6a6d93ad36c0e60f170ae528 304","timestamp":"2026-08-05 09:59:29"}
{"ip":"::1","level":"debug","message":"GET /api/menu/reorder/6a6d93ad36c0e60f170ae528 304","timestamp":"2026-08-05 09:59:29"}
{"ip":"::1","level":"debug","message":"OPTIONS /api/auth/me 204","timestamp":"2026-08-05 10:01:30"}
{"ip":"::1","level":"debug","message":"GET /api/menu/categories 304","timestamp":"2026-08-05 10:01:30"}
{"ip":"::1","level":"debug","message":"GET /api/menu? 304","timestamp":"2026-08-05 10:01:30"}
{"ip":"::1","level":"debug","message":"GET /api/auth/me 304","timestamp":"2026-08-05 10:01:30"}
{"ip":"::1","level":"debug","message":"OPTIONS /api/auth/me 204","timestamp":"2026-08-05 10:01:53"}
{"ip":"::1","level":"debug","message":"GET /api/menu/categories 304","timestamp":"2026-08-05 10:01:53"}
{"ip":"::1","level":"debug","message":"GET /api/menu? 304","timestamp":"2026-08-05 10:01:53"}
{"ip":"::1","level":"debug","message":"GET /api/auth/me 304","timestamp":"2026-08-05 10:01:54"}
{"ip":"::1","level":"debug","message":"OPTIONS /api/menu/reorder/6a6d93ad36c0e60f170ae528 204","timestamp":"2026-08-05 10:01:54"}
{"ip":"::1","level":"debug","message":"GET /api/menu/reorder/6a6d93ad36c0e60f170ae528 304","timestamp":"2026-08-05 10:01:54"}
{"ip":"::1","level":"debug","message":"OPTIONS /api/auth/me 204","timestamp":"2026-08-05 10:03:58"}
{"ip":"::1","level":"debug","message":"GET /api/menu/categories 304","timestamp":"2026-08-05 10:03:58"}
{"ip":"::1","level":"debug","message":"GET /api/menu? 304","timestamp":"2026-08-05 10:03:58"}
{"ip":"::1","level":"debug","message":"GET /api/auth/me 304","timestamp":"2026-08-05 10:03:58"}
{"ip":"::1","level":"debug","message":"OPTIONS /api/menu/reorder/6a6d93ad36c0e60f170ae528 204","timestamp":"2026-08-05 10:03:58"}
{"ip":"::1","level":"debug","message":"GET /api/menu/reorder/6a6d93ad36c0e60f170ae528 304","timestamp":"2026-08-05 10:03:58"}
{"ip":"::1","level":"debug","message":"OPTIONS /api/admin/stats 204","timestamp":"2026-08-05 10:04:09"}
{"ip":"::1","level":"debug","message":"GET /api/admin/stats 304","timestamp":"2026-08-05 10:04:10"}
{"ip":"::1","level":"debug","message":"OPTIONS /api/orders/all 204","timestamp":"2026-08-05 10:04:11"}
{"ip":"::1","level":"debug","message":"OPTIONS /api/orders/all 204","timestamp":"2026-08-05 10:04:11"}
{"ip":"::1","level":"debug","message":"GET /api/orders/all 200","timestamp":"2026-08-05 10:04:11"}
{"ip":"::1","level":"debug","message":"GET /api/orders/all 304","timestamp":"2026-08-05 10:04:11"}
{"ip":"::1","level":"debug","message":"GET /api/menu 304","timestamp":"2026-08-05 10:04:14"}
{"ip":"::1","level":"debug","message":"GET /api/menu 304","timestamp":"2026-08-05 10:04:14"}
{"ip":"::1","level":"debug","message":"OPTIONS /api/auth/me 204","timestamp":"2026-08-05 10:07:00"}
{"ip":"::1","level":"debug","message":"GET /api/auth/me 304","timestamp":"2026-08-05 10:07:00"}
{"ip":"::1","level":"debug","message":"GET /api/menu 304","timestamp":"2026-08-05 10:07:00"}
{"ip":"::1","level":"debug","message":"GET /api/menu 304","timestamp":"2026-08-05 10:07:00"}
{"ip":"::1","level":"debug","message":"OPTIONS /api/menu/6a705907f21e525453c49412 204","timestamp":"2026-08-05 10:10:21"}
{"ip":"::1","level":"debug","message":"PUT /api/menu/6a705907f21e525453c49412 200","timestamp":"2026-08-05 10:10:21"}
{"ip":"::1","level":"debug","message":"OPTIONS /api/menu/6a705907f21e525453c49412 204","timestamp":"2026-08-05 10:11:25"}
{"ip":"::1","level":"debug","message":"PUT /api/menu/6a705907f21e525453c49412 200","timestamp":"2026-08-05 10:11:25"}
{"ip":"::1","level":"debug","message":"OPTIONS /api/menu/6a705907f21e525453c49412 204","timestamp":"2026-08-05 10:12:02"}
{"ip":"::1","level":"debug","message":"PUT /api/menu/6a705907f21e525453c49412 200","timestamp":"2026-08-05 10:12:02"}
{"ip":"::1","level":"debug","message":"OPTIONS /api/reviews/all 204","timestamp":"2026-08-05 10:12:10"}
{"ip":"::1","level":"debug","message":"GET /api/reviews/all 200","timestamp":"2026-08-05 10:12:10"}
{"ip":"::1","level":"debug","message":"GET /api/reviews/all 304","timestamp":"2026-08-05 10:12:10"}
{"ip":"::1","level":"debug","message":"OPTIONS /api/reviews/6a706783f21e525453c4946e 204","timestamp":"2026-08-05 10:12:32"}
{"ip":"::1","level":"debug","message":"PUT /api/reviews/6a706783f21e525453c4946e 200","timestamp":"2026-08-05 10:12:32"}
{"ip":"::1","level":"debug","message":"PUT /api/reviews/6a706783f21e525453c4946e 200","timestamp":"2026-08-05 10:12:33"}
{"ip":"::1","level":"debug","message":"PUT /api/reviews/6a706783f21e525453c4946e 200","timestamp":"2026-08-05 10:12:33"}
{"ip":"::1","level":"debug","message":"PUT /api/reviews/6a706783f21e525453c4946e 200","timestamp":"2026-08-05 10:12:33"}
{"ip":"::1","level":"debug","message":"PUT /api/reviews/6a706783f21e525453c4946e 200","timestamp":"2026-08-05 10:12:34"}
{"ip":"::1","level":"debug","message":"OPTIONS /api/reviews/6a706783f21e525453c4946e 204","timestamp":"2026-08-05 10:12:40"}
{"ip":"::1","level":"debug","message":"PUT /api/reviews/6a706783f21e525453c4946e 200","timestamp":"2026-08-05 10:12:40"}
{"ip":"::1","level":"debug","message":"OPTIONS /api/reviews/6a706783f21e525453c4946e 204","timestamp":"2026-08-05 10:12:45"}
{"ip":"::1","level":"debug","message":"PUT /api/reviews/6a706783f21e525453c4946e 200","timestamp":"2026-08-05 10:12:46"}
{"ip":"::1","level":"debug","message":"PUT /api/reviews/6a706783f21e525453c4946e 200","timestamp":"2026-08-05 10:12:50"}
{"ip":"::1","level":"debug","message":"OPTIONS /api/reviews/6a706783f21e525453c4946e 204","timestamp":"2026-08-05 10:12:55"}
{"ip":"::1","level":"debug","message":"DELETE /api/reviews/6a706783f21e525453c4946e 200","timestamp":"2026-08-05 10:12:56"}
{"ip":"::1","level":"debug","message":"OPTIONS /api/coupons/all 204","timestamp":"2026-08-05 10:13:14"}
{"ip":"::1","level":"debug","message":"OPTIONS /api/coupons/all 204","timestamp":"2026-08-05 10:13:14"}
{"ip":"::1","level":"debug","message":"GET /api/coupons/all 304","timestamp":"2026-08-05 10:13:15"}
{"ip":"::1","level":"debug","message":"GET /api/coupons/all 304","timestamp":"2026-08-05 10:13:16"}
{"level":"info","message":"🚀 Server running on port 5000","timestamp":"2026-08-05 10:14:03"}
{"level":"info","message":"🚀 Server running on port 5000","timestamp":"2026-08-05 10:15:25"}
{"ip":"::1","level":"debug","message":"OPTIONS /api/coupons 204","timestamp":"2026-08-05 10:25:46"}
{"ip":"::1","level":"debug","message":"POST /api/coupons 201","timestamp":"2026-08-05 10:25:46"}
{"ip":"::1","level":"debug","message":"OPTIONS /api/coupons/all 204","timestamp":"2026-08-05 10:25:46"}
{"ip":"::1","level":"debug","message":"GET /api/coupons/all 200","timestamp":"2026-08-05 10:25:46"}
{"ip":"::1","level":"debug","message":"OPTIONS /api/auth/login 204","timestamp":"2026-08-05 10:27:13"}
{"ip":"::1","level":"debug","message":"POST /api/auth/login 200","timestamp":"2026-08-05 10:27:13"}
{"ip":"::1","level":"debug","message":"OPTIONS /api/menu/reorder/6a706363f21e525453c49414 204","timestamp":"2026-08-05 10:27:20"}
{"ip":"::1","level":"debug","message":"OPTIONS /api/menu/reorder/6a706363f21e525453c49414 204","timestamp":"2026-08-05 10:27:20"}
{"ip":"::1","level":"debug","message":"GET /api/menu/categories 200","timestamp":"2026-08-05 10:27:20"}
{"ip":"::1","level":"debug","message":"GET /api/menu/categories 304","timestamp":"2026-08-05 10:27:20"}
{"ip":"::1","level":"debug","message":"GET /api/menu? 200","timestamp":"2026-08-05 10:27:20"}
{"ip":"::1","level":"debug","message":"GET /api/menu/reorder/6a706363f21e525453c49414 200","timestamp":"2026-08-05 10:27:20"}
{"ip":"::1","level":"debug","message":"GET /api/menu? 304","timestamp":"2026-08-05 10:27:20"}
{"ip":"::1","level":"debug","message":"GET /uploads/gujratithali.png 200","timestamp":"2026-08-05 10:27:20"}
{"ip":"::1","level":"debug","message":"GET /api/menu/reorder/6a706363f21e525453c49414 304","timestamp":"2026-08-05 10:27:20"}
{"ip":"::1","level":"debug","message":"GET /uploads/panjabi%20thali.jfif 200","timestamp":"2026-08-05 10:27:20"}
{"ip":"::1","level":"debug","message":"GET /uploads/panjabi%20thali1.jpg 200","timestamp":"2026-08-05 10:27:20"}
{"ip":"::1","level":"debug","message":"GET /api/coupons 200","timestamp":"2026-08-05 10:27:26"}
{"ip":"::1","level":"debug","message":"GET /api/menu 200","timestamp":"2026-08-05 10:27:26"}
{"ip":"::1","level":"debug","message":"GET /api/coupons 304","timestamp":"2026-08-05 10:27:27"}
{"ip":"::1","level":"debug","message":"GET /api/menu 304","timestamp":"2026-08-05 10:27:27"}
{"ip":"::1","level":"debug","message":"OPTIONS /api/coupons/validate 204","timestamp":"2026-08-05 10:28:43"}
{"ip":"::1","level":"debug","message":"POST /api/coupons/validate 200","timestamp":"2026-08-05 10:28:43"}
{"ip":"::1","level":"debug","message":"OPTIONS /api/orders 204","timestamp":"2026-08-05 10:28:49"}
{"ip":"::1","level":"debug","message":"POST /api/orders 201","timestamp":"2026-08-05 10:28:49"}
{"ip":"::1","level":"debug","message":"OPTIONS /api/orders/6a72c309887ed82743169d18 204","timestamp":"2026-08-05 10:29:02"}
{"ip":"::1","level":"debug","message":"OPTIONS /api/orders/6a72c309887ed82743169d18 204","timestamp":"2026-08-05 10:29:02"}
{"ip":"::1","level":"debug","message":"GET /api/orders/6a72c309887ed82743169d18 200","timestamp":"2026-08-05 10:29:02"}
{"ip":"::1","level":"debug","message":"GET /api/orders/6a72c309887ed82743169d18 304","timestamp":"2026-08-05 10:29:02"}
{"ip":"::1","level":"debug","message":"OPTIONS /api/orders/6a72c309887ed82743169d18 204","timestamp":"2026-08-05 10:29:17"}
{"ip":"::1","level":"debug","message":"GET /api/orders/6a72c309887ed82743169d18 304","timestamp":"2026-08-05 10:29:17"}
{"ip":"::1","level":"debug","message":"OPTIONS /api/orders/6a72c309887ed82743169d18 204","timestamp":"2026-08-05 10:29:32"}
{"ip":"::1","level":"debug","message":"GET /api/orders/6a72c309887ed82743169d18 304","timestamp":"2026-08-05 10:29:32"}
{"ip":"::1","level":"debug","message":"OPTIONS /api/orders/6a72c309887ed82743169d18 204","timestamp":"2026-08-05 10:29:47"}
{"ip":"::1","level":"debug","message":"GET /api/orders/6a72c309887ed82743169d18 304","timestamp":"2026-08-05 10:29:47"}
{"ip":"::1","level":"debug","message":"OPTIONS /api/orders/6a72c309887ed82743169d18 204","timestamp":"2026-08-05 10:30:08"}
{"ip":"::1","level":"debug","message":"GET /api/orders/6a72c309887ed82743169d18 304","timestamp":"2026-08-05 10:30:08"}
{"ip":"::1","level":"debug","message":"OPTIONS /api/orders/6a72c309887ed82743169d18 204","timestamp":"2026-08-05 10:30:17"}
{"ip":"::1","level":"debug","message":"GET /api/orders/6a72c309887ed82743169d18 304","timestamp":"2026-08-05 10:30:17"}
{"ip":"::1","level":"debug","message":"OPTIONS /api/orders/6a72c309887ed82743169d18 204","timestamp":"2026-08-05 10:30:38"}
{"ip":"::1","level":"debug","message":"GET /api/orders/6a72c309887ed82743169d18 304","timestamp":"2026-08-05 10:30:38"}
{"ip":"::1","level":"debug","message":"OPTIONS /api/orders/6a72c309887ed82743169d18 204","timestamp":"2026-08-05 10:30:48"}
{"ip":"::1","level":"debug","message":"GET /api/orders/6a72c309887ed82743169d18 304","timestamp":"2026-08-05 10:30:48"}
{"ip":"::1","level":"debug","message":"OPTIONS /api/contact/all 204","timestamp":"2026-08-05 10:30:53"}
{"ip":"::1","level":"debug","message":"OPTIONS /api/contact/all 204","timestamp":"2026-08-05 10:30:53"}
{"ip":"::1","level":"debug","message":"GET /api/contact/all 200","timestamp":"2026-08-05 10:30:53"}
{"ip":"::1","level":"debug","message":"GET /api/contact/all 304","timestamp":"2026-08-05 10:30:53"}
{"ip":"::1","level":"debug","message":"OPTIONS /api/orders/all 204","timestamp":"2026-08-05 10:30:56"}
{"ip":"::1","level":"debug","message":"OPTIONS /api/orders/all 204","timestamp":"2026-08-05 10:30:56"}
{"ip":"::1","level":"debug","message":"GET /api/orders/all 200","timestamp":"2026-08-05 10:30:56"}
{"ip":"::1","level":"debug","message":"GET /api/orders/all 304","timestamp":"2026-08-05 10:30:56"}
{"ip":"::1","level":"debug","message":"OPTIONS /api/orders/6a72c309887ed82743169d18 204","timestamp":"2026-08-05 10:31:03"}
{"ip":"::1","level":"debug","message":"GET /api/orders/6a72c309887ed82743169d18 304","timestamp":"2026-08-05 10:31:03"}
{"ip":"::1","level":"debug","message":"OPTIONS /api/orders/6a716c7894dafc7d8e3d8779/status 204","timestamp":"2026-08-05 10:31:05"}
{"ip":"::1","level":"debug","message":"PUT /api/orders/6a716c7894dafc7d8e3d8779/status 200","timestamp":"2026-08-05 10:31:05"}
{"ip":"::1","level":"debug","message":"PUT /api/orders/6a716c7894dafc7d8e3d8779/status 200","timestamp":"2026-08-05 10:31:08"}
{"ip":"::1","level":"debug","message":"OPTIONS /api/admin/stats 204","timestamp":"2026-08-05 10:31:14"}
{"ip":"::1","level":"debug","message":"GET /api/admin/stats 200","timestamp":"2026-08-05 10:31:14"}
{"ip":"::1","level":"debug","message":"OPTIONS /api/orders/6a72c309887ed82743169d18 204","timestamp":"2026-08-05 10:31:25"}
{"ip":"::1","level":"debug","message":"GET /api/orders/6a72c309887ed82743169d18 304","timestamp":"2026-08-05 10:31:25"}
{"ip":"::1","level":"debug","message":"OPTIONS /api/orders/6a72c309887ed82743169d18 204","timestamp":"2026-08-05 10:31:35"}
{"ip":"::1","level":"debug","message":"GET /api/orders/6a72c309887ed82743169d18 304","timestamp":"2026-08-05 10:31:35"}
{"ip":"::1","level":"debug","message":"OPTIONS /api/orders/6a72c309887ed82743169d18 204","timestamp":"2026-08-05 10:32:15"}
{"ip":"::1","level":"debug","message":"GET /api/orders/6a72c309887ed82743169d18 304","timestamp":"2026-08-05 10:32:15"}
{"ip":"::1","level":"debug","message":"OPTIONS /api/coupons/all 204","timestamp":"2026-08-05 10:32:19"}
{"ip":"::1","level":"debug","message":"OPTIONS /api/coupons/all 204","timestamp":"2026-08-05 10:32:19"}
{"ip":"::1","level":"debug","message":"GET /api/coupons/all 200","timestamp":"2026-08-05 10:32:19"}
{"ip":"::1","level":"debug","message":"GET /api/coupons/all 304","timestamp":"2026-08-05 10:32:19"}
{"ip":"::1","level":"debug","message":"OPTIONS /api/reservations/all 204","timestamp":"2026-08-05 10:32:21"}
{"ip":"::1","level":"debug","message":"OPTIONS /api/reservations/all 204","timestamp":"2026-08-05 10:32:21"}
{"ip":"::1","level":"debug","message":"GET /api/reservations/all 304","timestamp":"2026-08-05 10:32:21"}
{"ip":"::1","level":"debug","message":"GET /api/reservations/all 304","timestamp":"2026-08-05 10:32:21"}
{"ip":"::1","level":"debug","message":"OPTIONS /api/coupons/all 204","timestamp":"2026-08-05 10:32:25"}
{"ip":"::1","level":"debug","message":"OPTIONS /api/coupons/all 204","timestamp":"2026-08-05 10:32:26"}
{"ip":"::1","level":"debug","message":"GET /api/coupons/all 304","timestamp":"2026-08-05 10:32:26"}
{"ip":"::1","level":"debug","message":"GET /api/coupons/all 304","timestamp":"2026-08-05 10:32:26"}
{"ip":"::1","level":"debug","message":"OPTIONS /api/orders/6a72c309887ed82743169d18 204","timestamp":"2026-08-05 10:33:15"}
{"ip":"::1","level":"debug","message":"GET /api/orders/6a72c309887ed82743169d18 304","timestamp":"2026-08-05 10:33:15"}
{"ip":"::1","level":"debug","message":"OPTIONS /api/coupons/6a72c252887ed82743169d16 204","timestamp":"2026-08-05 10:33:21"}
{"ip":"::1","level":"debug","message":"PUT /api/coupons/6a72c252887ed82743169d16 200","timestamp":"2026-08-05 10:33:21"}
{"ip":"::1","level":"debug","message":"OPTIONS /api/coupons/all 204","timestamp":"2026-08-05 10:33:21"}
{"ip":"::1","level":"debug","message":"GET /api/coupons/all 200","timestamp":"2026-08-05 10:33:22"}
{"ip":"::1","level":"debug","message":"OPTIONS /api/orders/6a72c309887ed82743169d18 204","timestamp":"2026-08-05 10:33:33"}
{"ip":"::1","level":"debug","message":"GET /api/orders/6a72c309887ed82743169d18 304","timestamp":"2026-08-05 10:33:33"}
{"ip":"::1","level":"debug","message":"GET /api/coupons 200","timestamp":"2026-08-05 10:33:38"}
{"ip":"::1","level":"debug","message":"GET /api/menu 304","timestamp":"2026-08-05 10:33:38"}
{"ip":"::1","level":"debug","message":"GET /api/coupons 304","timestamp":"2026-08-05 10:33:38"}
{"ip":"::1","level":"debug","message":"GET /api/menu 304","timestamp":"2026-08-05 10:33:38"}
{"ip":"::1","level":"debug","message":"OPTIONS /api/auth/me 204","timestamp":"2026-08-05 10:41:16"}
{"ip":"::1","level":"debug","message":"GET /api/coupons 200","timestamp":"2026-08-05 10:41:16"}
{"ip":"::1","level":"debug","message":"GET /api/auth/me 200","timestamp":"2026-08-05 10:41:16"}
{"ip":"::1","level":"debug","message":"GET /api/menu 200","timestamp":"2026-08-05 10:41:16"}
{"ip":"::1","level":"debug","message":"OPTIONS /api/menu/reorder/6a706363f21e525453c49414 204","timestamp":"2026-08-05 10:41:47"}
{"ip":"::1","level":"debug","message":"OPTIONS /api/menu/reorder/6a706363f21e525453c49414 204","timestamp":"2026-08-05 10:41:47"}
{"ip":"::1","level":"debug","message":"GET /api/menu/categories 304","timestamp":"2026-08-05 10:41:47"}
{"ip":"::1","level":"debug","message":"GET /api/menu? 200","timestamp":"2026-08-05 10:41:47"}
{"ip":"::1","level":"debug","message":"GET /api/menu/categories 304","timestamp":"2026-08-05 10:41:47"}
{"ip":"::1","level":"debug","message":"GET /api/menu/reorder/6a706363f21e525453c49414 200","timestamp":"2026-08-05 10:41:47"}
{"ip":"::1","level":"debug","message":"GET /api/menu? 304","timestamp":"2026-08-05 10:41:47"}
{"ip":"::1","level":"debug","message":"GET /api/menu/reorder/6a706363f21e525453c49414 304","timestamp":"2026-08-05 10:41:47"}
{"ip":"::1","level":"debug","message":"GET /api/menu 200","timestamp":"2026-08-05 10:43:32"}
{"ip":"::1","level":"debug","message":"GET /uploads/gujratithali.png 200","timestamp":"2026-08-05 10:44:03"}
{"ip":"::1","level":"debug","message":"GET /uploads/panjabi%20thali.jpg 200","timestamp":"2026-08-05 10:44:03"}
{"ip":"::1","level":"debug","message":"GET /uploads/panjabi%20thali.jfif 200","timestamp":"2026-08-05 10:44:03"}
{"ip":"::1","level":"debug","message":"GET /uploads/panjabi%20thali1.jpg 200","timestamp":"2026-08-05 10:44:05"}
{"ip":"::1","level":"debug","message":"OPTIONS /api/auth/me 204","timestamp":"2026-08-05 10:51:02"}
{"ip":"::1","level":"debug","message":"GET /api/auth/me 304","timestamp":"2026-08-05 10:51:02"}
{"ip":"::1","level":"debug","message":"OPTIONS /api/auth/me 204","timestamp":"2026-08-05 10:51:21"}
{"ip":"::1","level":"debug","message":"GET /api/auth/me 304","timestamp":"2026-08-05 10:51:22"}
{"ip":"::1","level":"debug","message":"OPTIONS /api/coupons/all 204","timestamp":"2026-08-05 10:51:35"}
{"ip":"::1","level":"debug","message":"GET /api/coupons/all 200","timestamp":"2026-08-05 10:51:35"}
{"ip":"::1","level":"debug","message":"GET /api/coupons/all 304","timestamp":"2026-08-05 10:51:35"}
{"ip":"::1","level":"debug","message":"OPTIONS /api/auth/me 204","timestamp":"2026-08-05 12:11:56"}
{"ip":"::1","level":"debug","message":"OPTIONS /api/auth/me 204","timestamp":"2026-08-05 12:11:57"}
{"ip":"::1","level":"debug","message":"GET /api/auth/me 304","timestamp":"2026-08-05 12:11:57"}
{"ip":"::1","level":"debug","message":"GET /api/auth/me 304","timestamp":"2026-08-05 12:11:58"}
{"ip":"::1","level":"debug","message":"OPTIONS /api/auth/me 204","timestamp":"2026-08-05 12:14:19"}
{"ip":"::1","level":"debug","message":"GET /api/auth/me 304","timestamp":"2026-08-05 12:14:19"}
{"ip":"::1","level":"debug","message":"OPTIONS /api/auth/me 204","timestamp":"2026-08-05 12:15:56"}
{"ip":"::1","level":"debug","message":"GET /api/auth/me 304","timestamp":"2026-08-05 12:15:56"}
{"ip":"::1","level":"debug","message":"OPTIONS /api/auth/me 204","timestamp":"2026-08-05 12:19:09"}
{"ip":"::1","level":"debug","message":"GET /api/auth/me 304","timestamp":"2026-08-05 12:19:10"}
{"ip":"::1","level":"debug","message":"OPTIONS /api/auth/me 204","timestamp":"2026-08-05 12:31:56"}
{"ip":"::1","level":"debug","message":"GET /api/auth/me 304","timestamp":"2026-08-05 12:31:57"}
{"ip":"::1","level":"debug","message":"OPTIONS /api/auth/me 204","timestamp":"2026-08-05 12:32:49"}
{"ip":"::1","level":"debug","message":"OPTIONS /api/auth/me 204","timestamp":"2026-08-05 12:32:49"}
{"ip":"::1","level":"debug","message":"GET /api/auth/me 304","timestamp":"2026-08-05 12:32:49"}
{"ip":"::1","level":"debug","message":"GET /api/auth/me 304","timestamp":"2026-08-05 12:32:49"}
{"ip":"::1","level":"debug","message":"OPTIONS /api/menu/reorder/6a6d93ad36c0e60f170ae528 204","timestamp":"2026-08-05 12:32:55"}
{"ip":"::1","level":"debug","message":"OPTIONS /api/menu/reorder/6a6d93ad36c0e60f170ae528 204","timestamp":"2026-08-05 12:32:55"}
{"ip":"::1","level":"debug","message":"GET /api/menu/categories 304","timestamp":"2026-08-05 12:32:55"}
{"ip":"::1","level":"debug","message":"GET /api/menu/categories 304","timestamp":"2026-08-05 12:32:55"}
{"ip":"::1","level":"debug","message":"GET /api/menu? 200","timestamp":"2026-08-05 12:32:55"}
{"ip":"::1","level":"debug","message":"GET /api/menu/reorder/6a6d93ad36c0e60f170ae528 304","timestamp":"2026-08-05 12:32:55"}
{"ip":"::1","level":"debug","message":"GET /api/menu? 304","timestamp":"2026-08-05 12:32:55"}
{"ip":"::1","level":"debug","message":"GET /api/menu/reorder/6a6d93ad36c0e60f170ae528 304","timestamp":"2026-08-05 12:32:55"}
{"ip":"::1","level":"debug","message":"GET /api/coupons 200","timestamp":"2026-08-05 12:32:56"}
{"ip":"::1","level":"debug","message":"GET /api/coupons 304","timestamp":"2026-08-05 12:32:56"}
{"ip":"::1","level":"debug","message":"GET /api/menu 200","timestamp":"2026-08-05 12:32:56"}
{"ip":"::1","level":"debug","message":"GET /api/menu 304","timestamp":"2026-08-05 12:32:56"}
{"ip":"::1","level":"debug","message":"OPTIONS /api/auth/me 204","timestamp":"2026-08-05 12:32:58"}
{"ip":"::1","level":"debug","message":"GET /api/auth/me 304","timestamp":"2026-08-05 12:32:59"}
{"ip":"::1","level":"debug","message":"GET /api/auth/me 304","timestamp":"2026-08-05 12:32:59"}
{"ip":"::1","level":"debug","message":"OPTIONS /api/auth/me 204","timestamp":"2026-08-05 12:34:12"}
{"ip":"::1","level":"debug","message":"OPTIONS /api/auth/me 204","timestamp":"2026-08-05 12:34:13"}
{"ip":"::1","level":"debug","message":"GET /api/auth/me 304","timestamp":"2026-08-05 12:34:13"}
{"ip":"::1","level":"debug","message":"GET /api/auth/me 304","timestamp":"2026-08-05 12:34:13"}
{"ip":"::1","level":"debug","message":"OPTIONS /api/auth/me 204","timestamp":"2026-08-05 12:34:20"}
{"ip":"::1","level":"debug","message":"OPTIONS /api/auth/me 204","timestamp":"2026-08-05 12:34:20"}
{"ip":"::1","level":"debug","message":"GET /api/auth/me 304","timestamp":"2026-08-05 12:34:21"}
{"ip":"::1","level":"debug","message":"GET /api/auth/me 304","timestamp":"2026-08-05 12:34:21"}
{"ip":"::1","level":"debug","message":"GET /api/menu 200","timestamp":"2026-08-05 12:44:35"}
{"ip":"::1","level":"debug","message":"GET /uploads/gujratithali.png 200","timestamp":"2026-08-05 12:51:28"}
{"ip":"::1","level":"debug","message":"OPTIONS /api/auth/me 204","timestamp":"2026-08-05 13:34:50"}
{"ip":"::1","level":"debug","message":"OPTIONS /api/auth/me 204","timestamp":"2026-08-05 13:34:50"}
{"ip":"::1","level":"debug","message":"GET /api/auth/me 304","timestamp":"2026-08-05 13:34:50"}
{"ip":"::1","level":"debug","message":"GET /api/auth/me 304","timestamp":"2026-08-05 13:34:50"}
{"ip":"::1","level":"debug","message":"OPTIONS /api/auth/me 204","timestamp":"2026-08-05 13:43:34"}
{"ip":"::1","level":"debug","message":"OPTIONS /api/auth/me 204","timestamp":"2026-08-05 13:43:35"}
{"ip":"::1","level":"debug","message":"GET /api/auth/me 304","timestamp":"2026-08-05 13:43:35"}
{"ip":"::1","level":"debug","message":"GET /api/auth/me 304","timestamp":"2026-08-05 13:43:35"}
{"ip":"::1","level":"debug","message":"OPTIONS /api/auth/me 204","timestamp":"2026-08-05 14:10:56"}
{"ip":"::1","level":"debug","message":"OPTIONS /api/auth/me 204","timestamp":"2026-08-05 14:10:56"}
{"ip":"::1","level":"debug","message":"OPTIONS /api/auth/me 204","timestamp":"2026-08-05 14:11:42"}
{"ip":"::1","level":"debug","message":"OPTIONS /api/auth/me 204","timestamp":"2026-08-05 14:11:43"}
{"ip":"::1","level":"debug","message":"GET /api/auth/me 304","timestamp":"2026-08-05 14:11:43"}
{"ip":"::1","level":"debug","message":"GET /api/auth/me 304","timestamp":"2026-08-05 14:11:43"}
{"level":"info","message":"🚀 Server running on port 5000","timestamp":"2026-08-05 14:12:10"}
{"ip":"::1","level":"debug","message":"OPTIONS /api/auth/me 204","timestamp":"2026-08-05 14:13:29"}
{"ip":"::1","level":"debug","message":"OPTIONS /api/auth/me 204","timestamp":"2026-08-05 14:13:29"}
{"ip":"::1","level":"debug","message":"GET /api/auth/me 304","timestamp":"2026-08-05 14:13:29"}
{"ip":"::1","level":"debug","message":"GET /api/auth/me 304","timestamp":"2026-08-05 14:13:29"}
{"ip":"::1","level":"debug","message":"OPTIONS /api/auth/me 204","timestamp":"2026-08-05 14:34:43"}
{"ip":"::1","level":"debug","message":"OPTIONS /api/auth/me 204","timestamp":"2026-08-05 14:34:43"}
{"ip":"::1","level":"debug","message":"GET /api/auth/me 304","timestamp":"2026-08-05 14:34:43"}
{"ip":"::1","level":"debug","message":"GET /api/auth/me 304","timestamp":"2026-08-05 14:34:43"}
{"ip":"::1","level":"debug","message":"GET /api/menu/categories 200","timestamp":"2026-08-05 14:42:34"}
{"ip":"::1","level":"debug","message":"GET /api/menu/categories 304","timestamp":"2026-08-05 14:42:34"}
{"ip":"::1","level":"debug","message":"GET /api/menu? 200","timestamp":"2026-08-05 14:42:34"}
{"ip":"::1","level":"debug","message":"GET /api/menu? 304","timestamp":"2026-08-05 14:42:34"}
{"ip":"::1","level":"debug","message":"GET /uploads/gujratithali.png 200","timestamp":"2026-08-05 14:42:34"}
{"ip":"::1","level":"debug","message":"GET /uploads/panjabi%20thali.jfif 200","timestamp":"2026-08-05 14:42:34"}
{"ip":"::1","level":"debug","message":"GET /uploads/panjabi%20thali1.jpg 200","timestamp":"2026-08-05 14:42:34"}
{"ip":"::1","level":"debug","message":"GET /api/reviews/item/6a72c052bc4c923bdc6683f1 200","timestamp":"2026-08-05 14:42:43"}
{"ip":"::1","level":"debug","message":"OPTIONS /api/auth/login 204","timestamp":"2026-08-05 14:43:14"}
{"ip":"::1","level":"debug","message":"POST /api/auth/login 400","timestamp":"2026-08-05 14:43:14"}
{"ip":"::1","level":"debug","message":"OPTIONS /api/auth/login 204","timestamp":"2026-08-05 14:43:24"}
{"ip":"::1","level":"debug","message":"POST /api/auth/login 400","timestamp":"2026-08-05 14:43:25"}
{"ip":"::1","level":"debug","message":"POST /api/auth/login 400","timestamp":"2026-08-05 14:43:25"}
{"ip":"::1","level":"debug","message":"POST /api/auth/login 400","timestamp":"2026-08-05 14:43:26"}
{"ip":"::1","level":"debug","message":"POST /api/auth/login 400","timestamp":"2026-08-05 14:43:26"}
{"ip":"::1","level":"debug","message":"OPTIONS /api/auth/me 204","timestamp":"2026-08-05 14:43:38"}
{"ip":"::1","level":"debug","message":"OPTIONS /api/auth/me 204","timestamp":"2026-08-05 14:43:39"}
{"ip":"::1","level":"debug","message":"GET /api/auth/me 304","timestamp":"2026-08-05 14:43:39"}
{"ip":"::1","level":"debug","message":"GET /api/auth/me 304","timestamp":"2026-08-05 14:43:39"}
{"ip":"::1","level":"debug","message":"OPTIONS /api/auth/login 204","timestamp":"2026-08-05 14:44:08"}
{"ip":"::1","level":"debug","message":"POST /api/auth/login 200","timestamp":"2026-08-05 14:44:09"}
{"ip":"::1","level":"debug","message":"OPTIONS /api/auth/me 204","timestamp":"2026-08-05 14:44:25"}
{"ip":"::1","level":"debug","message":"PUT /api/auth/me 200","timestamp":"2026-08-05 14:44:26"}
{"ip":"::1","level":"debug","message":"GET /api/auth/me 200","timestamp":"2026-08-05 14:44:26"}
{"ip":"::1","level":"debug","message":"OPTIONS /api/auth/me 204","timestamp":"2026-08-05 14:44:39"}
{"ip":"::1","level":"debug","message":"PUT /api/auth/me 200","timestamp":"2026-08-05 14:44:39"}
{"ip":"::1","level":"debug","message":"GET /api/auth/me 200","timestamp":"2026-08-05 14:44:39"}
{"ip":"::1","level":"debug","message":"OPTIONS /api/auth/login 204","timestamp":"2026-08-05 14:44:47"}
{"ip":"::1","level":"debug","message":"POST /api/auth/login 200","timestamp":"2026-08-05 14:44:47"}
{"ip":"::1","level":"debug","message":"OPTIONS /api/reservations 204","timestamp":"2026-08-05 14:46:23"}
{"ip":"::1","level":"debug","message":"POST /api/reservations 201","timestamp":"2026-08-05 14:46:27"}
{"ip":"::1","level":"debug","message":"POST /api/reservations 201","timestamp":"2026-08-05 14:46:29"}
{"ip":"::1","level":"debug","message":"POST /api/reservations 201","timestamp":"2026-08-05 14:46:30"}
{"ip":"::1","level":"debug","message":"POST /api/reservations 201","timestamp":"2026-08-05 14:46:30"}
{"ip":"::1","level":"debug","message":"OPTIONS /api/admin/stats 204","timestamp":"2026-08-05 14:46:47"}
{"ip":"::1","level":"debug","message":"GET /api/admin/stats 200","timestamp":"2026-08-05 14:46:47"}
{"ip":"::1","level":"debug","message":"GET /api/menu 304","timestamp":"2026-08-05 14:46:52"}
{"ip":"::1","level":"debug","message":"GET /api/menu 304","timestamp":"2026-08-05 14:46:52"}
{"ip":"::1","level":"debug","message":"OPTIONS /api/auth/me 204","timestamp":"2026-08-05 14:46:56"}
{"ip":"::1","level":"debug","message":"OPTIONS /api/auth/me 204","timestamp":"2026-08-05 14:46:57"}
{"ip":"::1","level":"debug","message":"GET /api/auth/me 304","timestamp":"2026-08-05 14:46:57"}
{"ip":"::1","level":"debug","message":"GET /api/auth/me 304","timestamp":"2026-08-05 14:46:57"}
{"ip":"::1","level":"debug","message":"GET /api/menu 304","timestamp":"2026-08-05 14:46:57"}
{"ip":"::1","level":"debug","message":"GET /api/menu 304","timestamp":"2026-08-05 14:46:57"}
{"ip":"::1","level":"debug","message":"OPTIONS /api/menu/reorder/6a6d93ad36c0e60f170ae528 204","timestamp":"2026-08-05 14:46:59"}
{"ip":"::1","level":"debug","message":"OPTIONS /api/menu/reorder/6a6d93ad36c0e60f170ae528 204","timestamp":"2026-08-05 14:46:59"}
{"ip":"::1","level":"debug","message":"GET /api/menu/categories 304","timestamp":"2026-08-05 14:46:59"}
{"ip":"::1","level":"debug","message":"GET /api/menu? 304","timestamp":"2026-08-05 14:46:59"}
{"ip":"::1","level":"debug","message":"GET /api/menu/categories 304","timestamp":"2026-08-05 14:46:59"}
{"ip":"::1","level":"debug","message":"GET /api/menu? 304","timestamp":"2026-08-05 14:46:59"}
{"ip":"::1","level":"debug","message":"GET /api/menu/reorder/6a6d93ad36c0e60f170ae528 304","timestamp":"2026-08-05 14:46:59"}
{"ip":"::1","level":"debug","message":"GET /api/menu/reorder/6a6d93ad36c0e60f170ae528 304","timestamp":"2026-08-05 14:47:00"}
{"ip":"::1","level":"debug","message":"OPTIONS /api/menu/reorder/6a706363f21e525453c49414 204","timestamp":"2026-08-05 14:47:15"}
{"ip":"::1","level":"debug","message":"GET /api/menu/categories 304","timestamp":"2026-08-05 14:47:15"}
{"ip":"::1","level":"debug","message":"GET /api/menu? 304","timestamp":"2026-08-05 14:47:15"}
{"ip":"::1","level":"debug","message":"GET /api/menu/categories 304","timestamp":"2026-08-05 14:47:15"}
{"ip":"::1","level":"debug","message":"GET /api/menu/reorder/6a706363f21e525453c49414 200","timestamp":"2026-08-05 14:47:15"}
{"ip":"::1","level":"debug","message":"GET /api/menu? 304","timestamp":"2026-08-05 14:47:15"}
{"ip":"::1","level":"debug","message":"GET /api/menu/reorder/6a706363f21e525453c49414 304","timestamp":"2026-08-05 14:47:15"}
{"ip":"::1","level":"debug","message":"OPTIONS /api/auth/me 204","timestamp":"2026-08-05 14:47:31"}
{"ip":"::1","level":"debug","message":"GET /api/menu/categories 304","timestamp":"2026-08-05 14:47:31"}
{"ip":"::1","level":"debug","message":"GET /api/menu? 304","timestamp":"2026-08-05 14:47:31"}
{"ip":"::1","level":"debug","message":"GET /api/auth/me 200","timestamp":"2026-08-05 14:47:31"}
{"ip":"::1","level":"debug","message":"OPTIONS /api/menu/reorder/6a706363f21e525453c49414 204","timestamp":"2026-08-05 14:47:31"}
{"ip":"::1","level":"debug","message":"GET /api/menu/reorder/6a706363f21e525453c49414 304","timestamp":"2026-08-05 14:47:31"}
{"ip":"::1","level":"debug","message":"OPTIONS /api/auth/me 204","timestamp":"2026-08-05 14:48:06"}
{"ip":"::1","level":"debug","message":"OPTIONS /api/auth/me 204","timestamp":"2026-08-05 14:48:06"}
{"ip":"::1","level":"debug","message":"GET /api/menu/categories 304","timestamp":"2026-08-05 14:48:06"}
{"ip":"::1","level":"debug","message":"GET /api/menu? 304","timestamp":"2026-08-05 14:48:06"}
{"ip":"::1","level":"debug","message":"GET /api/auth/me 304","timestamp":"2026-08-05 14:48:06"}
{"ip":"::1","level":"debug","message":"GET /api/menu/categories 304","timestamp":"2026-08-05 14:48:06"}
{"ip":"::1","level":"debug","message":"OPTIONS /api/menu/reorder/6a6d93ad36c0e60f170ae528 204","timestamp":"2026-08-05 14:48:06"}
{"ip":"::1","level":"debug","message":"GET /api/menu? 304","timestamp":"2026-08-05 14:48:06"}
{"ip":"::1","level":"debug","message":"GET /api/auth/me 304","timestamp":"2026-08-05 14:48:06"}
{"ip":"::1","level":"debug","message":"GET /api/menu/reorder/6a6d93ad36c0e60f170ae528 304","timestamp":"2026-08-05 14:48:07"}
{"ip":"::1","level":"debug","message":"GET /api/menu/reorder/6a6d93ad36c0e60f170ae528 304","timestamp":"2026-08-05 14:48:07"}
{"ip":"::1","level":"debug","message":"OPTIONS /api/auth/me 204","timestamp":"2026-08-05 14:48:21"}
{"ip":"::1","level":"debug","message":"GET /api/auth/me 304","timestamp":"2026-08-05 14:48:21"}
{"ip":"::1","level":"debug","message":"GET /api/auth/me 304","timestamp":"2026-08-05 14:48:21"}
{"ip":"::1","level":"debug","message":"OPTIONS /api/menu/reorder/6a706363f21e525453c49414 204","timestamp":"2026-08-05 14:48:23"}
{"ip":"::1","level":"debug","message":"OPTIONS /api/menu/reorder/6a706363f21e525453c49414 204","timestamp":"2026-08-05 14:48:23"}
{"ip":"::1","level":"debug","message":"GET /api/menu/categories 304","timestamp":"2026-08-05 14:48:23"}
{"ip":"::1","level":"debug","message":"GET /api/menu/categories 304","timestamp":"2026-08-05 14:48:23"}
{"ip":"::1","level":"debug","message":"GET /api/menu? 304","timestamp":"2026-08-05 14:48:23"}
{"ip":"::1","level":"debug","message":"GET /api/menu? 304","timestamp":"2026-08-05 14:48:23"}
{"ip":"::1","level":"debug","message":"GET /api/menu/reorder/6a706363f21e525453c49414 304","timestamp":"2026-08-05 14:48:23"}
{"ip":"::1","level":"debug","message":"GET /api/menu/reorder/6a706363f21e525453c49414 304","timestamp":"2026-08-05 14:48:23"}
{"ip":"::1","level":"debug","message":"OPTIONS /api/menu/reorder/6a706363f21e525453c49414 204","timestamp":"2026-08-05 14:48:37"}
{"ip":"::1","level":"debug","message":"OPTIONS /api/menu/reorder/6a706363f21e525453c49414 204","timestamp":"2026-08-05 14:48:37"}
{"ip":"::1","level":"debug","message":"GET /api/menu/categories 304","timestamp":"2026-08-05 14:48:37"}
{"ip":"::1","level":"debug","message":"GET /api/menu? 304","timestamp":"2026-08-05 14:48:37"}
{"ip":"::1","level":"debug","message":"GET /api/menu/reorder/6a706363f21e525453c49414 304","timestamp":"2026-08-05 14:48:37"}
{"ip":"::1","level":"debug","message":"GET /api/menu/categories 304","timestamp":"2026-08-05 14:48:38"}
{"ip":"::1","level":"debug","message":"GET /api/menu? 304","timestamp":"2026-08-05 14:48:38"}
{"ip":"::1","level":"debug","message":"GET /api/menu/reorder/6a706363f21e525453c49414 304","timestamp":"2026-08-05 14:48:38"}
{"ip":"::1","level":"debug","message":"OPTIONS /api/auth/me 204","timestamp":"2026-08-05 14:49:26"}
{"ip":"::1","level":"debug","message":"GET /api/menu/categories 304","timestamp":"2026-08-05 14:49:26"}
{"ip":"::1","level":"debug","message":"GET /api/menu? 304","timestamp":"2026-08-05 14:49:26"}
{"ip":"::1","level":"debug","message":"GET /api/auth/me 304","timestamp":"2026-08-05 14:49:27"}
{"ip":"::1","level":"debug","message":"OPTIONS /api/menu/reorder/6a706363f21e525453c49414 204","timestamp":"2026-08-05 14:49:27"}
{"ip":"::1","level":"debug","message":"GET /api/menu/reorder/6a706363f21e525453c49414 304","timestamp":"2026-08-05 14:49:27"}
{"ip":"::1","level":"debug","message":"OPTIONS /api/auth/me 204","timestamp":"2026-08-05 14:49:31"}
{"ip":"::1","level":"debug","message":"OPTIONS /api/auth/me 204","timestamp":"2026-08-05 14:49:31"}
{"ip":"::1","level":"debug","message":"GET /api/menu/categories 304","timestamp":"2026-08-05 14:49:31"}
{"ip":"::1","level":"debug","message":"GET /api/menu? 304","timestamp":"2026-08-05 14:49:31"}
{"ip":"::1","level":"debug","message":"GET /api/auth/me 304","timestamp":"2026-08-05 14:49:31"}
{"ip":"::1","level":"debug","message":"GET /api/menu/categories 304","timestamp":"2026-08-05 14:49:31"}
{"ip":"::1","level":"debug","message":"OPTIONS /api/menu/reorder/6a706363f21e525453c49414 204","timestamp":"2026-08-05 14:49:31"}
{"ip":"::1","level":"debug","message":"GET /api/menu? 304","timestamp":"2026-08-05 14:49:31"}
{"ip":"::1","level":"debug","message":"GET /api/auth/me 304","timestamp":"2026-08-05 14:49:31"}
{"ip":"::1","level":"debug","message":"GET /api/menu/reorder/6a706363f21e525453c49414 304","timestamp":"2026-08-05 14:49:31"}
{"ip":"::1","level":"debug","message":"GET /api/menu/reorder/6a706363f21e525453c49414 304","timestamp":"2026-08-05 14:49:32"}
{"ip":"::1","level":"debug","message":"OPTIONS /api/auth/logout 204","timestamp":"2026-08-05 14:52:59"}
{"ip":"::1","level":"debug","message":"POST /api/auth/logout 200","timestamp":"2026-08-05 14:52:59"}
{"ip":"::1","level":"debug","message":"GET /api/menu/categories 304","timestamp":"2026-08-05 14:53:02"}
{"ip":"::1","level":"debug","message":"GET /api/menu? 304","timestamp":"2026-08-05 14:53:02"}
{"ip":"::1","level":"debug","message":"GET /api/menu/categories 304","timestamp":"2026-08-05 14:53:02"}
{"ip":"::1","level":"debug","message":"GET /api/menu? 304","timestamp":"2026-08-05 14:53:02"}
{"ip":"::1","level":"debug","message":"OPTIONS /api/auth/login 204","timestamp":"2026-08-05 14:53:42"}
{"ip":"::1","level":"debug","message":"POST /api/auth/login 200","timestamp":"2026-08-05 14:53:43"}
{"ip":"::1","level":"debug","message":"OPTIONS /api/menu/reorder/6a6d93ad36c0e60f170ae528 204","timestamp":"2026-08-05 14:53:47"}
{"ip":"::1","level":"debug","message":"GET /api/menu/categories 304","timestamp":"2026-08-05 14:53:47"}
{"ip":"::1","level":"debug","message":"GET /api/menu? 304","timestamp":"2026-08-05 14:53:47"}
{"ip":"::1","level":"debug","message":"GET /api/menu/categories 304","timestamp":"2026-08-05 14:53:47"}
{"ip":"::1","level":"debug","message":"GET /api/menu/reorder/6a6d93ad36c0e60f170ae528 200","timestamp":"2026-08-05 14:53:48"}
{"ip":"::1","level":"debug","message":"GET /api/menu? 304","timestamp":"2026-08-05 14:53:48"}
{"ip":"::1","level":"debug","message":"GET /api/menu/reorder/6a6d93ad36c0e60f170ae528 304","timestamp":"2026-08-05 14:53:48"}
{"ip":"::1","level":"debug","message":"OPTIONS /api/admin/stats 204","timestamp":"2026-08-05 14:53:51"}
{"ip":"::1","level":"debug","message":"GET /api/admin/stats 200","timestamp":"2026-08-05 14:53:51"}
{"ip":"::1","level":"debug","message":"GET /api/menu 200","timestamp":"2026-08-05 14:53:56"}
{"ip":"::1","level":"debug","message":"GET /api/menu 304","timestamp":"2026-08-05 14:53:56"}
{"ip":"::1","level":"debug","message":"OPTIONS /api/menu/reorder/6a6d93ad36c0e60f170ae528 204","timestamp":"2026-08-05 14:54:08"}
{"ip":"::1","level":"debug","message":"OPTIONS /api/menu/reorder/6a6d93ad36c0e60f170ae528 204","timestamp":"2026-08-05 14:54:08"}
{"ip":"::1","level":"debug","message":"GET /api/menu/categories 304","timestamp":"2026-08-05 14:54:08"}
{"ip":"::1","level":"debug","message":"GET /api/menu? 304","timestamp":"2026-08-05 14:54:09"}
{"ip":"::1","level":"debug","message":"GET /api/menu/reorder/6a6d93ad36c0e60f170ae528 304","timestamp":"2026-08-05 14:54:09"}
{"ip":"::1","level":"debug","message":"GET /api/menu/categories 304","timestamp":"2026-08-05 14:54:09"}
{"ip":"::1","level":"debug","message":"GET /api/menu? 304","timestamp":"2026-08-05 14:54:09"}
{"ip":"::1","level":"debug","message":"GET /api/menu/reorder/6a6d93ad36c0e60f170ae528 304","timestamp":"2026-08-05 14:54:10"}
{"ip":"::1","level":"debug","message":"OPTIONS /api/auth/me 204","timestamp":"2026-08-05 14:55:48"}
{"ip":"::1","level":"debug","message":"GET /api/menu/categories 304","timestamp":"2026-08-05 14:55:48"}
{"ip":"::1","level":"debug","message":"GET /api/menu? 304","timestamp":"2026-08-05 14:55:48"}
{"ip":"::1","level":"debug","message":"GET /api/menu/categories 304","timestamp":"2026-08-05 14:55:48"}
{"ip":"::1","level":"debug","message":"GET /api/auth/me 304","timestamp":"2026-08-05 14:55:48"}
{"ip":"::1","level":"debug","message":"OPTIONS /api/menu/reorder/6a706363f21e525453c49414 204","timestamp":"2026-08-05 14:55:49"}
{"ip":"::1","level":"debug","message":"GET /api/menu? 304","timestamp":"2026-08-05 14:55:49"}
{"ip":"::1","level":"debug","message":"GET /api/auth/me 304","timestamp":"2026-08-05 14:55:49"}
{"ip":"::1","level":"debug","message":"GET /api/menu/reorder/6a706363f21e525453c49414 304","timestamp":"2026-08-05 14:55:49"}
{"ip":"::1","level":"debug","message":"GET /api/menu/reorder/6a706363f21e525453c49414 304","timestamp":"2026-08-05 14:55:49"}
{"ip":"::1","level":"debug","message":"OPTIONS /api/admin/stats 204","timestamp":"2026-08-05 14:56:20"}
{"ip":"::1","level":"debug","message":"GET /api/admin/stats 304","timestamp":"2026-08-05 14:56:21"}
{"ip":"::1","level":"debug","message":"GET /api/menu 304","timestamp":"2026-08-05 14:56:23"}
{"ip":"::1","level":"debug","message":"GET /api/menu 304","timestamp":"2026-08-05 14:56:23"}
{"ip":"::1","level":"debug","message":"OPTIONS /api/auth/me 204","timestamp":"2026-08-05 14:56:42"}
{"ip":"::1","level":"debug","message":"GET /api/auth/me 200","timestamp":"2026-08-05 14:56:42"}
{"ip":"::1","level":"debug","message":"GET /api/menu 304","timestamp":"2026-08-05 14:56:42"}
{"ip":"::1","level":"debug","message":"GET /api/menu 304","timestamp":"2026-08-05 14:56:42"}
{"ip":"::1","level":"debug","message":"OPTIONS /api/admin/stats 204","timestamp":"2026-08-05 14:56:47"}
{"ip":"::1","level":"debug","message":"GET /api/admin/stats 304","timestamp":"2026-08-05 14:56:47"}
{"ip":"::1","level":"debug","message":"GET /api/menu 304","timestamp":"2026-08-05 14:56:51"}
{"ip":"::1","level":"debug","message":"GET /api/menu 304","timestamp":"2026-08-05 14:56:51"}
{"ip":"::1","level":"debug","message":"OPTIONS /api/menu/6a71c8c2a19e283d8fdd12cc 204","timestamp":"2026-08-05 14:56:59"}
{"ip":"::1","level":"debug","message":"PUT /api/menu/6a71c8c2a19e283d8fdd12cc 200","timestamp":"2026-08-05 14:56:59"}
{"ip":"::1","level":"debug","message":"PUT /api/menu/6a71c8c2a19e283d8fdd12cc 200","timestamp":"2026-08-05 14:57:00"}
{"ip":"::1","level":"debug","message":"OPTIONS /api/auth/me 204","timestamp":"2026-08-05 14:57:16"}
{"ip":"::1","level":"debug","message":"GET /api/auth/me 304","timestamp":"2026-08-05 14:57:17"}
{"ip":"::1","level":"debug","message":"GET /api/menu 304","timestamp":"2026-08-05 14:57:17"}
{"ip":"::1","level":"debug","message":"GET /api/menu 304","timestamp":"2026-08-05 14:57:17"}
{"ip":"::1","level":"debug","message":"OPTIONS /api/menu/6a71c8c2a19e283d8fdd12cc 204","timestamp":"2026-08-05 14:58:13"}
{"ip":"::1","level":"debug","message":"PUT /api/menu/6a71c8c2a19e283d8fdd12cc 200","timestamp":"2026-08-05 14:58:13"}
{"ip":"::1","level":"debug","message":"PUT /api/menu/6a71c8c2a19e283d8fdd12cc 200","timestamp":"2026-08-05 14:58:13"}
{"ip":"::1","level":"debug","message":"OPTIONS /api/admin/stats 204","timestamp":"2026-08-05 14:58:21"}
{"ip":"::1","level":"debug","message":"GET /api/admin/stats 304","timestamp":"2026-08-05 14:58:21"}
{"ip":"::1","level":"debug","message":"GET /api/menu 304","timestamp":"2026-08-05 14:58:24"}
{"ip":"::1","level":"debug","message":"GET /api/menu 304","timestamp":"2026-08-05 14:58:24"}
{"ip":"::1","level":"debug","message":"OPTIONS /api/menu/6a71c8c2a19e283d8fdd12cc 204","timestamp":"2026-08-05 14:59:42"}
{"ip":"::1","level":"debug","message":"PUT /api/menu/6a71c8c2a19e283d8fdd12cc 200","timestamp":"2026-08-05 14:59:42"}
{"ip":"::1","level":"debug","message":"OPTIONS /api/auth/me 204","timestamp":"2026-08-05 14:59:47"}
{"ip":"::1","level":"debug","message":"OPTIONS /api/auth/me 204","timestamp":"2026-08-05 14:59:47"}
{"ip":"::1","level":"debug","message":"GET /api/auth/me 304","timestamp":"2026-08-05 14:59:47"}
{"ip":"::1","level":"debug","message":"GET /api/auth/me 304","timestamp":"2026-08-05 14:59:47"}
{"ip":"::1","level":"debug","message":"GET /api/menu 200","timestamp":"2026-08-05 14:59:47"}
{"ip":"::1","level":"debug","message":"GET /api/menu 304","timestamp":"2026-08-05 14:59:47"}
{"ip":"::1","level":"debug","message":"OPTIONS /api/menu/6a71c8c2a19e283d8fdd12cc 204","timestamp":"2026-08-05 14:59:51"}
{"ip":"::1","level":"debug","message":"PUT /api/menu/6a71c8c2a19e283d8fdd12cc 200","timestamp":"2026-08-05 14:59:51"}
{"ip":"::1","level":"debug","message":"OPTIONS /api/admin/stats 204","timestamp":"2026-08-05 15:00:05"}
{"ip":"::1","level":"debug","message":"GET /api/admin/stats 304","timestamp":"2026-08-05 15:00:06"}
{"ip":"::1","level":"debug","message":"GET /api/menu 200","timestamp":"2026-08-05 15:00:11"}
{"ip":"::1","level":"debug","message":"GET /api/menu 304","timestamp":"2026-08-05 15:00:11"}
{"ip":"::1","level":"debug","message":"OPTIONS /api/admin/stats 204","timestamp":"2026-08-05 15:00:19"}
{"ip":"::1","level":"debug","message":"GET /api/admin/stats 304","timestamp":"2026-08-05 15:00:20"}
{"ip":"::1","level":"debug","message":"GET /api/menu 304","timestamp":"2026-08-05 15:00:21"}
{"ip":"::1","level":"debug","message":"GET /api/menu 304","timestamp":"2026-08-05 15:00:21"}
{"ip":"::1","level":"debug","message":"OPTIONS /api/menu/6a705907f21e525453c49412 204","timestamp":"2026-08-05 15:00:31"}
{"ip":"::1","level":"debug","message":"DELETE /api/menu/6a705907f21e525453c49412 200","timestamp":"2026-08-05 15:00:31"}
{"ip":"::1","level":"debug","message":"OPTIONS /api/menu/6a71c8c2a19e283d8fdd12cc 204","timestamp":"2026-08-05 15:00:34"}
{"ip":"::1","level":"debug","message":"DELETE /api/menu/6a71c8c2a19e283d8fdd12cc 200","timestamp":"2026-08-05 15:00:34"}
{"ip":"::1","level":"debug","message":"OPTIONS /api/auth/me 204","timestamp":"2026-08-05 15:00:42"}
{"ip":"::1","level":"debug","message":"GET /api/auth/me 304","timestamp":"2026-08-05 15:00:43"}
{"ip":"::1","level":"debug","message":"GET /api/menu 200","timestamp":"2026-08-05 15:00:43"}
{"ip":"::1","level":"debug","message":"GET /api/menu 304","timestamp":"2026-08-05 15:00:44"}
{"ip":"::1","level":"debug","message":"OPTIONS /api/menu 204","timestamp":"2026-08-05 15:01:40"}
{"ip":"::1","level":"debug","message":"POST /api/menu 201","timestamp":"2026-08-05 15:01:41"}
{"ip":"::1","level":"debug","message":"GET /uploads/vada-pav-1785922301038.jpg 200","timestamp":"2026-08-05 15:01:41"}
{"ip":"::1","level":"debug","message":"OPTIONS /api/auth/me 204","timestamp":"2026-08-05 15:01:48"}
{"ip":"::1","level":"debug","message":"GET /api/auth/me 304","timestamp":"2026-08-05 15:01:48"}
{"ip":"::1","level":"debug","message":"GET /api/menu 200","timestamp":"2026-08-05 15:01:49"}
{"ip":"::1","level":"debug","message":"GET /api/menu 304","timestamp":"2026-08-05 15:01:50"}
{"ip":"::1","level":"debug","message":"OPTIONS /api/menu/reorder/6a6d93ad36c0e60f170ae528 204","timestamp":"2026-08-05 15:01:55"}
{"ip":"::1","level":"debug","message":"OPTIONS /api/menu/reorder/6a6d93ad36c0e60f170ae528 204","timestamp":"2026-08-05 15:01:55"}
{"ip":"::1","level":"debug","message":"GET /api/menu/categories 304","timestamp":"2026-08-05 15:01:55"}
{"ip":"::1","level":"debug","message":"GET /api/menu/categories 304","timestamp":"2026-08-05 15:01:56"}
{"ip":"::1","level":"debug","message":"GET /api/menu? 200","timestamp":"2026-08-05 15:01:56"}
{"ip":"::1","level":"debug","message":"GET /api/menu/reorder/6a6d93ad36c0e60f170ae528 304","timestamp":"2026-08-05 15:01:56"}
{"ip":"::1","level":"debug","message":"GET /api/menu? 304","timestamp":"2026-08-05 15:01:56"}
{"ip":"::1","level":"debug","message":"GET /api/menu/reorder/6a6d93ad36c0e60f170ae528 304","timestamp":"2026-08-05 15:01:56"}
{"ip":"::1","level":"debug","message":"OPTIONS /api/auth/me 204","timestamp":"2026-08-05 15:02:05"}
{"ip":"::1","level":"debug","message":"OPTIONS /api/auth/me 204","timestamp":"2026-08-05 15:02:05"}
{"ip":"::1","level":"debug","message":"GET /api/menu/categories 304","timestamp":"2026-08-05 15:02:05"}
{"ip":"::1","level":"debug","message":"GET /api/menu? 304","timestamp":"2026-08-05 15:02:05"}
{"ip":"::1","level":"debug","message":"GET /api/auth/me 304","timestamp":"2026-08-05 15:02:05"}
{"ip":"::1","level":"debug","message":"GET /api/menu/categories 304","timestamp":"2026-08-05 15:02:05"}
{"ip":"::1","level":"debug","message":"OPTIONS /api/menu/reorder/6a6d93ad36c0e60f170ae528 204","timestamp":"2026-08-05 15:02:05"}
{"ip":"::1","level":"debug","message":"GET /api/menu? 304","timestamp":"2026-08-05 15:02:05"}
{"ip":"::1","level":"debug","message":"GET /api/auth/me 304","timestamp":"2026-08-05 15:02:05"}
{"ip":"::1","level":"debug","message":"GET /api/menu/reorder/6a6d93ad36c0e60f170ae528 304","timestamp":"2026-08-05 15:02:05"}
{"ip":"::1","level":"debug","message":"GET /api/menu/reorder/6a6d93ad36c0e60f170ae528 304","timestamp":"2026-08-05 15:02:05"}
{"ip":"::1","level":"debug","message":"GET /api/coupons 200","timestamp":"2026-08-05 15:11:37"}
{"ip":"::1","level":"debug","message":"GET /api/menu 304","timestamp":"2026-08-05 15:11:38"}
{"ip":"::1","level":"debug","message":"GET /api/coupons 304","timestamp":"2026-08-05 15:11:38"}
{"ip":"::1","level":"debug","message":"GET /api/menu 304","timestamp":"2026-08-05 15:11:38"}
{"ip":"::1","level":"debug","message":"GET /api/coupons 304","timestamp":"2026-08-05 15:13:19"}
{"ip":"::1","level":"debug","message":"GET /api/menu 304","timestamp":"2026-08-05 15:13:19"}
{"ip":"::1","level":"debug","message":"GET /api/coupons 304","timestamp":"2026-08-05 15:13:21"}
{"ip":"::1","level":"debug","message":"GET /api/menu 304","timestamp":"2026-08-05 15:13:21"}
{"ip":"::1","level":"debug","message":"OPTIONS /api/orders 204","timestamp":"2026-08-05 15:16:11"}
{"ip":"::1","level":"debug","message":"POST /api/orders 201","timestamp":"2026-08-05 15:16:11"}
{"ip":"::1","level":"debug","message":"OPTIONS /api/orders/6a730663887ed82743169de7 204","timestamp":"2026-08-05 15:16:41"}
{"ip":"::1","level":"debug","message":"OPTIONS /api/orders/6a730663887ed82743169de7 204","timestamp":"2026-08-05 15:16:42"}
{"ip":"::1","level":"debug","message":"GET /api/orders/6a730663887ed82743169de7 200","timestamp":"2026-08-05 15:16:42"}
{"ip":"::1","level":"debug","message":"GET /api/orders/6a730663887ed82743169de7 304","timestamp":"2026-08-05 15:16:43"}
{"ip":"::1","level":"debug","message":"OPTIONS /api/orders/6a730663887ed82743169de7 204","timestamp":"2026-08-05 15:16:56"}
{"ip":"::1","level":"debug","message":"GET /api/orders/6a730663887ed82743169de7 304","timestamp":"2026-08-05 15:16:56"}
{"ip":"::1","level":"debug","message":"OPTIONS /api/orders/6a730663887ed82743169de7 204","timestamp":"2026-08-05 15:17:11"}
{"ip":"::1","level":"debug","message":"GET /api/orders/6a730663887ed82743169de7 304","timestamp":"2026-08-05 15:17:11"}
{"ip":"::1","level":"debug","message":"OPTIONS /api/orders/6a730663887ed82743169de7 204","timestamp":"2026-08-05 15:17:26"}
{"ip":"::1","level":"debug","message":"GET /api/orders/6a730663887ed82743169de7 304","timestamp":"2026-08-05 15:17:26"}
{"ip":"::1","level":"debug","message":"OPTIONS /api/admin/stats 204","timestamp":"2026-08-05 15:17:29"}
{"ip":"::1","level":"debug","message":"GET /api/admin/stats 200","timestamp":"2026-08-05 15:17:30"}
{"ip":"::1","level":"debug","message":"OPTIONS /api/admin/stats 204","timestamp":"2026-08-05 15:17:46"}
{"ip":"::1","level":"debug","message":"GET /api/admin/stats 304","timestamp":"2026-08-05 15:17:46"}
{"ip":"::1","level":"debug","message":"OPTIONS /api/admin/stats 204","timestamp":"2026-08-05 15:18:01"}
{"ip":"::1","level":"debug","message":"GET /api/admin/stats 304","timestamp":"2026-08-05 15:18:01"}
{"ip":"::1","level":"debug","message":"OPTIONS /api/auth/me 204","timestamp":"2026-08-05 15:18:07"}
{"ip":"::1","level":"debug","message":"GET /api/auth/me 304","timestamp":"2026-08-05 15:18:07"}
{"ip":"::1","level":"debug","message":"OPTIONS /api/admin/stats 204","timestamp":"2026-08-05 15:18:08"}
{"ip":"::1","level":"debug","message":"GET /api/admin/stats 304","timestamp":"2026-08-05 15:18:08"}
{"ip":"::1","level":"debug","message":"OPTIONS /api/reservations 204","timestamp":"2026-08-05 15:20:25"}
{"ip":"::1","level":"debug","message":"POST /api/reservations 201","timestamp":"2026-08-05 15:20:29"}
{"ip":"::1","level":"debug","message":"POST /api/reservations 201","timestamp":"2026-08-05 15:20:31"}
{"ip":"::1","level":"debug","message":"POST /api/reservations 201","timestamp":"2026-08-05 15:20:32"}
{"ip":"::1","level":"debug","message":"OPTIONS /api/admin/stats 204","timestamp":"2026-08-05 15:20:41"}
{"ip":"::1","level":"debug","message":"GET /api/admin/stats 200","timestamp":"2026-08-05 15:20:42"}
{"ip":"::1","level":"debug","message":"OPTIONS /api/reservations/all 204","timestamp":"2026-08-05 15:21:04"}
{"ip":"::1","level":"debug","message":"OPTIONS /api/reservations/all 204","timestamp":"2026-08-05 15:21:04"}
{"ip":"::1","level":"debug","message":"GET /api/reservations/all 200","timestamp":"2026-08-05 15:21:05"}
{"ip":"::1","level":"debug","message":"GET /api/reservations/all 304","timestamp":"2026-08-05 15:21:05"}
{"ip":"::1","level":"debug","message":"GET /api/menu 304","timestamp":"2026-08-05 15:25:32"}
{"ip":"::1","level":"debug","message":"GET /api/menu 304","timestamp":"2026-08-05 15:25:33"}
{"ip":"::1","level":"debug","message":"GET /api/coupons 304","timestamp":"2026-08-05 15:25:35"}
{"ip":"::1","level":"debug","message":"GET /api/menu 304","timestamp":"2026-08-05 15:25:35"}
{"ip":"::1","level":"debug","message":"GET /api/coupons 304","timestamp":"2026-08-05 15:25:35"}
{"ip":"::1","level":"debug","message":"GET /api/menu 304","timestamp":"2026-08-05 15:25:35"}
{"ip":"::1","level":"debug","message":"OPTIONS /api/orders 204","timestamp":"2026-08-05 15:25:43"}
{"ip":"::1","level":"debug","message":"POST /api/orders 201","timestamp":"2026-08-05 15:25:43"}
{"ip":"::1","level":"debug","message":"OPTIONS /api/orders/6a73089f887ed82743169e67 204","timestamp":"2026-08-05 15:25:45"}
{"ip":"::1","level":"debug","message":"OPTIONS /api/orders/6a73089f887ed82743169e67 204","timestamp":"2026-08-05 15:25:46"}
{"ip":"::1","level":"debug","message":"GET /api/orders/6a73089f887ed82743169e67 200","timestamp":"2026-08-05 15:25:46"}
{"ip":"::1","level":"debug","message":"GET /api/orders/6a73089f887ed82743169e67 304","timestamp":"2026-08-05 15:25:46"}
{"ip":"::1","level":"debug","message":"OPTIONS /api/orders/6a73089f887ed82743169e67 204","timestamp":"2026-08-05 15:26:00"}
{"ip":"::1","level":"debug","message":"GET /api/orders/6a73089f887ed82743169e67 304","timestamp":"2026-08-05 15:26:00"}
{"ip":"::1","level":"debug","message":"OPTIONS /api/orders/6a73089f887ed82743169e67 204","timestamp":"2026-08-05 15:26:15"}
{"ip":"::1","level":"debug","message":"GET /api/orders/6a73089f887ed82743169e67 304","timestamp":"2026-08-05 15:26:15"}
{"ip":"::1","level":"debug","message":"OPTIONS /api/orders/6a73089f887ed82743169e67 204","timestamp":"2026-08-05 15:26:30"}
{"ip":"::1","level":"debug","message":"GET /api/orders/6a73089f887ed82743169e67 304","timestamp":"2026-08-05 15:26:30"}
{"ip":"::1","level":"debug","message":"OPTIONS /api/orders/6a73089f887ed82743169e67 204","timestamp":"2026-08-05 15:26:45"}
{"ip":"::1","level":"debug","message":"GET /api/orders/6a73089f887ed82743169e67 304","timestamp":"2026-08-05 15:26:45"}
{"ip":"::1","level":"debug","message":"OPTIONS /api/orders/6a73089f887ed82743169e67 204","timestamp":"2026-08-05 15:27:00"}
{"ip":"::1","level":"debug","message":"GET /api/orders/6a73089f887ed82743169e67 304","timestamp":"2026-08-05 15:27:00"}
{"ip":"::1","level":"debug","message":"OPTIONS /api/orders/6a73089f887ed82743169e67 204","timestamp":"2026-08-05 15:27:07"}
{"ip":"::1","level":"debug","message":"OPTIONS /api/auth/me 204","timestamp":"2026-08-05 15:27:07"}
{"ip":"::1","level":"debug","message":"GET /api/orders/6a73089f887ed82743169e67 304","timestamp":"2026-08-05 15:27:08"}
{"ip":"::1","level":"debug","message":"GET /api/auth/me 304","timestamp":"2026-08-05 15:27:08"}
{"ip":"::1","level":"debug","message":"OPTIONS /api/orders/6a73089f887ed82743169e67 204","timestamp":"2026-08-05 15:27:22"}
{"ip":"::1","level":"debug","message":"GET /api/orders/6a73089f887ed82743169e67 304","timestamp":"2026-08-05 15:27:22"}
{"ip":"::1","level":"debug","message":"OPTIONS /api/orders/6a73089f887ed82743169e67 204","timestamp":"2026-08-05 15:27:37"}
{"ip":"::1","level":"debug","message":"GET /api/orders/6a73089f887ed82743169e67 304","timestamp":"2026-08-05 15:27:37"}
{"ip":"::1","level":"debug","message":"OPTIONS /api/orders/6a73089f887ed82743169e67 204","timestamp":"2026-08-05 15:27:52"}
{"ip":"::1","level":"debug","message":"GET /api/orders/6a73089f887ed82743169e67 304","timestamp":"2026-08-05 15:27:52"}
{"ip":"::1","level":"debug","message":"OPTIONS /api/orders/6a73089f887ed82743169e67 204","timestamp":"2026-08-05 15:28:07"}
{"ip":"::1","level":"debug","message":"GET /api/orders/6a73089f887ed82743169e67 304","timestamp":"2026-08-05 15:28:07"}
{"ip":"::1","level":"debug","message":"OPTIONS /api/admin/stats 204","timestamp":"2026-08-05 15:28:19"}
{"ip":"::1","level":"debug","message":"GET /api/admin/stats 200","timestamp":"2026-08-05 15:28:20"}
{"ip":"::1","level":"debug","message":"OPTIONS /api/orders/all 204","timestamp":"2026-08-05 15:28:32"}
{"ip":"::1","level":"debug","message":"OPTIONS /api/orders/all 204","timestamp":"2026-08-05 15:28:32"}
{"ip":"::1","level":"debug","message":"GET /api/orders/all 200","timestamp":"2026-08-05 15:28:32"}
{"ip":"::1","level":"debug","message":"GET /api/orders/all 304","timestamp":"2026-08-05 15:28:32"}
{"ip":"::1","level":"debug","message":"OPTIONS /api/orders/6a73089f887ed82743169e67/status 204","timestamp":"2026-08-05 15:28:36"}
{"ip":"::1","level":"debug","message":"PUT /api/orders/6a73089f887ed82743169e67/status 200","timestamp":"2026-08-05 15:28:36"}
{"ip":"::1","level":"debug","message":"GET /api/coupons 304","timestamp":"2026-08-05 15:28:41"}
{"ip":"::1","level":"debug","message":"GET /api/menu 304","timestamp":"2026-08-05 15:28:41"}
{"ip":"::1","level":"debug","message":"GET /api/coupons 304","timestamp":"2026-08-05 15:28:41"}
{"ip":"::1","level":"debug","message":"GET /api/menu 304","timestamp":"2026-08-05 15:28:41"}
{"ip":"::1","level":"debug","message":"OPTIONS /api/auth/me 204","timestamp":"2026-08-05 15:34:05"}
{"ip":"::1","level":"debug","message":"GET /api/auth/me 304","timestamp":"2026-08-05 15:34:05"}
{"ip":"::1","level":"debug","message":"OPTIONS /api/menu/reorder/6a6d93ad36c0e60f170ae528 204","timestamp":"2026-08-05 15:34:09"}
{"ip":"::1","level":"debug","message":"OPTIONS /api/menu/reorder/6a6d93ad36c0e60f170ae528 204","timestamp":"2026-08-05 15:34:10"}
{"ip":"::1","level":"debug","message":"GET /api/menu/categories 304","timestamp":"2026-08-05 15:34:10"}
{"ip":"::1","level":"debug","message":"GET /api/menu? 200","timestamp":"2026-08-05 15:34:10"}
{"ip":"::1","level":"debug","message":"GET /api/menu/categories 304","timestamp":"2026-08-05 15:34:10"}
{"ip":"::1","level":"debug","message":"GET /api/menu/reorder/6a6d93ad36c0e60f170ae528 200","timestamp":"2026-08-05 15:34:11"}
{"ip":"::1","level":"debug","message":"GET /api/menu? 304","timestamp":"2026-08-05 15:34:11"}
{"ip":"::1","level":"debug","message":"GET /api/menu/reorder/6a6d93ad36c0e60f170ae528 304","timestamp":"2026-08-05 15:34:11"}
{"ip":"::1","level":"debug","message":"OPTIONS /api/auth/me 204","timestamp":"2026-08-05 15:37:37"}
{"ip":"::1","level":"debug","message":"GET /api/menu/categories 304","timestamp":"2026-08-05 15:37:37"}
{"ip":"::1","level":"debug","message":"GET /api/auth/me 304","timestamp":"2026-08-05 15:37:37"}
{"ip":"::1","level":"debug","message":"GET /api/menu? 200","timestamp":"2026-08-05 15:37:37"}
{"ip":"::1","level":"debug","message":"OPTIONS /api/auth/me 204","timestamp":"2026-08-05 15:37:44"}
{"ip":"::1","level":"debug","message":"GET /api/menu/categories 304","timestamp":"2026-08-05 15:37:44"}
{"ip":"::1","level":"debug","message":"GET /api/auth/me 304","timestamp":"2026-08-05 15:37:44"}
{"ip":"::1","level":"debug","message":"GET /api/menu? 304","timestamp":"2026-08-05 15:37:44"}
{"ip":"::1","level":"debug","message":"OPTIONS /api/menu/reorder/6a706363f21e525453c49414 204","timestamp":"2026-08-05 15:37:57"}
{"ip":"::1","level":"debug","message":"GET /uploads/vada-pav-1785922301038.jpg 200","timestamp":"2026-08-05 15:37:57"}
{"ip":"::1","level":"debug","message":"GET /api/menu/reorder/6a706363f21e525453c49414 200","timestamp":"2026-08-05 15:37:57"}
{"ip":"::1","level":"debug","message":"OPTIONS /api/auth/me 204","timestamp":"2026-08-05 16:34:14"}
{"ip":"::1","level":"debug","message":"OPTIONS /api/auth/me 204","timestamp":"2026-08-05 16:34:14"}
{"ip":"::1","level":"debug","message":"OPTIONS /api/menu/reorder/6a6d93ad36c0e60f170ae528 204","timestamp":"2026-08-05 16:34:14"}
{"ip":"::1","level":"debug","message":"GET /api/menu/reorder/6a6d93ad36c0e60f170ae528 200","timestamp":"2026-08-05 16:34:15"}
{"ip":"::1","level":"debug","message":"GET /api/menu/reorder/6a6d93ad36c0e60f170ae528 304","timestamp":"2026-08-05 16:34:15"}
{"ip":"::ffff:127.0.0.1","level":"debug","message":"GET /api/admin/users 200","timestamp":"2026-08-05 16:44:05"}
{"ip":"::ffff:127.0.0.1","level":"debug","message":"GET /api/admin/users 200","timestamp":"2026-08-05 16:44:14"}
{"ip":"::ffff:127.0.0.1","level":"debug","message":"GET /api/admin/users 200","timestamp":"2026-08-05 16:44:14"}
{"ip":"::ffff:127.0.0.1","level":"debug","message":"GET /api/admin/users 200","timestamp":"2026-08-05 16:44:15"}
{"ip":"::ffff:127.0.0.1","level":"debug","message":"GET /api/admin/users 200","timestamp":"2026-08-05 16:44:15"}
{"ip":"::ffff:127.0.0.1","level":"debug","message":"GET /api/admin/users 401","timestamp":"2026-08-05 16:44:25"}
{"ip":"::ffff:127.0.0.1","level":"debug","message":"GET /api/admin/users 401","timestamp":"2026-08-05 16:44:31"}
{"ip":"::ffff:127.0.0.1","level":"debug","message":"GET /api/admin/users 401","timestamp":"2026-08-05 16:44:31"}
{"ip":"::ffff:127.0.0.1","level":"debug","message":"GET /api/admin/users 200","timestamp":"2026-08-05 16:44:36"}
{"ip":"::ffff:127.0.0.1","level":"debug","message":"GET /api/admin/users/logil 404","timestamp":"2026-08-05 16:45:34"}
{"ip":"::ffff:127.0.0.1","level":"debug","message":"GET /api/admin/users/login 404","timestamp":"2026-08-05 16:45:39"}
{"ip":"::ffff:127.0.0.1","level":"debug","message":"GET /api/admin/users/login 404","timestamp":"2026-08-05 16:46:53"}
{"ip":"::ffff:127.0.0.1","level":"debug","message":"GET /api/admin/users/login 404","timestamp":"2026-08-05 16:46:54"}
{"ip":"::ffff:127.0.0.1","level":"debug","message":"GET /api/admin/users/login 404","timestamp":"2026-08-05 16:46:54"}
{"ip":"::ffff:127.0.0.1","level":"debug","message":"GET /api/admin/users/login 404","timestamp":"2026-08-05 16:47:02"}
{"ip":"::ffff:127.0.0.1","level":"debug","message":"GET /api/admin/users 200","timestamp":"2026-08-05 16:47:06"}
{"ip":"::ffff:127.0.0.1","level":"debug","message":"GET /api/admin/users 200","timestamp":"2026-08-05 16:48:14"}
{"ip":"::ffff:127.0.0.1","level":"debug","message":"GET /api/admin/users 200","timestamp":"2026-08-05 16:48:15"}
{"ip":"::ffff:127.0.0.1","level":"debug","message":"GET /api/admin/users 200","timestamp":"2026-08-05 16:48:16"}
{"ip":"::ffff:127.0.0.1","level":"debug","message":"GET /api/admin/users 200","timestamp":"2026-08-05 16:48:16"}
{"ip":"::ffff:127.0.0.1","level":"debug","message":"GET /api/admin/users 200","timestamp":"2026-08-05 16:48:18"}
{"ip":"::ffff:127.0.0.1","level":"debug","message":"GET /api/admin/users 200","timestamp":"2026-08-05 16:48:44"}
{"ip":"::ffff:127.0.0.1","level":"debug","message":"GET /api/admin/users 200","timestamp":"2026-08-05 16:48:45"}
{"ip":"::ffff:127.0.0.1","level":"debug","message":"GET /api/admin/users 200","timestamp":"2026-08-05 16:48:50"}
{"ip":"::ffff:127.0.0.1","level":"debug","message":"GET /api/admin/users 200","timestamp":"2026-08-05 16:52:19"}
{"ip":"::ffff:127.0.0.1","level":"debug","message":"GET /api/admin/users 401","timestamp":"2026-08-05 16:52:45"}
{"ip":"::1","level":"debug","message":"GET /api/admin/user 401","timestamp":"2026-08-05 16:53:26"}
{"ip":"::1","level":"debug","message":"GET /favicon.ico 404","timestamp":"2026-08-05 16:53:27"}
{"ip":"::1","level":"debug","message":"GET /api/admin/ 401","timestamp":"2026-08-05 16:53:33"}
{"ip":"::1","level":"debug","message":"GET /api/admin 401","timestamp":"2026-08-05 16:53:36"}
{"ip":"::1","level":"debug","message":"GET /api/admin 401","timestamp":"2026-08-05 16:53:46"}
{"ip":"::ffff:127.0.0.1","level":"debug","message":"GET /api/admin/users 401","timestamp":"2026-08-05 16:53:59"}
{"ip":"::ffff:127.0.0.1","level":"debug","message":"GET /api/admin/users 401","timestamp":"2026-08-05 16:54:05"}
{"ip":"::ffff:127.0.0.1","level":"debug","message":"GET /api/admin/users 401","timestamp":"2026-08-05 16:54:06"}
{"ip":"::ffff:127.0.0.1","level":"debug","message":"GET /api/admin/users 401","timestamp":"2026-08-05 16:54:06"}
{"ip":"::ffff:127.0.0.1","level":"debug","message":"GET /api/admin/users 401","timestamp":"2026-08-05 16:54:06"}
{"ip":"::ffff:127.0.0.1","level":"debug","message":"GET /api/admin/users 401","timestamp":"2026-08-05 16:54:07"}
{"ip":"::ffff:127.0.0.1","level":"debug","message":"GET /api/admin/users 401","timestamp":"2026-08-05 16:55:28"}
{"ip":"::ffff:127.0.0.1","level":"debug","message":"GET /api/admin/users 200","timestamp":"2026-08-05 16:56:10"}
{"ip":"::ffff:127.0.0.1","level":"debug","message":"GET /api/admin/users 200","timestamp":"2026-08-05 16:56:10"}
{"ip":"::ffff:127.0.0.1","level":"debug","message":"GET /api/admin/users 200","timestamp":"2026-08-05 16:56:10"}
{"ip":"::ffff:127.0.0.1","level":"debug","message":"GET /api/admin/users 200","timestamp":"2026-08-05 16:56:10"}
{"level":"info","message":"🚀 Server running on port 5000","timestamp":"2026-08-05 17:07:59"}
{"ip":"::1","level":"debug","message":"OPTIONS /api/auth/login 204","timestamp":"2026-08-05 17:08:12"}
{"ip":"::1","level":"debug","message":"POST /api/auth/login 400","timestamp":"2026-08-05 17:08:12"}
{"ip":"::1","level":"debug","message":"OPTIONS /api/auth/login 204","timestamp":"2026-08-05 17:08:33"}
{"ip":"::1","level":"debug","message":"POST /api/auth/login 200","timestamp":"2026-08-05 17:08:33"}
{"ip":"::1","level":"debug","message":"GET /api/auth/register 404","timestamp":"2026-08-05 17:12:15"}
{"ip":"::1","level":"debug","message":"GET /favicon.ico 404","timestamp":"2026-08-05 17:12:15"}
{"ip":"::1","level":"debug","message":"GET /api/auth 404","timestamp":"2026-08-05 17:14:08"}
{"ip":"::1","level":"debug","message":"GET /api/ 404","timestamp":"2026-08-05 17:14:15"}
{"ip":"::1","level":"debug","message":"GET /api/admin 401","timestamp":"2026-08-05 17:14:39"}
{"ip":"::1","level":"debug","message":"OPTIONS /api/auth/me 204","timestamp":"2026-08-05 17:14:49"}
{"ip":"::1","level":"debug","message":"OPTIONS /api/auth/me 204","timestamp":"2026-08-05 17:14:49"}
{"ip":"::1","level":"debug","message":"GET /api/auth/me 304","timestamp":"2026-08-05 17:14:49"}
{"ip":"::1","level":"debug","message":"GET /api/auth/me 304","timestamp":"2026-08-05 17:14:49"}
{"ip":"::ffff:127.0.0.1","level":"debug","message":"GET /api/admin/users 200","timestamp":"2026-08-05 17:15:41"}
{"ip":"::ffff:127.0.0.1","level":"debug","message":"GET /api/admin/users 200","timestamp":"2026-08-05 17:15:42"}
{"ip":"::1","level":"debug","message":"GET /api/admin 401","timestamp":"2026-08-05 17:16:08"}
{"ip":"::1","level":"debug","message":"GET /api/admin 401","timestamp":"2026-08-05 17:16:09"}
{"ip":"::1","level":"debug","message":"GET /api/admin 401","timestamp":"2026-08-05 17:16:09"}
{"ip":"::1","level":"debug","message":"GET /api/admin/users 401","timestamp":"2026-08-05 17:16:16"}
{"ip":"::1","level":"debug","message":"GET /api/admin/user 401","timestamp":"2026-08-05 17:16:22"}
{"ip":"::1","level":"debug","message":"OPTIONS /api/menu/reorder/6a6d93ad36c0e60f170ae528 204","timestamp":"2026-08-05 17:17:28"}
{"ip":"::1","level":"debug","message":"OPTIONS /api/menu/reorder/6a6d93ad36c0e60f170ae528 204","timestamp":"2026-08-05 17:17:28"}
{"ip":"::1","level":"debug","message":"GET /api/menu/categories 304","timestamp":"2026-08-05 17:17:28"}
{"ip":"::1","level":"debug","message":"GET /api/menu/categories 304","timestamp":"2026-08-05 17:17:28"}
{"ip":"::1","level":"debug","message":"GET /api/menu? 304","timestamp":"2026-08-05 17:17:28"}
{"ip":"::1","level":"debug","message":"GET /api/menu? 304","timestamp":"2026-08-05 17:17:28"}
{"ip":"::1","level":"debug","message":"GET /api/menu/reorder/6a6d93ad36c0e60f170ae528 304","timestamp":"2026-08-05 17:17:28"}
{"ip":"::1","level":"debug","message":"GET /api/menu/reorder/6a6d93ad36c0e60f170ae528 304","timestamp":"2026-08-05 17:17:28"}
{"ip":"::1","level":"debug","message":"OPTIONS /api/auth/me 204","timestamp":"2026-08-05 17:18:43"}
{"ip":"::1","level":"debug","message":"OPTIONS /api/auth/me 204","timestamp":"2026-08-05 17:18:44"}
{"ip":"::1","level":"debug","message":"GET /api/menu/categories 304","timestamp":"2026-08-05 17:18:44"}
{"ip":"::1","level":"debug","message":"GET /api/menu/categories 304","timestamp":"2026-08-05 17:18:44"}
{"ip":"::1","level":"debug","message":"GET /api/menu? 304","timestamp":"2026-08-05 17:18:44"}
{"ip":"::1","level":"debug","message":"GET /api/auth/me 304","timestamp":"2026-08-05 17:18:44"}
{"ip":"::1","level":"debug","message":"OPTIONS /api/menu/reorder/6a6d93ad36c0e60f170ae528 204","timestamp":"2026-08-05 17:18:44"}
{"ip":"::1","level":"debug","message":"GET /api/menu? 304","timestamp":"2026-08-05 17:18:44"}
{"ip":"::1","level":"debug","message":"GET /api/auth/me 304","timestamp":"2026-08-05 17:18:44"}
{"ip":"::1","level":"debug","message":"GET /api/menu/reorder/6a6d93ad36c0e60f170ae528 304","timestamp":"2026-08-05 17:18:45"}
{"ip":"::1","level":"debug","message":"GET /api/menu/reorder/6a6d93ad36c0e60f170ae528 304","timestamp":"2026-08-05 17:18:45"}
{"ip":"::ffff:127.0.0.1","level":"debug","message":"GET /api/admin/users 401","timestamp":"2026-08-05 17:22:49"}
{"ip":"::ffff:127.0.0.1","level":"debug","message":"GET /api/admin/users 200","timestamp":"2026-08-05 17:22:54"}
{"ip":"::ffff:127.0.0.1","level":"debug","message":"GET /api/admin/users 200","timestamp":"2026-08-05 17:24:09"}
{"ip":"::1","level":"debug","message":"OPTIONS /api/menu/reorder/6a6d93ad36c0e60f170ae528 204","timestamp":"2026-08-05 17:27:50"}
{"ip":"::1","level":"debug","message":"GET /api/menu/categories 304","timestamp":"2026-08-05 17:27:50"}
{"ip":"::1","level":"debug","message":"OPTIONS /api/menu/reorder/6a6d93ad36c0e60f170ae528 204","timestamp":"2026-08-05 17:27:50"}
{"ip":"::1","level":"debug","message":"GET /api/menu/categories 304","timestamp":"2026-08-05 17:27:51"}
{"ip":"::1","level":"debug","message":"GET /api/menu? 304","timestamp":"2026-08-05 17:27:51"}
{"ip":"::1","level":"debug","message":"GET /api/menu/reorder/6a6d93ad36c0e60f170ae528 304","timestamp":"2026-08-05 17:27:51"}
{"ip":"::1","level":"debug","message":"GET /api/menu? 304","timestamp":"2026-08-05 17:27:51"}
{"ip":"::1","level":"debug","message":"GET /api/menu/reorder/6a6d93ad36c0e60f170ae528 304","timestamp":"2026-08-05 17:27:51"}
{"ip":"::1","level":"debug","message":"GET /api/coupons 304","timestamp":"2026-08-05 17:27:53"}
{"ip":"::1","level":"debug","message":"GET /api/menu 304","timestamp":"2026-08-05 17:27:53"}
{"ip":"::1","level":"debug","message":"GET /api/coupons 304","timestamp":"2026-08-05 17:27:53"}
{"ip":"::1","level":"debug","message":"GET /api/menu 304","timestamp":"2026-08-05 17:27:54"}
{"ip":"::1","level":"debug","message":"GET /uploads/gujratithali.png 200","timestamp":"2026-08-05 17:33:31"}
{"ip":"::1","level":"debug","message":"GET /uploads/panjabi%20thali1.jpg 200","timestamp":"2026-08-05 17:33:34"}
{"ip":"::1","level":"debug","message":"GET /api/menu 200","timestamp":"2026-08-05 17:33:37"}
{"ip":"::1","level":"debug","message":"HEAD /uploads/panjabi%20thali1.jpg 200","timestamp":"2026-08-05 17:34:03"}
{"ip":"::1","level":"debug","message":"HEAD /uploads/panjabi%20thali.jfif 200","timestamp":"2026-08-05 17:34:06"}
{"ip":"::1","level":"debug","message":"GET /uploads/gujratithali.png 200","timestamp":"2026-08-05 17:34:32"}
{"ip":"::1","level":"debug","message":"GET /uploads/vada-pav-1785922301038.jpg 200","timestamp":"2026-08-05 17:35:04"}
{"ip":"::1","level":"debug","message":"OPTIONS /api/auth/me 204","timestamp":"2026-08-05 17:40:46"}
{"ip":"::1","level":"debug","message":"OPTIONS /api/auth/me 204","timestamp":"2026-08-05 17:40:46"}
{"ip":"::1","level":"debug","message":"GET /api/menu/categories 304","timestamp":"2026-08-05 17:40:47"}
{"ip":"::1","level":"debug","message":"GET /api/auth/me 304","timestamp":"2026-08-05 17:40:47"}
{"ip":"::1","level":"debug","message":"GET /api/menu? 304","timestamp":"2026-08-05 17:40:47"}
{"ip":"::1","level":"debug","message":"OPTIONS /api/menu/reorder/6a6d93ad36c0e60f170ae528 204","timestamp":"2026-08-05 17:40:47"}
{"ip":"::1","level":"debug","message":"GET /api/menu/categories 304","timestamp":"2026-08-05 17:40:47"}
{"ip":"::1","level":"debug","message":"GET /api/auth/me 304","timestamp":"2026-08-05 17:40:47"}
{"ip":"::1","level":"debug","message":"GET /api/menu? 304","timestamp":"2026-08-05 17:40:47"}
{"ip":"::1","level":"debug","message":"GET /api/menu/reorder/6a6d93ad36c0e60f170ae528 304","timestamp":"2026-08-05 17:40:47"}
{"ip":"::1","level":"debug","message":"GET /api/menu/reorder/6a6d93ad36c0e60f170ae528 304","timestamp":"2026-08-05 17:40:47"}
{"ip":"::1","level":"debug","message":"OPTIONS /api/auth/me 204","timestamp":"2026-08-05 17:41:51"}
{"ip":"::1","level":"debug","message":"OPTIONS /api/auth/me 204","timestamp":"2026-08-05 17:41:51"}
{"ip":"::1","level":"debug","message":"GET /api/auth/me 304","timestamp":"2026-08-05 17:41:51"}
{"ip":"::1","level":"debug","message":"GET /api/auth/me 304","timestamp":"2026-08-05 17:41:51"}
{"ip":"::1","level":"debug","message":"GET /api/admin/user 401","timestamp":"2026-08-05 17:42:34"}
{"ip":"::1","level":"debug","message":"GET /api/admin/user 401","timestamp":"2026-08-05 17:42:34"}
{"ip":"::1","level":"debug","message":"OPTIONS /api/auth/me 204","timestamp":"2026-08-05 17:43:29"}
{"ip":"::1","level":"debug","message":"OPTIONS /api/auth/me 204","timestamp":"2026-08-05 17:43:29"}
{"ip":"::1","level":"debug","message":"GET /api/auth/me 304","timestamp":"2026-08-05 17:43:29"}
{"ip":"::1","level":"debug","message":"GET /api/auth/me 304","timestamp":"2026-08-05 17:43:29"}
{"level":"info","message":"🚀 Server running on port 5000","timestamp":"2026-08-05 17:51:02"}
{"ip":"::1","level":"debug","message":"OPTIONS /api/menu/reorder/6a6d93ad36c0e60f170ae528 204","timestamp":"2026-08-05 17:51:13"}
{"ip":"::1","level":"debug","message":"OPTIONS /api/menu/reorder/6a6d93ad36c0e60f170ae528 204","timestamp":"2026-08-05 17:51:13"}
{"ip":"::1","level":"debug","message":"GET /api/menu/categories 304","timestamp":"2026-08-05 17:51:13"}
{"ip":"::1","level":"debug","message":"GET /api/menu? 304","timestamp":"2026-08-05 17:51:13"}
{"ip":"::1","level":"debug","message":"GET /api/menu/categories 304","timestamp":"2026-08-05 17:51:13"}
{"ip":"::1","level":"debug","message":"GET /api/menu/reorder/6a6d93ad36c0e60f170ae528 304","timestamp":"2026-08-05 17:51:13"}
{"ip":"::1","level":"debug","message":"GET /api/menu? 304","timestamp":"2026-08-05 17:51:13"}
{"ip":"::1","level":"debug","message":"GET /api/menu/reorder/6a6d93ad36c0e60f170ae528 304","timestamp":"2026-08-05 17:51:13"}
{"ip":"::1","level":"debug","message":"OPTIONS /api/auth/me 204","timestamp":"2026-08-05 17:51:15"}
{"ip":"::1","level":"debug","message":"GET /api/menu/categories 304","timestamp":"2026-08-05 17:51:15"}
{"ip":"::1","level":"debug","message":"GET /api/menu? 304","timestamp":"2026-08-05 17:51:15"}
{"ip":"::1","level":"debug","message":"GET /api/auth/me 304","timestamp":"2026-08-05 17:51:15"}
{"ip":"::1","level":"debug","message":"GET /api/menu/categories 304","timestamp":"2026-08-05 17:51:15"}
{"ip":"::1","level":"debug","message":"GET /api/menu? 304","timestamp":"2026-08-05 17:51:15"}
{"ip":"::1","level":"debug","message":"GET /api/auth/me 304","timestamp":"2026-08-05 17:51:15"}
{"ip":"::1","level":"debug","message":"GET /api/menu/reorder/6a6d93ad36c0e60f170ae528 304","timestamp":"2026-08-05 17:51:15"}
{"ip":"::1","level":"debug","message":"GET /api/menu/reorder/6a6d93ad36c0e60f170ae528 304","timestamp":"2026-08-05 17:51:15"}
{"ip":"::1","level":"debug","message":"OPTIONS /api/auth/me 204","timestamp":"2026-08-05 17:53:26"}
{"ip":"::1","level":"debug","message":"OPTIONS /api/auth/me 204","timestamp":"2026-08-05 17:53:26"}
{"ip":"::1","level":"debug","message":"GET /api/auth/me 304","timestamp":"2026-08-05 17:53:26"}
{"ip":"::1","level":"debug","message":"GET /api/auth/me 304","timestamp":"2026-08-05 17:53:26"}
{"ip":"::1","level":"debug","message":"GET /api/auth/me 304","timestamp":"2026-08-05 17:53:29"}
{"ip":"::1","level":"debug","message":"GET /api/auth/me 304","timestamp":"2026-08-05 17:53:29"}
{"ip":"::1","level":"debug","message":"GET /api/auth/me 304","timestamp":"2026-08-05 17:53:31"}
{"ip":"::1","level":"debug","message":"GET /api/auth/me 304","timestamp":"2026-08-05 17:53:31"}
{"ip":"::1","level":"debug","message":"OPTIONS /api/auth/me 204","timestamp":"2026-08-05 17:53:32"}
{"ip":"::1","level":"debug","message":"GET /api/auth/me 304","timestamp":"2026-08-05 17:53:32"}
{"ip":"::1","level":"debug","message":"GET /api/auth/me 304","timestamp":"2026-08-05 17:53:33"}
{"ip":"::1","level":"debug","message":"OPTIONS /api/auth/me 204","timestamp":"2026-08-05 17:53:38"}
{"ip":"::1","level":"debug","message":"GET /api/auth/me 200","timestamp":"2026-08-05 17:53:38"}
{"ip":"::1","level":"debug","message":"GET /api/auth/me 304","timestamp":"2026-08-05 17:53:38"}
{"ip":"::1","level":"debug","message":"GET /api/auth/me 304","timestamp":"2026-08-05 17:53:41"}
{"ip":"::1","level":"debug","message":"GET /api/auth/me 304","timestamp":"2026-08-05 17:53:41"}
{"ip":"::1","level":"debug","message":"OPTIONS /api/auth/me 204","timestamp":"2026-08-05 17:53:43"}
{"ip":"::1","level":"debug","message":"GET /api/auth/me 304","timestamp":"2026-08-05 17:53:43"}
{"ip":"::1","level":"debug","message":"GET /api/auth/me 304","timestamp":"2026-08-05 17:53:43"}
{"ip":"::1","level":"debug","message":"OPTIONS /api/auth/me 204","timestamp":"2026-08-05 17:57:30"}
{"ip":"::1","level":"debug","message":"OPTIONS /api/auth/me 204","timestamp":"2026-08-05 17:57:30"}
{"ip":"::1","level":"debug","message":"OPTIONS /api/auth/me 204","timestamp":"2026-08-05 17:57:31"}
{"ip":"::1","level":"debug","message":"OPTIONS /api/auth/me 204","timestamp":"2026-08-05 17:57:31"}
{"ip":"::1","level":"debug","message":"GET /api/menu/categories 304","timestamp":"2026-08-05 17:57:31"}
{"ip":"::1","level":"debug","message":"GET /api/auth/me 304","timestamp":"2026-08-05 17:57:31"}
{"ip":"::1","level":"debug","message":"GET /api/menu? 304","timestamp":"2026-08-05 17:57:31"}
{"ip":"::1","level":"debug","message":"GET /api/auth/me 304","timestamp":"2026-08-05 17:57:31"}
{"ip":"::1","level":"debug","message":"GET /api/menu/categories 304","timestamp":"2026-08-05 17:57:31"}
{"ip":"::1","level":"debug","message":"GET /api/auth/me 304","timestamp":"2026-08-05 17:57:31"}
{"ip":"::1","level":"debug","message":"GET /api/menu? 304","timestamp":"2026-08-05 17:57:31"}
{"ip":"::1","level":"debug","message":"GET /api/auth/me 304","timestamp":"2026-08-05 17:57:31"}
{"ip":"::1","level":"debug","message":"OPTIONS /api/menu/reorder/6a6d93ad36c0e60f170ae528 204","timestamp":"2026-08-05 17:57:45"}
{"ip":"::1","level":"debug","message":"GET /api/menu/reorder/6a6d93ad36c0e60f170ae528 304","timestamp":"2026-08-05 17:57:45"}
{"ip":"::1","level":"debug","message":"OPTIONS /api/auth/me 204","timestamp":"2026-08-05 18:03:55"}
{"ip":"::1","level":"debug","message":"OPTIONS /api/auth/me 204","timestamp":"2026-08-05 18:03:55"}
{"ip":"::1","level":"debug","message":"GET /api/menu/categories 304","timestamp":"2026-08-05 18:03:55"}
{"ip":"::1","level":"debug","message":"GET /api/auth/me 304","timestamp":"2026-08-05 18:03:55"}
{"ip":"::1","level":"debug","message":"GET /api/menu? 304","timestamp":"2026-08-05 18:03:55"}
{"ip":"::1","level":"debug","message":"GET /api/menu/categories 304","timestamp":"2026-08-05 18:03:55"}
{"ip":"::1","level":"debug","message":"GET /api/auth/me 304","timestamp":"2026-08-05 18:03:55"}
{"ip":"::1","level":"debug","message":"GET /api/menu? 304","timestamp":"2026-08-05 18:03:55"}
{"ip":"::1","level":"debug","message":"OPTIONS /api/menu/reorder/6a6d93ad36c0e60f170ae528 204","timestamp":"2026-08-05 18:03:55"}
{"ip":"::1","level":"debug","message":"GET /api/menu/reorder/6a6d93ad36c0e60f170ae528 304","timestamp":"2026-08-05 18:03:55"}
{"ip":"::1","level":"debug","message":"OPTIONS /api/auth/me 204","timestamp":"2026-08-05 18:03:55"}
{"ip":"::1","level":"debug","message":"GET /api/auth/me 304","timestamp":"2026-08-05 18:03:55"}
{"ip":"::1","level":"debug","message":"GET /api/auth/me 304","timestamp":"2026-08-05 18:03:55"}
{"ip":"::1","level":"debug","message":"OPTIONS /api/auth/me 204","timestamp":"2026-08-05 18:04:06"}
{"ip":"::1","level":"debug","message":"OPTIONS /api/auth/me 204","timestamp":"2026-08-05 18:04:06"}
{"ip":"::1","level":"debug","message":"GET /api/menu/categories 304","timestamp":"2026-08-05 18:04:06"}
{"ip":"::1","level":"debug","message":"GET /api/menu? 304","timestamp":"2026-08-05 18:04:06"}
{"ip":"::1","level":"debug","message":"GET /api/auth/me 304","timestamp":"2026-08-05 18:04:07"}
{"ip":"::1","level":"debug","message":"OPTIONS /api/menu/reorder/6a6d93ad36c0e60f170ae528 204","timestamp":"2026-08-05 18:04:07"}
{"ip":"::1","level":"debug","message":"GET /api/menu/categories 304","timestamp":"2026-08-05 18:04:07"}
{"ip":"::1","level":"debug","message":"GET /api/menu? 304","timestamp":"2026-08-05 18:04:07"}
{"ip":"::1","level":"debug","message":"GET /api/auth/me 304","timestamp":"2026-08-05 18:04:07"}
{"ip":"::1","level":"debug","message":"GET /api/menu/reorder/6a6d93ad36c0e60f170ae528 304","timestamp":"2026-08-05 18:04:07"}
{"ip":"::1","level":"debug","message":"GET /api/menu/reorder/6a6d93ad36c0e60f170ae528 304","timestamp":"2026-08-05 18:04:07"}
{"ip":"::1","level":"debug","message":"OPTIONS /api/auth/me 204","timestamp":"2026-08-05 18:04:15"}
{"ip":"::1","level":"debug","message":"GET /api/menu/categories 304","timestamp":"2026-08-05 18:04:15"}
{"ip":"::1","level":"debug","message":"GET /api/menu/categories 304","timestamp":"2026-08-05 18:04:15"}
{"ip":"::1","level":"debug","message":"GET /api/menu? 304","timestamp":"2026-08-05 18:04:15"}
{"ip":"::1","level":"debug","message":"GET /api/auth/me 304","timestamp":"2026-08-05 18:04:15"}
{"ip":"::1","level":"debug","message":"GET /api/menu? 304","timestamp":"2026-08-05 18:04:15"}
{"ip":"::1","level":"debug","message":"GET /api/auth/me 304","timestamp":"2026-08-05 18:04:15"}
{"ip":"::1","level":"debug","message":"OPTIONS /api/menu/reorder/6a6d93ad36c0e60f170ae528 204","timestamp":"2026-08-05 18:04:15"}
{"ip":"::1","level":"debug","message":"GET /api/menu/reorder/6a6d93ad36c0e60f170ae528 304","timestamp":"2026-08-05 18:04:15"}
{"ip":"::1","level":"debug","message":"GET /api/menu/reorder/6a6d93ad36c0e60f170ae528 304","timestamp":"2026-08-05 18:04:16"}
{"ip":"::1","level":"debug","message":"OPTIONS /api/auth/me 204","timestamp":"2026-08-05 18:04:16"}
{"ip":"::1","level":"debug","message":"GET /api/auth/me 304","timestamp":"2026-08-05 18:04:16"}
{"ip":"::1","level":"debug","message":"GET /api/auth/me 304","timestamp":"2026-08-05 18:04:16"}
{"ip":"::1","level":"debug","message":"OPTIONS /api/auth/me 204","timestamp":"2026-08-05 18:04:36"}
{"ip":"::1","level":"debug","message":"GET /api/coupons 200","timestamp":"2026-08-05 18:04:36"}
{"ip":"::1","level":"debug","message":"GET /api/auth/me 304","timestamp":"2026-08-05 18:04:36"}
{"ip":"::1","level":"debug","message":"GET /api/coupons 304","timestamp":"2026-08-05 18:04:36"}
{"ip":"::1","level":"debug","message":"GET /api/menu 200","timestamp":"2026-08-05 18:04:36"}
{"ip":"::1","level":"debug","message":"GET /api/auth/me 304","timestamp":"2026-08-05 18:04:36"}
{"ip":"::1","level":"debug","message":"GET /api/menu 304","timestamp":"2026-08-05 18:04:36"}
{"ip":"::1","level":"debug","message":"OPTIONS /api/auth/me 204","timestamp":"2026-08-05 18:04:37"}
{"ip":"::1","level":"debug","message":"GET /api/auth/me 304","timestamp":"2026-08-05 18:04:37"}
{"ip":"::1","level":"debug","message":"GET /api/auth/me 304","timestamp":"2026-08-05 18:04:38"}
{"ip":"::1","level":"debug","message":"GET /api/coupons 304","timestamp":"2026-08-05 18:05:20"}
{"ip":"::1","level":"debug","message":"GET /api/menu 304","timestamp":"2026-08-05 18:05:20"}
{"ip":"::1","level":"debug","message":"OPTIONS /api/auth/me 204","timestamp":"2026-08-05 18:05:20"}
{"ip":"::1","level":"debug","message":"OPTIONS /api/auth/me 204","timestamp":"2026-08-05 18:05:20"}
{"ip":"::1","level":"debug","message":"GET /api/coupons 304","timestamp":"2026-08-05 18:05:20"}
{"ip":"::1","level":"debug","message":"GET /api/menu 304","timestamp":"2026-08-05 18:05:20"}
{"ip":"::1","level":"debug","message":"GET /api/auth/me 304","timestamp":"2026-08-05 18:05:20"}
{"ip":"::1","level":"debug","message":"GET /api/auth/me 304","timestamp":"2026-08-05 18:05:20"}
{"ip":"::1","level":"debug","message":"OPTIONS /api/auth/me 204","timestamp":"2026-08-05 18:05:21"}
{"ip":"::1","level":"debug","message":"GET /api/auth/me 304","timestamp":"2026-08-05 18:05:21"}
{"ip":"::1","level":"debug","message":"GET /api/auth/me 304","timestamp":"2026-08-05 18:05:21"}
{"ip":"::1","level":"debug","message":"OPTIONS /api/coupons/validate 204","timestamp":"2026-08-05 18:09:35"}
{"ip":"::1","level":"debug","message":"POST /api/coupons/validate 400","timestamp":"2026-08-05 18:09:35"}
{"ip":"::1","level":"debug","message":"OPTIONS /api/coupons/validate 204","timestamp":"2026-08-05 18:09:44"}
{"ip":"::1","level":"debug","message":"POST /api/coupons/validate 400","timestamp":"2026-08-05 18:09:44"}
{"ip":"::1","level":"debug","message":"OPTIONS /api/admin/stats 204","timestamp":"2026-08-05 18:15:11"}
{"ip":"::1","level":"debug","message":"GET /api/admin/stats 200","timestamp":"2026-08-05 18:15:11"}
{"ip":"::1","level":"debug","message":"GET /api/menu 304","timestamp":"2026-08-05 18:15:24"}
{"ip":"::1","level":"debug","message":"GET /api/menu 304","timestamp":"2026-08-05 18:15:24"}
{"ip":"::1","level":"debug","message":"OPTIONS /api/auth/me 204","timestamp":"2026-08-05 18:17:39"}
{"ip":"::1","level":"debug","message":"OPTIONS /api/auth/me 204","timestamp":"2026-08-05 18:17:39"}
{"ip":"::1","level":"debug","message":"GET /api/auth/me 304","timestamp":"2026-08-05 18:17:39"}
{"ip":"::1","level":"debug","message":"GET /api/auth/me 304","timestamp":"2026-08-05 18:17:39"}
{"ip":"::1","level":"debug","message":"GET /api/menu 304","timestamp":"2026-08-05 18:17:39"}
{"ip":"::1","level":"debug","message":"GET /api/menu 304","timestamp":"2026-08-05 18:17:39"}
{"ip":"::1","level":"debug","message":"OPTIONS /api/menu/6a72c052bc4c923bdc6683f2 204","timestamp":"2026-08-05 18:17:54"}
{"ip":"::1","level":"debug","message":"PUT /api/menu/6a72c052bc4c923bdc6683f2 200","timestamp":"2026-08-05 18:17:54"}
{"level":"info","message":"🚀 Server running on port 5000","timestamp":"2026-08-05 18:30:08"}
{"level":"info","message":"🚀 Server running on port 5000","timestamp":"2026-08-06 10:37:50"}
{"ip":"::1","level":"debug","message":"OPTIONS /api/auth/me 204","timestamp":"2026-08-06 10:38:57"}
{"ip":"::1","level":"debug","message":"GET /api/auth/me 304","timestamp":"2026-08-06 10:38:57"}
{"ip":"::1","level":"debug","message":"OPTIONS /api/auth/me 204","timestamp":"2026-08-06 10:40:53"}
{"ip":"::1","level":"debug","message":"GET /api/auth/me 304","timestamp":"2026-08-06 10:40:53"}
{"ip":"::1","level":"debug","message":"OPTIONS /api/orders/6a73089f887ed82743169e67 204","timestamp":"2026-08-06 10:40:53"}
{"ip":"::1","level":"debug","message":"GET /api/orders/6a73089f887ed82743169e67 200","timestamp":"2026-08-06 10:40:53"}
{"ip":"::1","level":"debug","message":"OPTIONS /api/auth/me 204","timestamp":"2026-08-06 10:40:58"}
{"ip":"::1","level":"debug","message":"OPTIONS /api/orders/6a730663887ed82743169de7 204","timestamp":"2026-08-06 10:40:58"}
{"ip":"::1","level":"debug","message":"GET /api/auth/me 304","timestamp":"2026-08-06 10:40:58"}
{"ip":"::1","level":"debug","message":"GET /api/orders/6a730663887ed82743169de7 304","timestamp":"2026-08-06 10:40:59"}
{"ip":"::1","level":"debug","message":"OPTIONS /api/auth/me 204","timestamp":"2026-08-06 10:43:19"}
{"ip":"::1","level":"debug","message":"GET /api/auth/me 304","timestamp":"2026-08-06 10:43:19"}
{"ip":"::1","level":"debug","message":"OPTIONS /api/auth/me 204","timestamp":"2026-08-06 10:44:33"}
{"ip":"::1","level":"debug","message":"GET /api/auth/me 401","timestamp":"2026-08-06 10:44:33"}
{"ip":"::1","level":"debug","message":"GET /api/auth/me 401","timestamp":"2026-08-06 10:44:33"}
{"ip":"::1","level":"debug","message":"GET /api/menu/categories 304","timestamp":"2026-08-06 10:49:49"}
{"ip":"::1","level":"debug","message":"GET /api/menu/categories 304","timestamp":"2026-08-06 10:49:49"}
{"ip":"::1","level":"debug","message":"GET /api/menu? 200","timestamp":"2026-08-06 10:49:49"}
{"ip":"::1","level":"debug","message":"GET /api/menu? 304","timestamp":"2026-08-06 10:49:49"}
{"ip":"::1","level":"debug","message":"GET /uploads/gujratithali.png 200","timestamp":"2026-08-06 10:49:50"}
{"ip":"::1","level":"debug","message":"GET /uploads/panjabi%20thali1.jpg 200","timestamp":"2026-08-06 10:49:50"}
{"ip":"::1","level":"debug","message":"GET /uploads/vada-pav-1785922301038.jpg 200","timestamp":"2026-08-06 10:49:50"}
{"ip":"::1","level":"debug","message":"GET /api/menu? 304","timestamp":"2026-08-06 10:52:38"}
{"ip":"::1","level":"debug","message":"GET /api/coupons 304","timestamp":"2026-08-06 10:52:41"}
{"ip":"::1","level":"debug","message":"GET /api/menu 200","timestamp":"2026-08-06 10:52:41"}
{"ip":"::1","level":"debug","message":"GET /api/coupons 304","timestamp":"2026-08-06 10:52:41"}
{"ip":"::1","level":"debug","message":"GET /api/menu 304","timestamp":"2026-08-06 10:52:41"}
{"ip":"::1","level":"debug","message":"GET /api/coupons 304","timestamp":"2026-08-06 10:52:50"}
{"ip":"::1","level":"debug","message":"GET /api/menu 304","timestamp":"2026-08-06 10:52:50"}
{"ip":"::1","level":"debug","message":"GET /api/coupons 304","timestamp":"2026-08-06 10:52:50"}
{"ip":"::1","level":"debug","message":"GET /api/menu 304","timestamp":"2026-08-06 10:52:50"}
{"ip":"::1","level":"debug","message":"GET /api/menu/categories 304","timestamp":"2026-08-06 10:53:07"}
{"ip":"::1","level":"debug","message":"GET /api/menu? 304","timestamp":"2026-08-06 10:53:07"}
{"ip":"::1","level":"debug","message":"GET /api/menu/categories 304","timestamp":"2026-08-06 10:53:07"}
{"ip":"::1","level":"debug","message":"GET /api/menu? 304","timestamp":"2026-08-06 10:53:07"}
{"ip":"::1","level":"debug","message":"GET /api/menu/categories 304","timestamp":"2026-08-06 10:54:24"}
{"ip":"::1","level":"debug","message":"GET /api/menu? 304","timestamp":"2026-08-06 10:54:24"}
{"ip":"::1","level":"debug","message":"GET /api/menu/categories 304","timestamp":"2026-08-06 10:54:24"}
{"ip":"::1","level":"debug","message":"GET /api/menu? 304","timestamp":"2026-08-06 10:54:25"}
{"ip":"::1","level":"debug","message":"GET /api/menu? 304","timestamp":"2026-08-06 10:54:48"}
{"ip":"::1","level":"debug","message":"GET /api/menu? 304","timestamp":"2026-08-06 10:55:21"}
{"ip":"::1","level":"debug","message":"GET /api/menu/categories 304","timestamp":"2026-08-06 10:55:57"}
{"ip":"::1","level":"debug","message":"GET /api/menu? 304","timestamp":"2026-08-06 10:55:57"}
{"ip":"::1","level":"debug","message":"GET /api/menu/categories 304","timestamp":"2026-08-06 10:55:57"}
{"ip":"::1","level":"debug","message":"GET /api/menu? 304","timestamp":"2026-08-06 10:55:57"}
{"ip":"::1","level":"debug","message":"GET /api/menu? 304","timestamp":"2026-08-06 10:56:26"}
{"ip":"::1","level":"debug","message":"GET /api/menu/categories 304","timestamp":"2026-08-06 10:56:28"}
{"ip":"::1","level":"debug","message":"GET /api/menu? 304","timestamp":"2026-08-06 10:56:28"}
{"ip":"::1","level":"debug","message":"GET /api/menu/categories 304","timestamp":"2026-08-06 10:56:28"}
{"ip":"::1","level":"debug","message":"GET /api/menu? 304","timestamp":"2026-08-06 10:56:28"}
{"ip":"::1","level":"debug","message":"OPTIONS /api/auth/me 204","timestamp":"2026-08-06 10:56:29"}
{"ip":"::1","level":"debug","message":"GET /api/coupons 304","timestamp":"2026-08-06 10:56:29"}
{"ip":"::1","level":"debug","message":"GET /api/menu 200","timestamp":"2026-08-06 10:56:29"}
{"ip":"::1","level":"debug","message":"GET /api/auth/me 304","timestamp":"2026-08-06 10:56:29"}
{"ip":"::1","level":"debug","message":"GET /api/menu/categories 304","timestamp":"2026-08-06 10:57:48"}
{"ip":"::1","level":"debug","message":"GET /api/menu? 304","timestamp":"2026-08-06 10:57:48"}
{"ip":"::1","level":"debug","message":"GET /api/menu/categories 304","timestamp":"2026-08-06 10:57:48"}
{"ip":"::1","level":"debug","message":"GET /api/menu? 304","timestamp":"2026-08-06 10:57:48"}
{"ip":"::1","level":"debug","message":"GET /api/menu/categories 304","timestamp":"2026-08-06 10:58:54"}
{"ip":"::1","level":"debug","message":"GET /api/menu/categories 304","timestamp":"2026-08-06 10:58:54"}
{"ip":"::1","level":"debug","message":"GET /api/menu? 304","timestamp":"2026-08-06 10:58:54"}
{"ip":"::1","level":"debug","message":"GET /api/menu? 304","timestamp":"2026-08-06 10:58:54"}
{"ip":"::1","level":"debug","message":"OPTIONS /api/auth/login 204","timestamp":"2026-08-06 11:04:09"}
{"ip":"::1","level":"debug","message":"POST /api/auth/login 200","timestamp":"2026-08-06 11:04:10"}
{"ip":"::1","level":"debug","message":"OPTIONS /api/menu/reorder/6a6d93ad36c0e60f170ae528 204","timestamp":"2026-08-06 11:04:14"}
{"ip":"::1","level":"debug","message":"OPTIONS /api/menu/reorder/6a6d93ad36c0e60f170ae528 204","timestamp":"2026-08-06 11:04:14"}
{"ip":"::1","level":"debug","message":"GET /api/menu/categories 304","timestamp":"2026-08-06 11:04:14"}
{"ip":"::1","level":"debug","message":"GET /api/menu? 304","timestamp":"2026-08-06 11:04:14"}
{"ip":"::1","level":"debug","message":"GET /api/menu/categories 304","timestamp":"2026-08-06 11:04:14"}
{"ip":"::1","level":"debug","message":"GET /api/menu? 304","timestamp":"2026-08-06 11:04:14"}
{"ip":"::1","level":"debug","message":"GET /api/menu/reorder/6a6d93ad36c0e60f170ae528 200","timestamp":"2026-08-06 11:04:14"}
{"ip":"::1","level":"debug","message":"GET /api/menu/reorder/6a6d93ad36c0e60f170ae528 304","timestamp":"2026-08-06 11:04:14"}
{"ip":"::1","level":"debug","message":"GET /api/menu/categories 304","timestamp":"2026-08-06 11:12:28"}
{"ip":"::1","level":"debug","message":"GET /api/menu? 304","timestamp":"2026-08-06 11:12:28"}
{"ip":"::1","level":"debug","message":"OPTIONS /api/auth/me 204","timestamp":"2026-08-06 11:12:28"}
{"ip":"::1","level":"debug","message":"GET /api/auth/me 304","timestamp":"2026-08-06 11:12:28"}
{"ip":"::1","level":"debug","message":"GET /api/menu/categories 304","timestamp":"2026-08-06 11:12:28"}
{"ip":"::1","level":"debug","message":"GET /api/menu? 304","timestamp":"2026-08-06 11:12:28"}
{"ip":"::1","level":"debug","message":"GET /api/auth/me 304","timestamp":"2026-08-06 11:12:28"}
{"ip":"::1","level":"debug","message":"OPTIONS /api/menu/reorder/6a6d93ad36c0e60f170ae528 204","timestamp":"2026-08-06 11:12:28"}
{"ip":"::1","level":"debug","message":"GET /api/menu/reorder/6a6d93ad36c0e60f170ae528 304","timestamp":"2026-08-06 11:12:28"}
{"ip":"::1","level":"debug","message":"GET /api/menu 304","timestamp":"2026-08-06 11:12:28"}
{"ip":"::1","level":"debug","message":"OPTIONS /api/auth/me 204","timestamp":"2026-08-06 11:12:28"}
{"ip":"::1","level":"debug","message":"GET /api/coupons 304","timestamp":"2026-08-06 11:12:28"}
{"ip":"::1","level":"debug","message":"GET /api/auth/me 304","timestamp":"2026-08-06 11:12:28"}
{"ip":"::1","level":"debug","message":"OPTIONS /api/menu/reorder/6a6d93ad36c0e60f170ae528 204","timestamp":"2026-08-06 11:26:31"}
{"ip":"::1","level":"debug","message":"OPTIONS /api/menu/reorder/6a6d93ad36c0e60f170ae528 204","timestamp":"2026-08-06 11:26:31"}
{"ip":"::1","level":"debug","message":"GET /api/menu/categories 304","timestamp":"2026-08-06 11:26:31"}
{"ip":"::1","level":"debug","message":"GET /api/menu? 304","timestamp":"2026-08-06 11:26:31"}
{"ip":"::1","level":"debug","message":"GET /api/menu/categories 304","timestamp":"2026-08-06 11:26:31"}
{"ip":"::1","level":"debug","message":"GET /api/menu/reorder/6a6d93ad36c0e60f170ae528 304","timestamp":"2026-08-06 11:26:31"}
{"ip":"::1","level":"debug","message":"GET /api/menu? 304","timestamp":"2026-08-06 11:26:31"}
{"ip":"::1","level":"debug","message":"GET /api/menu/reorder/6a6d93ad36c0e60f170ae528 304","timestamp":"2026-08-06 11:26:31"}
{"ip":"::1","level":"debug","message":"GET /api/coupons 304","timestamp":"2026-08-06 11:26:34"}
{"ip":"::1","level":"debug","message":"GET /api/coupons 304","timestamp":"2026-08-06 11:26:34"}
{"ip":"::1","level":"debug","message":"GET /api/menu 304","timestamp":"2026-08-06 11:26:34"}
{"ip":"::1","level":"debug","message":"GET /api/menu 304","timestamp":"2026-08-06 11:26:34"}
{"ip":"::1","level":"debug","message":"OPTIONS /api/auth/me 204","timestamp":"2026-08-06 11:26:48"}
{"ip":"::1","level":"debug","message":"OPTIONS /api/auth/me 204","timestamp":"2026-08-06 11:26:48"}
{"ip":"::1","level":"debug","message":"GET /api/auth/me 304","timestamp":"2026-08-06 11:26:48"}
{"ip":"::1","level":"debug","message":"GET /api/auth/me 304","timestamp":"2026-08-06 11:26:48"}
{"ip":"::1","level":"debug","message":"OPTIONS /api/auth/me 204","timestamp":"2026-08-06 11:53:09"}
{"ip":"::1","level":"debug","message":"GET /api/auth/me 304","timestamp":"2026-08-06 11:53:09"}
{"ip":"::1","level":"debug","message":"OPTIONS /api/auth/me 204","timestamp":"2026-08-06 11:53:10"}
{"ip":"::1","level":"debug","message":"GET /api/coupons 304","timestamp":"2026-08-06 11:53:10"}
{"ip":"::1","level":"debug","message":"GET /api/auth/me 304","timestamp":"2026-08-06 11:53:10"}
{"ip":"::1","level":"debug","message":"GET /api/coupons 304","timestamp":"2026-08-06 11:53:10"}
{"ip":"::1","level":"debug","message":"GET /api/menu 304","timestamp":"2026-08-06 11:53:10"}
{"ip":"::1","level":"debug","message":"GET /api/auth/me 304","timestamp":"2026-08-06 11:53:10"}
{"ip":"::1","level":"debug","message":"GET /api/menu 304","timestamp":"2026-08-06 11:53:10"}
{"level":"info","message":"🚀 Server running on port 5000","timestamp":"2026-08-06 11:55:59"}
{"ip":"::1","level":"debug","message":"OPTIONS /api/auth/me 204","timestamp":"2026-08-06 11:56:02"}
{"ip":"::1","level":"debug","message":"GET /api/auth/me 304","timestamp":"2026-08-06 11:56:03"}
{"ip":"::1","level":"debug","message":"OPTIONS /api/auth/me 204","timestamp":"2026-08-06 12:03:32"}
{"ip":"::1","level":"debug","message":"GET /api/auth/me 304","timestamp":"2026-08-06 12:03:32"}
{"ip":"::1","level":"debug","message":"OPTIONS /api/auth/me 204","timestamp":"2026-08-06 12:03:50"}
{"ip":"::1","level":"debug","message":"GET /api/auth/me 304","timestamp":"2026-08-06 12:03:50"}
{"ip":"::1","level":"debug","message":"OPTIONS /api/auth/me 204","timestamp":"2026-08-06 12:04:32"}
{"ip":"::1","level":"debug","message":"GET /api/auth/me 304","timestamp":"2026-08-06 12:04:32"}
{"ip":"::1","level":"debug","message":"OPTIONS /api/auth/me 204","timestamp":"2026-08-06 12:05:33"}
{"ip":"::1","level":"debug","message":"GET /api/auth/me 304","timestamp":"2026-08-06 12:05:33"}
{"ip":"::1","level":"debug","message":"OPTIONS /api/admin/stats 204","timestamp":"2026-08-06 12:05:40"}
{"ip":"::1","level":"debug","message":"GET /api/admin/stats 304","timestamp":"2026-08-06 12:05:40"}
{"ip":"::1","level":"debug","message":"OPTIONS /api/contact/all 204","timestamp":"2026-08-06 12:06:41"}
{"ip":"::1","level":"debug","message":"OPTIONS /api/contact/all 204","timestamp":"2026-08-06 12:06:41"}
{"ip":"::1","level":"debug","message":"GET /api/contact/all 200","timestamp":"2026-08-06 12:06:41"}
{"ip":"::1","level":"debug","message":"GET /api/contact/all 304","timestamp":"2026-08-06 12:06:42"}
{"ip":"::1","level":"debug","message":"OPTIONS /api/contact/6a71cbc2a19e283d8fdd12cd/reply 204","timestamp":"2026-08-06 12:07:01"}
{"ip":"::1","level":"debug","message":"POST /api/contact/6a71cbc2a19e283d8fdd12cd/reply 200","timestamp":"2026-08-06 12:07:04"}
{"ip":"::1","level":"debug","message":"OPTIONS /api/contact/6a71cbc2a19e283d8fdd12cd 204","timestamp":"2026-08-06 12:07:40"}
{"ip":"::1","level":"debug","message":"PUT /api/contact/6a71cbc2a19e283d8fdd12cd 200","timestamp":"2026-08-06 12:07:41"}
{"ip":"::1","level":"debug","message":"PUT /api/contact/6a71cbc2a19e283d8fdd12cd 200","timestamp":"2026-08-06 12:07:44"}
{"ip":"::1","level":"debug","message":"PUT /api/contact/6a71cbc2a19e283d8fdd12cd 200","timestamp":"2026-08-06 12:07:44"}
{"ip":"::1","level":"debug","message":"OPTIONS /api/contact 204","timestamp":"2026-08-06 12:08:05"}
{"ip":"::1","level":"debug","message":"POST /api/contact 200","timestamp":"2026-08-06 12:08:05"}
{"ip":"::1","level":"debug","message":"OPTIONS /api/admin/stats 204","timestamp":"2026-08-06 12:08:09"}
{"ip":"::1","level":"debug","message":"GET /api/admin/stats 200","timestamp":"2026-08-06 12:08:09"}
{"ip":"::1","level":"debug","message":"GET /api/menu 304","timestamp":"2026-08-06 12:08:15"}
{"ip":"::1","level":"debug","message":"GET /api/menu 304","timestamp":"2026-08-06 12:08:15"}
{"ip":"::1","level":"debug","message":"OPTIONS /api/menu/6a72c052bc4c923bdc6683f2 204","timestamp":"2026-08-06 12:09:59"}
{"ip":"::1","level":"debug","message":"PUT /api/menu/6a72c052bc4c923bdc6683f2 200","timestamp":"2026-08-06 12:09:59"}
{"ip":"::1","level":"debug","message":"OPTIONS /api/menu/6a72c052bc4c923bdc6683f2 204","timestamp":"2026-08-06 12:10:20"}
{"ip":"::1","level":"debug","message":"PUT /api/menu/6a72c052bc4c923bdc6683f2 200","timestamp":"2026-08-06 12:10:20"}
{"ip":"::1","level":"debug","message":"OPTIONS /api/reviews/all 204","timestamp":"2026-08-06 12:11:16"}
{"ip":"::1","level":"debug","message":"OPTIONS /api/reviews/all 204","timestamp":"2026-08-06 12:11:16"}
{"ip":"::1","level":"debug","message":"GET /api/reviews/all 200","timestamp":"2026-08-06 12:11:17"}
{"ip":"::1","level":"debug","message":"GET /api/reviews/all 304","timestamp":"2026-08-06 12:11:17"}
{"ip":"::1","level":"debug","message":"OPTIONS /api/contact/all 204","timestamp":"2026-08-06 12:11:20"}
{"ip":"::1","level":"debug","message":"OPTIONS /api/contact/all 204","timestamp":"2026-08-06 12:11:20"}
{"ip":"::1","level":"debug","message":"GET /api/contact/all 200","timestamp":"2026-08-06 12:11:20"}
{"ip":"::1","level":"debug","message":"GET /api/contact/all 304","timestamp":"2026-08-06 12:11:20"}
{"ip":"::1","level":"debug","message":"OPTIONS /api/contact/6a742bcd7dc18c05561b5088 204","timestamp":"2026-08-06 12:11:26"}
{"ip":"::1","level":"debug","message":"PUT /api/contact/6a742bcd7dc18c05561b5088 200","timestamp":"2026-08-06 12:11:27"}
{"ip":"::1","level":"debug","message":"PUT /api/contact/6a742bcd7dc18c05561b5088 200","timestamp":"2026-08-06 12:11:29"}
{"ip":"::1","level":"debug","message":"OPTIONS /api/contact/6a742bcd7dc18c05561b5088/reply 204","timestamp":"2026-08-06 12:11:47"}
{"ip":"::1","level":"debug","message":"POST /api/contact/6a742bcd7dc18c05561b5088/reply 200","timestamp":"2026-08-06 12:11:49"}
{"ip":"::1","level":"debug","message":"OPTIONS /api/admin/users 204","timestamp":"2026-08-06 12:12:34"}
{"ip":"::1","level":"debug","message":"OPTIONS /api/admin/users 204","timestamp":"2026-08-06 12:12:34"}
{"ip":"::1","level":"debug","message":"GET /api/admin/users 200","timestamp":"2026-08-06 12:12:34"}
{"ip":"::1","level":"debug","message":"GET /api/admin/users 304","timestamp":"2026-08-06 12:12:34"}
{"ip":"::1","level":"debug","message":"OPTIONS /api/admin/stats 204","timestamp":"2026-08-06 12:12:40"}
{"ip":"::1","level":"debug","message":"GET /api/admin/stats 304","timestamp":"2026-08-06 12:12:41"}
{"ip":"::1","level":"debug","message":"OPTIONS /api/admin/users 204","timestamp":"2026-08-06 12:12:43"}
{"ip":"::1","level":"debug","message":"OPTIONS /api/admin/users 204","timestamp":"2026-08-06 12:12:43"}
{"ip":"::1","level":"debug","message":"GET /api/admin/users 304","timestamp":"2026-08-06 12:12:43"}
{"ip":"::1","level":"debug","message":"GET /api/admin/users 304","timestamp":"2026-08-06 12:12:43"}
{"ip":"::1","level":"debug","message":"OPTIONS /api/admin/activity 204","timestamp":"2026-08-06 12:13:52"}
{"ip":"::1","level":"debug","message":"OPTIONS /api/admin/activity 204","timestamp":"2026-08-06 12:13:52"}
{"ip":"::1","level":"debug","message":"GET /api/admin/activity 200","timestamp":"2026-08-06 12:13:52"}
{"ip":"::1","level":"debug","message":"GET /api/admin/activity 304","timestamp":"2026-08-06 12:13:52"}
{"level":"info","message":"🚀 Server running on port 5000","timestamp":"2026-08-06 12:40:07"}
{"level":"info","message":"🚀 Server running on port 5000","timestamp":"2026-08-06 12:43:54"}
{"ip":"::1","level":"debug","message":"GET / 200","timestamp":"2026-08-06 12:44:15"}
{"ip":"::1","level":"debug","message":"GET /favicon.ico 404","timestamp":"2026-08-06 12:44:16"}
{"ip":"::1","level":"debug","message":"GET / 200","timestamp":"2026-08-06 12:44:54"}
{"ip":"::1","level":"debug","message":"OPTIONS /api/auth/me 204","timestamp":"2026-08-06 12:45:02"}
{"ip":"::1","level":"debug","message":"OPTIONS /api/auth/me 204","timestamp":"2026-08-06 12:45:02"}
{"ip":"::1","level":"debug","message":"GET /api/auth/me 304","timestamp":"2026-08-06 12:45:02"}
{"ip":"::1","level":"debug","message":"GET /api/auth/me 304","timestamp":"2026-08-06 12:45:02"}
{"ip":"::1","level":"debug","message":"OPTIONS /api/auth/login 204","timestamp":"2026-08-06 13:40:51"}
{"ip":"::1","level":"debug","message":"OPTIONS /api/auth/login 204","timestamp":"2026-08-06 13:40:53"}
{"ip":"::1","level":"debug","message":"OPTIONS /api/auth/login 204","timestamp":"2026-08-06 13:40:53"}
{"ip":"::1","level":"debug","message":"OPTIONS /api/auth/register 204","timestamp":"2026-08-06 13:41:19"}
{"ip":"::1","level":"debug","message":"OPTIONS /api/auth/register 204","timestamp":"2026-08-06 13:41:22"}
{"ip":"::1","level":"debug","message":"OPTIONS /api/auth/login 204","timestamp":"2026-08-06 13:42:44"}
{"ip":"::1","level":"debug","message":"OPTIONS /api/auth/login 204","timestamp":"2026-08-06 13:42:45"}
{"ip":"::1","level":"debug","message":"OPTIONS /api/auth/login 204","timestamp":"2026-08-06 13:42:48"}
{"ip":"::1","level":"debug","message":"OPTIONS /api/auth/login 204","timestamp":"2026-08-06 13:42:48"}
{"ip":"::1","level":"debug","message":"OPTIONS /api/auth/login 204","timestamp":"2026-08-06 13:42:49"}
{"ip":"::1","level":"debug","message":"OPTIONS /api/auth/login 204","timestamp":"2026-08-06 13:42:49"}
{"level":"error","message":"Expected property name or '}' in JSON at position 1 (line 1 column 2)","stack":"SyntaxError: Expected property name or '}' in JSON at position 1 (line 1 column 2)\n    at JSON.parse (<anonymous>)\n    at parse (D:\\Restaurant\\restaurant-portal\\backend\\node_modules\\body-parser\\lib\\types\\json.js:91:21)\n    at D:\\Restaurant\\restaurant-portal\\backend\\node_modules\\body-parser\\lib\\read.js:162:18\n    at AsyncResource.runInAsyncScope (node:async_hooks:227:14)\n    at invokeCallback (D:\\Restaurant\\restaurant-portal\\backend\\node_modules\\raw-body\\index.js:238:16)\n    at done (D:\\Restaurant\\restaurant-portal\\backend\\node_modules\\raw-body\\index.js:227:7)\n    at IncomingMessage.onEnd (D:\\Restaurant\\restaurant-portal\\backend\\node_modules\\raw-body\\index.js:287:7)\n    at IncomingMessage.emit (node:events:509:28)\n    at endReadableNT (node:internal/streams/readable:1729:12)\n    at process.processTicksAndRejections (node:internal/process/task_queues:90:21)","timestamp":"2026-08-06 13:43:07","url":"/api/auth/login"}
{"ip":"::1","level":"debug","message":"POST /api/auth/login 400","timestamp":"2026-08-06 13:43:07"}
{"ip":"::1","level":"debug","message":"OPTIONS /api/auth/register 204","timestamp":"2026-08-06 13:43:10"}
{"ip":"::1","level":"debug","message":"OPTIONS /api/auth/register 204","timestamp":"2026-08-06 13:43:12"}
{"ip":"::1","level":"debug","message":"OPTIONS /api/auth/register 204","timestamp":"2026-08-06 13:43:12"}
{"ip":"::1","level":"debug","message":"OPTIONS /api/auth/register 204","timestamp":"2026-08-06 13:43:13"}
{"ip":"::1","level":"debug","message":"GET /api/auth/me 401","timestamp":"2026-08-06 13:43:21"}
{"level":"error","message":"Expected property name or '}' in JSON at position 1 (line 1 column 2)","stack":"SyntaxError: Expected property name or '}' in JSON at position 1 (line 1 column 2)\n    at JSON.parse (<anonymous>)\n    at parse (D:\\Restaurant\\restaurant-portal\\backend\\node_modules\\body-parser\\lib\\types\\json.js:91:21)\n    at D:\\Restaurant\\restaurant-portal\\backend\\node_modules\\body-parser\\lib\\read.js:162:18\n    at AsyncResource.runInAsyncScope (node:async_hooks:227:14)\n    at invokeCallback (D:\\Restaurant\\restaurant-portal\\backend\\node_modules\\raw-body\\index.js:238:16)\n    at done (D:\\Restaurant\\restaurant-portal\\backend\\node_modules\\raw-body\\index.js:227:7)\n    at IncomingMessage.onEnd (D:\\Restaurant\\restaurant-portal\\backend\\node_modules\\raw-body\\index.js:287:7)\n    at IncomingMessage.emit (node:events:509:28)\n    at endReadableNT (node:internal/streams/readable:1729:12)\n    at process.processTicksAndRejections (node:internal/process/task_queues:90:21)","timestamp":"2026-08-06 13:43:30","url":"/api/auth/login"}
{"ip":"::1","level":"debug","message":"POST /api/auth/login 400","timestamp":"2026-08-06 13:43:30"}
{"ip":"::1","level":"debug","message":"POST /api/auth/login 400","timestamp":"2026-08-06 13:44:27"}
{"ip":"::1","level":"debug","message":"OPTIONS /api/auth/login 204","timestamp":"2026-08-06 13:45:08"}
{"ip":"::1","level":"debug","message":"OPTIONS /api/auth/login 204","timestamp":"2026-08-06 13:45:08"}
{"ip":"::1","level":"debug","message":"OPTIONS /api/auth/login 204","timestamp":"2026-08-06 13:45:11"}
{"ip":"::1","level":"debug","message":"POST /api/auth/login 400","timestamp":"2026-08-06 13:45:38"}
{"ip":"::1","level":"debug","message":"OPTIONS /api/auth/login 204","timestamp":"2026-08-06 13:45:51"}
{"ip":"::1","level":"debug","message":"OPTIONS /api/auth/login 204","timestamp":"2026-08-06 13:45:52"}
{"ip":"::1","level":"debug","message":"OPTIONS /api/auth/login 204","timestamp":"2026-08-06 13:45:52"}
{"ip":"::1","level":"debug","message":"OPTIONS /api/auth/login 204","timestamp":"2026-08-06 13:45:54"}
{"level":"info","message":"🚀 Server running on port 5000","timestamp":"2026-08-06 14:53:33"}
{"ip":"::1","level":"debug","message":"OPTIONS /api/auth/me 204","timestamp":"2026-08-06 14:53:52"}
{"ip":"::1","level":"debug","message":"GET /api/auth/me 304","timestamp":"2026-08-06 14:53:52"}
{"ip":"::1","level":"debug","message":"OPTIONS /api/auth/me 204","timestamp":"2026-08-06 15:23:53"}
{"ip":"::1","level":"debug","message":"GET /api/auth/me 401","timestamp":"2026-08-06 15:23:53"}
{"ip":"::1","level":"debug","message":"GET /api/menu 200","timestamp":"2026-08-06 15:26:31"}
{"ip":"::1","level":"debug","message":"GET /uploads/gujratithali.png 200","timestamp":"2026-08-06 15:27:29"}
{"level":"info","message":"🚀 Server running on port 5000","timestamp":"2026-08-06 16:14:43"}
{"ip":"::1","level":"debug","message":"OPTIONS /api/auth/me 204","timestamp":"2026-08-06 16:15:28"}
{"ip":"::1","level":"debug","message":"OPTIONS /api/auth/me 204","timestamp":"2026-08-06 16:15:28"}
{"ip":"::1","level":"debug","message":"GET /api/auth/me 304","timestamp":"2026-08-06 16:15:29"}
{"ip":"::1","level":"debug","message":"GET /api/auth/me 304","timestamp":"2026-08-06 16:15:29"}
{"ip":"::1","level":"debug","message":"OPTIONS /api/auth/login 204","timestamp":"2026-08-06 16:19:05"}
{"ip":"::1","level":"debug","message":"POST /api/auth/login 200","timestamp":"2026-08-06 16:19:05"}
{"ip":"::1","level":"debug","message":"OPTIONS /api/admin/stats 204","timestamp":"2026-08-06 16:19:38"}
{"ip":"::1","level":"debug","message":"GET /api/admin/stats 200","timestamp":"2026-08-06 16:19:38"}
{"ip":"::1","level":"debug","message":"OPTIONS /api/admin/newsletter 204","timestamp":"2026-08-06 16:19:44"}
{"ip":"::1","level":"debug","message":"OPTIONS /api/admin/newsletter 204","timestamp":"2026-08-06 16:19:44"}
{"ip":"::1","level":"debug","message":"GET /api/admin/newsletter 200","timestamp":"2026-08-06 16:19:44"}
{"ip":"::1","level":"debug","message":"GET /api/admin/newsletter 304","timestamp":"2026-08-06 16:19:44"}
{"ip":"::1","level":"debug","message":"OPTIONS /api/admin/users 204","timestamp":"2026-08-06 16:19:47"}
{"ip":"::1","level":"debug","message":"OPTIONS /api/admin/users 204","timestamp":"2026-08-06 16:19:47"}
{"ip":"::1","level":"debug","message":"GET /api/admin/users 200","timestamp":"2026-08-06 16:19:48"}
{"ip":"::1","level":"debug","message":"GET /api/admin/users 304","timestamp":"2026-08-06 16:19:48"}
{"level":"info","message":"🚀 Server running on port 5000","timestamp":"2026-08-06 16:21:36"}
{"level":"info","message":"🚀 Server running on port 5000","timestamp":"2026-08-06 16:22:37"}
{"ip":"::1","level":"debug","message":"OPTIONS /api/auth/me 204","timestamp":"2026-08-06 16:23:09"}
{"ip":"::1","level":"debug","message":"GET /api/auth/me 304","timestamp":"2026-08-06 16:23:09"}
{"ip":"::1","level":"debug","message":"GET /api/auth/me 304","timestamp":"2026-08-06 16:23:09"}
{"ip":"::1","level":"debug","message":"OPTIONS /api/auth/me 204","timestamp":"2026-08-06 16:24:49"}
{"ip":"::1","level":"debug","message":"OPTIONS /api/auth/me 204","timestamp":"2026-08-06 16:24:49"}
{"ip":"::1","level":"debug","message":"GET /api/auth/me 304","timestamp":"2026-08-06 16:24:49"}
{"ip":"::1","level":"debug","message":"GET /api/auth/me 304","timestamp":"2026-08-06 16:24:49"}
{"ip":"::1","level":"debug","message":"OPTIONS /api/auth/me 204","timestamp":"2026-08-06 16:26:44"}
{"ip":"::1","level":"debug","message":"GET /api/auth/me 200","timestamp":"2026-08-06 16:26:44"}
{"ip":"::1","level":"debug","message":"OPTIONS /api/admin/users 204","timestamp":"2026-08-06 16:26:44"}
{"ip":"::1","level":"debug","message":"OPTIONS /api/admin/users 204","timestamp":"2026-08-06 16:26:44"}
{"ip":"::1","level":"debug","message":"GET /api/admin/users 304","timestamp":"2026-08-06 16:26:44"}
{"ip":"::1","level":"debug","message":"GET /api/admin/users 304","timestamp":"2026-08-06 16:26:44"}
{"ip":"::1","level":"debug","message":"OPTIONS /api/admin/users/6a71ab69a19e283d8fdd122f 204","timestamp":"2026-08-06 16:27:26"}
{"ip":"::1","level":"debug","message":"PUT /api/admin/users/6a71ab69a19e283d8fdd122f 200","timestamp":"2026-08-06 16:27:26"}
{"ip":"::1","level":"debug","message":"OPTIONS /api/admin/users 204","timestamp":"2026-08-06 16:27:26"}
{"ip":"::1","level":"debug","message":"GET /api/admin/users 200","timestamp":"2026-08-06 16:27:26"}
{"ip":"::1","level":"debug","message":"OPTIONS /api/auth/me 204","timestamp":"2026-08-06 16:27:58"}
{"ip":"::1","level":"debug","message":"GET /api/auth/me 304","timestamp":"2026-08-06 16:27:58"}
{"ip":"::1","level":"debug","message":"OPTIONS /api/auth/me 204","timestamp":"2026-08-06 16:28:12"}
{"ip":"::1","level":"debug","message":"GET /api/auth/me 304","timestamp":"2026-08-06 16:28:12"}
{"ip":"::1","level":"debug","message":"OPTIONS /api/auth/login 204","timestamp":"2026-08-06 16:28:29"}
{"ip":"::1","level":"debug","message":"POST /api/auth/login 400","timestamp":"2026-08-06 16:28:29"}
{"ip":"::1","level":"debug","message":"POST /api/auth/login 400","timestamp":"2026-08-06 16:28:31"}
{"ip":"::1","level":"debug","message":"OPTIONS /api/auth/login 204","timestamp":"2026-08-06 16:28:37"}
{"ip":"::1","level":"debug","message":"POST /api/auth/login 400","timestamp":"2026-08-06 16:28:37"}
{"ip":"::1","level":"debug","message":"OPTIONS /api/auth/login 204","timestamp":"2026-08-06 16:28:45"}
{"ip":"::1","level":"debug","message":"POST /api/auth/login 400","timestamp":"2026-08-06 16:28:45"}
{"ip":"::1","level":"debug","message":"OPTIONS /api/auth/login 204","timestamp":"2026-08-06 16:28:53"}
{"ip":"::1","level":"debug","message":"POST /api/auth/login 400","timestamp":"2026-08-06 16:28:53"}
{"ip":"::1","level":"debug","message":"POST /api/auth/login 400","timestamp":"2026-08-06 16:28:54"}
{"ip":"::1","level":"debug","message":"POST /api/auth/login 400","timestamp":"2026-08-06 16:28:54"}
{"ip":"::1","level":"debug","message":"POST /api/auth/login 400","timestamp":"2026-08-06 16:28:55"}
{"ip":"::1","level":"debug","message":"POST /api/auth/login 400","timestamp":"2026-08-06 16:28:55"}
{"ip":"::1","level":"debug","message":"POST /api/auth/login 400","timestamp":"2026-08-06 16:28:55"}
{"ip":"::1","level":"debug","message":"POST /api/auth/login 400","timestamp":"2026-08-06 16:28:55"}
{"ip":"::1","level":"debug","message":"POST /api/auth/login 400","timestamp":"2026-08-06 16:28:56"}
{"ip":"::1","level":"debug","message":"POST /api/auth/login 400","timestamp":"2026-08-06 16:28:56"}
{"ip":"::1","level":"debug","message":"OPTIONS /api/auth/login 204","timestamp":"2026-08-06 16:29:03"}
{"ip":"::1","level":"debug","message":"POST /api/auth/login 200","timestamp":"2026-08-06 16:29:03"}
{"ip":"::1","level":"debug","message":"OPTIONS /api/auth/logout 204","timestamp":"2026-08-06 16:29:17"}
{"ip":"::1","level":"debug","message":"POST /api/auth/logout 200","timestamp":"2026-08-06 16:29:17"}
{"ip":"::1","level":"debug","message":"OPTIONS /api/auth/login 204","timestamp":"2026-08-06 16:30:02"}
{"ip":"::1","level":"debug","message":"POST /api/auth/login 400","timestamp":"2026-08-06 16:30:02"}
{"ip":"::1","level":"debug","message":"OPTIONS /api/auth/login 204","timestamp":"2026-08-06 16:30:09"}
{"ip":"::1","level":"debug","message":"POST /api/auth/login 200","timestamp":"2026-08-06 16:30:09"}
{"ip":"::1","level":"debug","message":"OPTIONS /api/admin/activity 204","timestamp":"2026-08-06 16:30:37"}
{"ip":"::1","level":"debug","message":"OPTIONS /api/admin/activity 204","timestamp":"2026-08-06 16:30:37"}
{"ip":"::1","level":"debug","message":"GET /api/admin/activity 200","timestamp":"2026-08-06 16:30:37"}
{"ip":"::1","level":"debug","message":"GET /api/admin/activity 304","timestamp":"2026-08-06 16:30:37"}
{"ip":"::1","level":"debug","message":"OPTIONS /api/auth/me 204","timestamp":"2026-08-06 16:30:46"}
{"ip":"::1","level":"debug","message":"GET /api/auth/me 304","timestamp":"2026-08-06 16:30:46"}
{"ip":"::1","level":"debug","message":"OPTIONS /api/admin/activity 204","timestamp":"2026-08-06 16:30:46"}
{"ip":"::1","level":"debug","message":"GET /api/admin/activity 304","timestamp":"2026-08-06 16:30:46"}
{"ip":"::1","level":"debug","message":"GET /api/admin/activity 304","timestamp":"2026-08-06 16:30:47"}
{"ip":"::1","level":"debug","message":"OPTIONS /api/menu/reorder/6a71ab69a19e283d8fdd122f 204","timestamp":"2026-08-06 16:32:05"}
{"ip":"::1","level":"debug","message":"GET /api/menu? 200","timestamp":"2026-08-06 16:32:05"}
{"ip":"::1","level":"debug","message":"GET /api/menu/reorder/6a71ab69a19e283d8fdd122f 200","timestamp":"2026-08-06 16:32:05"}
{"ip":"::1","level":"debug","message":"GET /api/menu/categories 304","timestamp":"2026-08-06 16:32:05"}
{"ip":"::1","level":"debug","message":"GET /api/menu? 304","timestamp":"2026-08-06 16:32:05"}
{"ip":"::1","level":"debug","message":"GET /api/menu/categories 304","timestamp":"2026-08-06 16:32:05"}
{"ip":"::1","level":"debug","message":"GET /api/menu/reorder/6a71ab69a19e283d8fdd122f 304","timestamp":"2026-08-06 16:32:06"}
{"ip":"::1","level":"debug","message":"GET /favicon.ico 404","timestamp":"2026-08-06 16:33:10"}
{"ip":"::1","level":"debug","message":"OPTIONS /api/reservations 204","timestamp":"2026-08-06 16:35:00"}
{"ip":"::1","level":"debug","message":"POST /api/reservations 201","timestamp":"2026-08-06 16:35:03"}
{"ip":"::1","level":"debug","message":"POST /api/reservations 201","timestamp":"2026-08-06 16:35:04"}
{"ip":"::1","level":"debug","message":"OPTIONS /api/auth/me 204","timestamp":"2026-08-06 16:35:17"}
{"ip":"::1","level":"debug","message":"GET /api/auth/me 304","timestamp":"2026-08-06 16:35:17"}
{"ip":"::1","level":"debug","message":"OPTIONS /api/admin/activity 204","timestamp":"2026-08-06 16:35:17"}
{"ip":"::1","level":"debug","message":"GET /api/admin/activity 304","timestamp":"2026-08-06 16:35:17"}
{"ip":"::1","level":"debug","message":"GET /api/admin/activity 304","timestamp":"2026-08-06 16:35:17"}
{"ip":"::1","level":"debug","message":"OPTIONS /api/orders/all 204","timestamp":"2026-08-06 16:35:21"}
{"ip":"::1","level":"debug","message":"OPTIONS /api/orders/all 204","timestamp":"2026-08-06 16:35:21"}
{"ip":"::1","level":"debug","message":"GET /api/orders/all 200","timestamp":"2026-08-06 16:35:21"}
{"ip":"::1","level":"debug","message":"GET /api/orders/all 304","timestamp":"2026-08-06 16:35:21"}
{"ip":"::1","level":"debug","message":"OPTIONS /api/reservations/all 204","timestamp":"2026-08-06 16:35:23"}
{"ip":"::1","level":"debug","message":"OPTIONS /api/reservations/all 204","timestamp":"2026-08-06 16:35:23"}
{"ip":"::1","level":"debug","message":"GET /api/reservations/all 200","timestamp":"2026-08-06 16:35:23"}
{"ip":"::1","level":"debug","message":"GET /api/reservations/all 304","timestamp":"2026-08-06 16:35:23"}
{"ip":"::1","level":"debug","message":"OPTIONS /api/auth/me 204","timestamp":"2026-08-06 16:36:15"}
{"ip":"::1","level":"debug","message":"GET /api/reservations/verify/11ec3d8db91399f1a9ea2ad6d9fbffd597ebfe34389b5886a7141ce94c3442f2 200","timestamp":"2026-08-06 16:36:15"}
{"ip":"::1","level":"debug","message":"GET /api/auth/me 200","timestamp":"2026-08-06 16:36:15"}
{"ip":"::1","level":"debug","message":"OPTIONS /api/reservations/6a746a5d75eccedeb130492d 204","timestamp":"2026-08-06 16:37:04"}
{"ip":"::1","level":"debug","message":"PUT /api/reservations/6a746a5d75eccedeb130492d 200","timestamp":"2026-08-06 16:37:06"}
{"level":"info","message":"🚀 Server running on port 5000","timestamp":"2026-08-06 16:55:50"}
{"level":"info","message":"🚀 Server running on port 5000","timestamp":"2026-08-06 16:56:37"}
{"level":"info","message":"🚀 Server running on port 5000","timestamp":"2026-08-06 16:56:58"}
{"level":"info","message":"🚀 Server running on port 5000","timestamp":"2026-08-06 16:58:51"}
{"level":"info","message":"🚀 Server running on port 5000","timestamp":"2026-08-06 16:59:35"}
{"level":"info","message":"🚀 Server running on port 5000","timestamp":"2026-08-06 16:59:59"}
{"ip":"::1","level":"debug","message":"OPTIONS /api/auth/me 204","timestamp":"2026-08-06 17:01:35"}
{"ip":"::1","level":"debug","message":"GET /api/auth/me 200","timestamp":"2026-08-06 17:01:35"}
{"ip":"::1","level":"debug","message":"GET /api/auth/me 304","timestamp":"2026-08-06 17:01:35"}
{"ip":"::1","level":"debug","message":"OPTIONS /api/auth/me 204","timestamp":"2026-08-06 17:01:37"}
{"ip":"::1","level":"debug","message":"GET /api/auth/me 200","timestamp":"2026-08-06 17:01:37"}
{"ip":"::1","level":"debug","message":"GET /api/auth/me 304","timestamp":"2026-08-06 17:01:37"}
{"ip":"::1","level":"debug","message":"OPTIONS /api/auth/me 204","timestamp":"2026-08-06 17:01:52"}
{"ip":"::1","level":"debug","message":"GET /api/auth/me 304","timestamp":"2026-08-06 17:01:52"}
{"ip":"::1","level":"debug","message":"GET /api/auth/me 304","timestamp":"2026-08-06 17:01:52"}
{"ip":"::1","level":"debug","message":"OPTIONS /api/auth/me 204","timestamp":"2026-08-06 17:01:53"}
{"ip":"::1","level":"debug","message":"GET /api/auth/me 304","timestamp":"2026-08-06 17:01:53"}
{"ip":"::1","level":"debug","message":"GET /api/auth/me 304","timestamp":"2026-08-06 17:01:53"}
{"ip":"::1","level":"debug","message":"OPTIONS /api/auth/me 204","timestamp":"2026-08-06 17:02:16"}
{"ip":"::1","level":"debug","message":"GET /api/auth/me 304","timestamp":"2026-08-06 17:02:16"}
{"ip":"::1","level":"debug","message":"GET /api/auth/me 304","timestamp":"2026-08-06 17:02:16"}
{"ip":"::1","level":"debug","message":"OPTIONS /api/auth/me 204","timestamp":"2026-08-06 17:02:16"}
{"ip":"::1","level":"debug","message":"GET /api/auth/me 304","timestamp":"2026-08-06 17:02:16"}
{"ip":"::1","level":"debug","message":"GET /api/auth/me 304","timestamp":"2026-08-06 17:02:16"}
{"ip":"::1","level":"debug","message":"OPTIONS /api/auth/me 204","timestamp":"2026-08-06 17:05:57"}
{"ip":"::1","level":"debug","message":"OPTIONS /api/auth/me 204","timestamp":"2026-08-06 17:05:57"}
{"ip":"::1","level":"debug","message":"GET /api/auth/me 304","timestamp":"2026-08-06 17:05:57"}
{"ip":"::1","level":"debug","message":"GET /api/auth/me 304","timestamp":"2026-08-06 17:05:57"}
{"ip":"::1","level":"debug","message":"OPTIONS /api/auth/me 204","timestamp":"2026-08-06 17:05:58"}
{"ip":"::1","level":"debug","message":"GET /api/auth/me 304","timestamp":"2026-08-06 17:05:58"}
{"ip":"::1","level":"debug","message":"GET /api/auth/me 304","timestamp":"2026-08-06 17:05:58"}
{"ip":"::1","level":"debug","message":"OPTIONS /api/auth/me 204","timestamp":"2026-08-06 17:18:10"}
{"ip":"::1","level":"debug","message":"GET /api/auth/me 200","timestamp":"2026-08-06 17:18:10"}
{"ip":"::1","level":"debug","message":"GET /uploads/panjabi%20thali.jpg 200","timestamp":"2026-08-06 17:18:22"}
{"ip":"::1","level":"debug","message":"GET /uploads/vada-pav.jpg 200","timestamp":"2026-08-06 17:18:22"}
{"ip":"::1","level":"debug","message":"GET /uploads/panjabi%20thali.jfif 200","timestamp":"2026-08-06 17:18:22"}
{"ip":"::1","level":"debug","message":"OPTIONS /api/admin/stats 204","timestamp":"2026-08-06 17:19:11"}
{"ip":"::1","level":"debug","message":"GET /api/admin/stats 200","timestamp":"2026-08-06 17:19:11"}
{"ip":"::1","level":"debug","message":"OPTIONS /api/admin/activity 204","timestamp":"2026-08-06 17:19:24"}
{"ip":"::1","level":"debug","message":"OPTIONS /api/admin/activity 204","timestamp":"2026-08-06 17:19:24"}
{"ip":"::1","level":"debug","message":"GET /api/admin/activity 200","timestamp":"2026-08-06 17:19:24"}
{"ip":"::1","level":"debug","message":"GET /api/admin/activity 304","timestamp":"2026-08-06 17:19:24"}
{"ip":"::1","level":"debug","message":"OPTIONS /api/admin/users 204","timestamp":"2026-08-06 17:19:30"}
{"ip":"::1","level":"debug","message":"OPTIONS /api/admin/users 204","timestamp":"2026-08-06 17:19:30"}
{"ip":"::1","level":"debug","message":"GET /api/admin/users 200","timestamp":"2026-08-06 17:19:30"}
{"ip":"::1","level":"debug","message":"GET /api/admin/users 304","timestamp":"2026-08-06 17:19:30"}
{"ip":"::1","level":"debug","message":"OPTIONS /api/admin/newsletter 204","timestamp":"2026-08-06 17:19:39"}
{"ip":"::1","level":"debug","message":"OPTIONS /api/admin/newsletter 204","timestamp":"2026-08-06 17:19:39"}
{"ip":"::1","level":"debug","message":"GET /api/admin/newsletter 200","timestamp":"2026-08-06 17:19:39"}
{"ip":"::1","level":"debug","message":"GET /api/admin/newsletter 304","timestamp":"2026-08-06 17:19:39"}
{"ip":"::1","level":"debug","message":"OPTIONS /api/contact/all 204","timestamp":"2026-08-06 17:19:48"}
{"ip":"::1","level":"debug","message":"OPTIONS /api/contact/all 204","timestamp":"2026-08-06 17:19:48"}
{"ip":"::1","level":"debug","message":"GET /api/contact/all 200","timestamp":"2026-08-06 17:19:48"}
{"ip":"::1","level":"debug","message":"GET /api/contact/all 304","timestamp":"2026-08-06 17:19:48"}
{"ip":"::1","level":"debug","message":"OPTIONS /api/contact/6a742bcd7dc18c05561b5088/reply 204","timestamp":"2026-08-06 17:20:03"}
{"ip":"::1","level":"debug","message":"POST /api/contact/6a742bcd7dc18c05561b5088/reply 200","timestamp":"2026-08-06 17:20:06"}
{"ip":"::1","level":"debug","message":"OPTIONS /api/coupons/all 204","timestamp":"2026-08-06 17:20:08"}
{"ip":"::1","level":"debug","message":"OPTIONS /api/coupons/all 204","timestamp":"2026-08-06 17:20:08"}
{"ip":"::1","level":"debug","message":"GET /api/coupons/all 200","timestamp":"2026-08-06 17:20:08"}
{"ip":"::1","level":"debug","message":"GET /api/coupons/all 304","timestamp":"2026-08-06 17:20:08"}
{"ip":"::1","level":"debug","message":"OPTIONS /api/reviews/all 204","timestamp":"2026-08-06 17:20:10"}
{"ip":"::1","level":"debug","message":"OPTIONS /api/reviews/all 204","timestamp":"2026-08-06 17:20:10"}
{"ip":"::1","level":"debug","message":"GET /api/reviews/all 304","timestamp":"2026-08-06 17:20:11"}
{"ip":"::1","level":"debug","message":"GET /api/reviews/all 304","timestamp":"2026-08-06 17:20:11"}
{"ip":"::1","level":"debug","message":"GET /api/menu 200","timestamp":"2026-08-06 17:20:13"}
{"ip":"::1","level":"debug","message":"GET /api/menu 304","timestamp":"2026-08-06 17:20:13"}
{"ip":"::1","level":"debug","message":"OPTIONS /api/reservations/all 204","timestamp":"2026-08-06 17:20:26"}
{"ip":"::1","level":"debug","message":"OPTIONS /api/reservations/all 204","timestamp":"2026-08-06 17:20:26"}
{"ip":"::1","level":"debug","message":"GET /api/reservations/all 200","timestamp":"2026-08-06 17:20:26"}
{"ip":"::1","level":"debug","message":"GET /api/reservations/all 304","timestamp":"2026-08-06 17:20:26"}
{"ip":"::1","level":"debug","message":"OPTIONS /api/admin/stats 204","timestamp":"2026-08-06 17:20:30"}
{"ip":"::1","level":"debug","message":"GET /api/admin/stats 304","timestamp":"2026-08-06 17:20:30"}
{"ip":"::1","level":"debug","message":"OPTIONS /api/reservations/all 204","timestamp":"2026-08-06 17:20:31"}
{"ip":"::1","level":"debug","message":"OPTIONS /api/reservations/all 204","timestamp":"2026-08-06 17:20:31"}
{"ip":"::1","level":"debug","message":"GET /api/reservations/all 304","timestamp":"2026-08-06 17:20:31"}
{"ip":"::1","level":"debug","message":"GET /api/reservations/all 304","timestamp":"2026-08-06 17:20:31"}
{"ip":"::1","level":"debug","message":"OPTIONS /api/orders/all 204","timestamp":"2026-08-06 17:20:33"}
{"ip":"::1","level":"debug","message":"OPTIONS /api/orders/all 204","timestamp":"2026-08-06 17:20:33"}
{"ip":"::1","level":"debug","message":"GET /api/orders/all 200","timestamp":"2026-08-06 17:20:33"}
{"ip":"::1","level":"debug","message":"GET /api/orders/all 304","timestamp":"2026-08-06 17:20:33"}
{"ip":"::1","level":"debug","message":"OPTIONS /api/admin/stats 204","timestamp":"2026-08-06 17:21:01"}
{"ip":"::1","level":"debug","message":"GET /api/admin/stats 304","timestamp":"2026-08-06 17:21:01"}
{"ip":"::1","level":"debug","message":"OPTIONS /api/coupons/all 204","timestamp":"2026-08-06 17:23:50"}
{"ip":"::1","level":"debug","message":"OPTIONS /api/coupons/all 204","timestamp":"2026-08-06 17:23:50"}
{"ip":"::1","level":"debug","message":"GET /api/coupons/all 304","timestamp":"2026-08-06 17:23:50"}
{"ip":"::1","level":"debug","message":"GET /api/coupons/all 304","timestamp":"2026-08-06 17:23:50"}
{"ip":"::1","level":"debug","message":"OPTIONS /api/coupons 204","timestamp":"2026-08-06 17:27:07"}
{"ip":"::1","level":"debug","message":"POST /api/coupons 201","timestamp":"2026-08-06 17:27:08"}
{"ip":"::1","level":"debug","message":"OPTIONS /api/coupons/all 204","timestamp":"2026-08-06 17:27:08"}
{"ip":"::1","level":"debug","message":"GET /api/coupons/all 200","timestamp":"2026-08-06 17:27:08"}
{"ip":"::1","level":"debug","message":"OPTIONS /api/coupons/6a72c252887ed82743169d16 204","timestamp":"2026-08-06 17:27:26"}
{"ip":"::1","level":"debug","message":"PUT /api/coupons/6a72c252887ed82743169d16 200","timestamp":"2026-08-06 17:27:26"}
{"ip":"::1","level":"debug","message":"OPTIONS /api/coupons/all 204","timestamp":"2026-08-06 17:27:26"}
{"ip":"::1","level":"debug","message":"GET /api/coupons/all 200","timestamp":"2026-08-06 17:27:26"}
{"ip":"::1","level":"debug","message":"GET /api/orders/slots 200","timestamp":"2026-08-06 17:27:49"}
{"ip":"::1","level":"debug","message":"GET /api/orders/slots 304","timestamp":"2026-08-06 17:27:49"}
{"ip":"::1","level":"debug","message":"GET /api/coupons 200","timestamp":"2026-08-06 17:27:49"}
{"ip":"::1","level":"debug","message":"GET /api/coupons 304","timestamp":"2026-08-06 17:27:49"}
{"ip":"::1","level":"debug","message":"GET /api/menu 200","timestamp":"2026-08-06 17:27:49"}
{"ip":"::1","level":"debug","message":"GET /api/menu 304","timestamp":"2026-08-06 17:27:49"}
{"ip":"::1","level":"debug","message":"GET /api/menu 304","timestamp":"2026-08-06 17:27:49"}
{"ip":"::1","level":"debug","message":"GET /api/menu 304","timestamp":"2026-08-06 17:27:49"}
{"ip":"::1","level":"debug","message":"OPTIONS /api/orders/all 204","timestamp":"2026-08-06 17:28:50"}
{"ip":"::1","level":"debug","message":"OPTIONS /api/orders/all 204","timestamp":"2026-08-06 17:28:50"}
{"ip":"::1","level":"debug","message":"GET /api/orders/all 304","timestamp":"2026-08-06 17:28:50"}
{"ip":"::1","level":"debug","message":"GET /api/orders/all 304","timestamp":"2026-08-06 17:28:50"}
{"ip":"::1","level":"debug","message":"GET /api/menu 304","timestamp":"2026-08-06 17:28:52"}
{"ip":"::1","level":"debug","message":"GET /api/menu 304","timestamp":"2026-08-06 17:28:52"}
{"ip":"::1","level":"debug","message":"OPTIONS /api/menu/6a72c050bc4c923bdc6683f0 204","timestamp":"2026-08-06 17:29:21"}
{"ip":"::1","level":"debug","message":"PUT /api/menu/6a72c050bc4c923bdc6683f0 200","timestamp":"2026-08-06 17:29:21"}
{"ip":"::1","level":"debug","message":"OPTIONS /api/menu/6a72c052bc4c923bdc6683f1 204","timestamp":"2026-08-06 17:29:32"}
{"ip":"::1","level":"debug","message":"DELETE /api/menu/6a72c052bc4c923bdc6683f1 200","timestamp":"2026-08-06 17:29:32"}
{"ip":"::1","level":"debug","message":"OPTIONS /api/auth/me 204","timestamp":"2026-08-06 17:29:51"}
{"ip":"::1","level":"debug","message":"GET /api/orders/slots 304","timestamp":"2026-08-06 17:29:51"}
{"ip":"::1","level":"debug","message":"GET /api/coupons 304","timestamp":"2026-08-06 17:29:51"}
{"ip":"::1","level":"debug","message":"GET /api/menu 200","timestamp":"2026-08-06 17:29:51"}
{"ip":"::1","level":"debug","message":"GET /api/auth/me 304","timestamp":"2026-08-06 17:29:51"}
{"ip":"::1","level":"debug","message":"GET /api/menu 304","timestamp":"2026-08-06 17:29:51"}
{"ip":"::1","level":"debug","message":"OPTIONS /api/coupons/validate 204","timestamp":"2026-08-06 17:30:16"}
{"ip":"::1","level":"debug","message":"POST /api/coupons/validate 400","timestamp":"2026-08-06 17:30:16"}
{"ip":"::1","level":"debug","message":"POST /api/coupons/validate 400","timestamp":"2026-08-06 17:30:17"}
{"ip":"::1","level":"debug","message":"OPTIONS /api/auth/me 204","timestamp":"2026-08-06 17:30:50"}
{"ip":"::1","level":"debug","message":"GET /api/orders/slots 304","timestamp":"2026-08-06 17:30:50"}
{"ip":"::1","level":"debug","message":"GET /api/coupons 304","timestamp":"2026-08-06 17:30:50"}
{"ip":"::1","level":"debug","message":"GET /api/menu 304","timestamp":"2026-08-06 17:30:50"}
{"ip":"::1","level":"debug","message":"GET /api/auth/me 304","timestamp":"2026-08-06 17:30:50"}
{"ip":"::1","level":"debug","message":"GET /api/menu 304","timestamp":"2026-08-06 17:30:50"}
{"ip":"::1","level":"debug","message":"OPTIONS /api/auth/me 204","timestamp":"2026-08-06 17:32:05"}
{"ip":"::1","level":"debug","message":"GET /api/reservations/verify/11ec3d8db91399f1a9ea2ad6d9fbffd597ebfe34389b5886a7141ce94c3442f2 400","timestamp":"2026-08-06 17:32:05"}
{"ip":"::1","level":"debug","message":"GET /api/auth/me 304","timestamp":"2026-08-06 17:32:05"}
{"ip":"::1","level":"debug","message":"OPTIONS /api/orders 204","timestamp":"2026-08-06 17:32:36"}
{"ip":"::1","level":"debug","message":"POST /api/orders 400","timestamp":"2026-08-06 17:32:36"}
{"ip":"::1","level":"debug","message":"OPTIONS /api/auth/me 204","timestamp":"2026-08-06 17:33:20"}
{"ip":"::1","level":"debug","message":"GET /api/orders/slots 304","timestamp":"2026-08-06 17:33:20"}
{"ip":"::1","level":"debug","message":"GET /api/coupons 304","timestamp":"2026-08-06 17:33:20"}
{"ip":"::1","level":"debug","message":"GET /api/menu 304","timestamp":"2026-08-06 17:33:20"}
{"ip":"::1","level":"debug","message":"GET /api/auth/me 304","timestamp":"2026-08-06 17:33:20"}
{"ip":"::1","level":"debug","message":"GET /api/menu 304","timestamp":"2026-08-06 17:33:20"}
{"ip":"::1","level":"debug","message":"OPTIONS /api/orders 204","timestamp":"2026-08-06 17:33:34"}
{"ip":"::1","level":"debug","message":"POST /api/orders 201","timestamp":"2026-08-06 17:33:34"}
{"ip":"::1","level":"debug","message":"OPTIONS /api/payments/create 204","timestamp":"2026-08-06 17:33:34"}
{"ip":"::1","level":"debug","message":"POST /api/payments/create 200","timestamp":"2026-08-06 17:33:34"}
{"ip":"::1","level":"debug","message":"OPTIONS /api/orders/6a747816b872a7fd5a291f5d 204","timestamp":"2026-08-06 17:33:36"}
{"ip":"::1","level":"debug","message":"GET /api/orders/6a747816b872a7fd5a291f5d 200","timestamp":"2026-08-06 17:33:36"}
{"ip":"::1","level":"debug","message":"GET /api/orders/6a747816b872a7fd5a291f5d 304","timestamp":"2026-08-06 17:33:36"}
{"ip":"::1","level":"debug","message":"OPTIONS /api/orders/6a747816b872a7fd5a291f5d 204","timestamp":"2026-08-06 17:33:52"}
{"ip":"::1","level":"debug","message":"GET /api/orders/6a747816b872a7fd5a291f5d 304","timestamp":"2026-08-06 17:33:52"}
{"ip":"::1","level":"debug","message":"OPTIONS /api/orders/6a747816b872a7fd5a291f5d 204","timestamp":"2026-08-06 17:34:07"}
{"ip":"::1","level":"debug","message":"GET /api/orders/6a747816b872a7fd5a291f5d 304","timestamp":"2026-08-06 17:34:07"}
{"ip":"::1","level":"debug","message":"OPTIONS /api/orders/6a747816b872a7fd5a291f5d 204","timestamp":"2026-08-06 17:34:22"}
{"ip":"::1","level":"debug","message":"GET /api/orders/6a747816b872a7fd5a291f5d 304","timestamp":"2026-08-06 17:34:22"}
{"ip":"::1","level":"debug","message":"OPTIONS /api/orders/6a747816b872a7fd5a291f5d 204","timestamp":"2026-08-06 17:34:37"}
{"ip":"::1","level":"debug","message":"GET /api/orders/6a747816b872a7fd5a291f5d 304","timestamp":"2026-08-06 17:34:37"}
{"ip":"::1","level":"debug","message":"OPTIONS /api/orders/6a747816b872a7fd5a291f5d 204","timestamp":"2026-08-06 17:34:52"}
{"ip":"::1","level":"debug","message":"GET /api/orders/6a747816b872a7fd5a291f5d 304","timestamp":"2026-08-06 17:34:52"}
{"ip":"::1","level":"debug","message":"OPTIONS /api/orders/6a747816b872a7fd5a291f5d 204","timestamp":"2026-08-06 17:35:07"}
{"ip":"::1","level":"debug","message":"GET /api/orders/6a747816b872a7fd5a291f5d 304","timestamp":"2026-08-06 17:35:07"}
{"ip":"::1","level":"debug","message":"OPTIONS /api/orders/6a747816b872a7fd5a291f5d 204","timestamp":"2026-08-06 17:35:51"}
{"ip":"::1","level":"debug","message":"GET /api/orders/6a747816b872a7fd5a291f5d 304","timestamp":"2026-08-06 17:35:51"}
{"ip":"::1","level":"debug","message":"OPTIONS /api/orders/6a747816b872a7fd5a291f5d 204","timestamp":"2026-08-06 17:36:51"}
{"ip":"::1","level":"debug","message":"GET /api/orders/6a747816b872a7fd5a291f5d 304","timestamp":"2026-08-06 17:36:51"}
{"ip":"::1","level":"debug","message":"OPTIONS /api/orders/6a747816b872a7fd5a291f5d 204","timestamp":"2026-08-06 17:37:51"}
{"ip":"::1","level":"debug","message":"GET /api/orders/6a747816b872a7fd5a291f5d 304","timestamp":"2026-08-06 17:37:51"}
{"ip":"::1","level":"debug","message":"OPTIONS /api/orders/6a747816b872a7fd5a291f5d 204","timestamp":"2026-08-06 17:38:51"}
{"ip":"::1","level":"debug","message":"GET /api/orders/6a747816b872a7fd5a291f5d 304","timestamp":"2026-08-06 17:38:51"}
{"ip":"::1","level":"debug","message":"OPTIONS /api/orders/6a747816b872a7fd5a291f5d 204","timestamp":"2026-08-06 17:39:51"}
{"ip":"::1","level":"debug","message":"GET /api/orders/6a747816b872a7fd5a291f5d 304","timestamp":"2026-08-06 17:39:51"}
{"ip":"::1","level":"debug","message":"OPTIONS /api/orders/6a747816b872a7fd5a291f5d 204","timestamp":"2026-08-06 17:40:51"}
{"ip":"::1","level":"debug","message":"GET /api/orders/6a747816b872a7fd5a291f5d 304","timestamp":"2026-08-06 17:40:51"}
{"ip":"::1","level":"debug","message":"OPTIONS /api/orders/6a747816b872a7fd5a291f5d 204","timestamp":"2026-08-06 17:41:51"}
{"ip":"::1","level":"debug","message":"GET /api/orders/6a747816b872a7fd5a291f5d 304","timestamp":"2026-08-06 17:41:51"}
{"ip":"::1","level":"debug","message":"OPTIONS /api/orders/6a747816b872a7fd5a291f5d 204","timestamp":"2026-08-06 17:42:51"}
{"ip":"::1","level":"debug","message":"GET /api/orders/6a747816b872a7fd5a291f5d 304","timestamp":"2026-08-06 17:42:51"}
{"ip":"::1","level":"debug","message":"OPTIONS /api/auth/me 204","timestamp":"2026-08-06 17:43:20"}
{"ip":"::1","level":"debug","message":"GET /api/auth/me 304","timestamp":"2026-08-06 17:43:20"}
{"ip":"::1","level":"debug","message":"OPTIONS /api/orders/6a747816b872a7fd5a291f5d 204","timestamp":"2026-08-06 17:43:23"}
{"ip":"::1","level":"debug","message":"GET /api/orders/6a747816b872a7fd5a291f5d 304","timestamp":"2026-08-06 17:43:23"}
{"ip":"::1","level":"debug","message":"OPTIONS /api/orders/6a747816b872a7fd5a291f5d 204","timestamp":"2026-08-06 17:43:37"}
{"ip":"::1","level":"debug","message":"GET /api/orders/6a747816b872a7fd5a291f5d 304","timestamp":"2026-08-06 17:43:37"}
{"ip":"::1","level":"debug","message":"OPTIONS /api/orders/6a747816b872a7fd5a291f5d 204","timestamp":"2026-08-06 17:43:52"}
{"ip":"::1","level":"debug","message":"GET /api/orders/6a747816b872a7fd5a291f5d 304","timestamp":"2026-08-06 17:43:52"}
{"ip":"::1","level":"debug","message":"OPTIONS /api/orders/6a747816b872a7fd5a291f5d 204","timestamp":"2026-08-06 17:44:07"}
{"ip":"::1","level":"debug","message":"GET /api/orders/6a747816b872a7fd5a291f5d 304","timestamp":"2026-08-06 17:44:07"}
{"ip":"::1","level":"debug","message":"OPTIONS /api/orders/6a747816b872a7fd5a291f5d 204","timestamp":"2026-08-06 17:44:22"}
{"ip":"::1","level":"debug","message":"GET /api/orders/6a747816b872a7fd5a291f5d 304","timestamp":"2026-08-06 17:44:22"}
{"ip":"::1","level":"debug","message":"OPTIONS /api/menu/reorder/6a71ab69a19e283d8fdd122f 204","timestamp":"2026-08-06 17:44:25"}
{"ip":"::1","level":"debug","message":"GET /api/menu/categories 304","timestamp":"2026-08-06 17:44:25"}
{"ip":"::1","level":"debug","message":"GET /api/menu/categories 304","timestamp":"2026-08-06 17:44:25"}
{"ip":"::1","level":"debug","message":"GET /api/menu? 200","timestamp":"2026-08-06 17:44:25"}
{"ip":"::1","level":"debug","message":"GET /api/menu? 304","timestamp":"2026-08-06 17:44:25"}
{"ip":"::1","level":"debug","message":"GET /api/menu/reorder/6a71ab69a19e283d8fdd122f 200","timestamp":"2026-08-06 17:44:25"}
{"ip":"::1","level":"debug","message":"GET /api/menu/reorder/6a71ab69a19e283d8fdd122f 304","timestamp":"2026-08-06 17:44:25"}
{"ip":"::1","level":"debug","message":"GET /api/orders/slots 304","timestamp":"2026-08-06 17:44:36"}
{"ip":"::1","level":"debug","message":"GET /api/orders/slots 304","timestamp":"2026-08-06 17:44:36"}
{"ip":"::1","level":"debug","message":"GET /api/coupons 304","timestamp":"2026-08-06 17:44:36"}
{"ip":"::1","level":"debug","message":"GET /api/menu 304","timestamp":"2026-08-06 17:44:36"}
{"ip":"::1","level":"debug","message":"GET /api/coupons 304","timestamp":"2026-08-06 17:44:36"}
{"ip":"::1","level":"debug","message":"GET /api/menu 304","timestamp":"2026-08-06 17:44:36"}
{"ip":"::1","level":"debug","message":"GET /api/menu 304","timestamp":"2026-08-06 17:44:36"}
{"ip":"::1","level":"debug","message":"GET /api/menu 304","timestamp":"2026-08-06 17:44:36"}
{"ip":"::1","level":"debug","message":"OPTIONS /api/orders/6a747816b872a7fd5a291f5d 204","timestamp":"2026-08-06 17:44:51"}
{"ip":"::1","level":"debug","message":"GET /api/orders/6a747816b872a7fd5a291f5d 304","timestamp":"2026-08-06 17:44:51"}
{"ip":"::1","level":"debug","message":"OPTIONS /api/orders/6a747816b872a7fd5a291f5d 204","timestamp":"2026-08-06 17:45:18"}
{"ip":"::1","level":"debug","message":"GET /api/orders/6a747816b872a7fd5a291f5d 304","timestamp":"2026-08-06 17:45:18"}
{"ip":"::1","level":"debug","message":"GET /api/orders/6a747816b872a7fd5a291f5d 304","timestamp":"2026-08-06 17:45:22"}
{"ip":"::1","level":"debug","message":"OPTIONS /api/orders/6a747816b872a7fd5a291f5d 204","timestamp":"2026-08-06 17:45:37"}
{"ip":"::1","level":"debug","message":"GET /api/orders/6a747816b872a7fd5a291f5d 304","timestamp":"2026-08-06 17:45:37"}
{"ip":"::1","level":"debug","message":"OPTIONS /api/orders/6a747816b872a7fd5a291f5d 204","timestamp":"2026-08-06 17:45:52"}
{"ip":"::1","level":"debug","message":"GET /api/orders/6a747816b872a7fd5a291f5d 304","timestamp":"2026-08-06 17:45:52"}
{"ip":"::1","level":"debug","message":"OPTIONS /api/orders/6a747816b872a7fd5a291f5d 204","timestamp":"2026-08-06 17:46:07"}
{"ip":"::1","level":"debug","message":"GET /api/orders/6a747816b872a7fd5a291f5d 304","timestamp":"2026-08-06 17:46:07"}
{"ip":"::1","level":"debug","message":"OPTIONS /api/menu/6a706297f21e525453c49413 204","timestamp":"2026-08-06 17:46:42"}
{"ip":"::1","level":"debug","message":"PUT /api/menu/6a706297f21e525453c49413 200","timestamp":"2026-08-06 17:46:42"}
{"ip":"::1","level":"debug","message":"OPTIONS /api/orders/6a747816b872a7fd5a291f5d 204","timestamp":"2026-08-06 17:46:51"}
{"ip":"::1","level":"debug","message":"GET /api/orders/6a747816b872a7fd5a291f5d 304","timestamp":"2026-08-06 17:46:51"}
{"ip":"::1","level":"debug","message":"OPTIONS /api/menu/reorder/6a6d93ad36c0e60f170ae528 204","timestamp":"2026-08-06 17:46:53"}
{"ip":"::1","level":"debug","message":"OPTIONS /api/menu/reorder/6a6d93ad36c0e60f170ae528 204","timestamp":"2026-08-06 17:46:53"}
{"ip":"::1","level":"debug","message":"GET /api/menu/categories 304","timestamp":"2026-08-06 17:46:53"}
{"ip":"::1","level":"debug","message":"GET /api/menu/categories 304","timestamp":"2026-08-06 17:46:53"}
{"ip":"::1","level":"debug","message":"GET /api/menu? 200","timestamp":"2026-08-06 17:46:53"}
{"ip":"::1","level":"debug","message":"GET /api/menu? 304","timestamp":"2026-08-06 17:46:53"}
{"ip":"::1","level":"debug","message":"GET /api/menu/reorder/6a6d93ad36c0e60f170ae528 200","timestamp":"2026-08-06 17:46:53"}
{"ip":"::1","level":"debug","message":"GET /api/menu/reorder/6a6d93ad36c0e60f170ae528 304","timestamp":"2026-08-06 17:46:53"}
{"ip":"::1","level":"debug","message":"OPTIONS /api/admin/stats 204","timestamp":"2026-08-06 17:47:48"}
{"ip":"::1","level":"debug","message":"GET /api/admin/stats 200","timestamp":"2026-08-06 17:47:49"}
{"ip":"::1","level":"debug","message":"OPTIONS /api/orders/6a747816b872a7fd5a291f5d 204","timestamp":"2026-08-06 17:47:51"}
{"ip":"::1","level":"debug","message":"GET /api/orders/6a747816b872a7fd5a291f5d 304","timestamp":"2026-08-06 17:47:51"}
{"ip":"::1","level":"debug","message":"GET /api/menu 200","timestamp":"2026-08-06 17:47:53"}
{"ip":"::1","level":"debug","message":"GET /api/menu 304","timestamp":"2026-08-06 17:47:53"}
{"ip":"::1","level":"debug","message":"GET /uploads/data%3Aimage/jpeg%3Bbase64%2C/9j/4AAQSkZJRgABAQAAAQABAAD/2wCEAAkGBwgHBgkIBwgKCgkLDRYPDQwMDRsUFRAWIB0iIiAdHx8kKDQsJCYxJx8fLT0tMTU3Ojo6Iys/RD84QzQ5OjcBCgoKDQwNGg8PGjclHyU3Nzc3Nzc3Nzc3Nzc3Nzc3Nzc3Nzc3Nzc3Nzc3Nzc3Nzc3Nzc3Nzc3Nzc3Nzc3Nzc3N//AABEIAJQA2wMBIgACEQEDEQH/xAAcAAEAAgMBAQEAAAAAAAAAAAAABQYBBAcDAgj/xAA/EAABAwMCAwYDBgQFAwUAAAABAgMEAAUREiEGMUETIlFhcYEUkaEHMkKxwdEVI1JyFiQzYvBTguFUkqKy0v/EABoBAQADAQEBAAAAAAAAAAAAAAABAgMEBQb/xAAoEQACAQQCAgICAQUAAAAAAAAAAQIDBBEhEjETQQVRImEyFBUjgaH/2gAMAwEAAhEDEQA/AO40pSgFKUoBSlKAUpSgFKVjNAZpTNYyKAzSsZHjTIoDNKwSBzNMigM0rGaAg8jQGaVjNZzQClKUApSlAKUpQClKUApSlAKUpQClKwTigM1gkCmdqipt/hRytDai%2BtBwoNbhJ8CeQPlzqGwbVwuEW3tFyW6EJ6Dqr0FU%2BZx6VuKbtsTWeWpe/wBB%2B9Vt1%2BTxNPclSnFJjgnQhJ6eHpUzEjMsoCWkBKQPCvnr75rxycKaO%2Bja5WWeRv3FTxKkvstJxnAaH65reg3ziEf664zo80YJ%2BVaj0hlhZUp48sFsHasxbgxIVobyFeBGK8tfJ3sfz9Gvio54%2ByxI4mcDel6KEvdBrwkn16VVpv2tNwJbkSbaH2JDZ76FKz6EeI8xtUmCVDBGR4Gq5xVaY7zCZEpsOJinW2OpT1QfFJODjyr1rH5pVpeOa2ZVbPG4lhi/aOy/CTLXBU00sZb1qwVjxA8POtBXGV/u8kR7Mw0zq%2B6pQyfrVYtdvXJBkzFlxat9/wDnKrfFZFpt6J7YUHXDoSkgbefnUVvkpTm1DpdnVGyhTgnLt9EXLlcZw1hU24PNDySjB%2Blblu4o4gaWA661JRjftEjP0xWpPvLzqsv9mspP3VDIPtW9am4M1vtUaWykYUc4CTnwNcrvbiLzHp9GihbtOMlv9Flt3FTLxS3MbLKz1ByKsKVpcQFoUFJO4IOQa5ld1ojykNoWl1LicnAHOpDha9rtzzkaa8PhVYLanF40HOMZPrXqWfyXll46nZx3Flxj5IdHQaVrsTGH9m197GdJ548a9874r1zzjNKUoBSlKAUpSgFKUoBSlKAwTtmo67XiNbG8vKy4RkNp5%2B/gPM1G8S8Ss2xCmWnE9ty1c9B9Op8q5jdX7/dnFIgRX0pdV3n3NlHPrvyz%2BW29ZVKnHRKWTe4q%2B0ZK9TSHO0GcdkhRS16KI3X6cvWoS2Q%2BKeJ5LEjUWIjSwpsq7rYA37qR%2BWMV0Hh%2Bw2mzRkCNDIf04XJeYy4s9e8RkDPQbVOtvBZI29U9K4p3ji9x0bRpoqkSN8LqawEthRSMdN%2BVba20llSFL2VsMmvG/wAV2G6660%2BpKg0VFasHPqDsflVOZ40dYRpmxUOEK060HT9N/wBK8Kv8XUrTdSi/9HbCvFLjIn3Lc72yCWz3ckKB5nlyrFngLadWoOLz%2BJSjqJrRTxYyuOXRHkKSk95KikhXrWoxx2qW4G4dvQgnmVr/AEH71Dtr6cfHxKKNGL5ZLoFBtIB5%2BPjVcl3hi8SpsO3r7ZuCyXX1A91at%2B6D6Dn6VVeKLvcpDOH5Kksnm013Un%2B7qR6nFTH2YxEqhTrkpGlMxzS0n/Ynb869H474ZW8vJV2yle6cliJIWN1mbEbdiOBbCwNKh/8AUjofKrBEnxuzVEuCVOJGyCog6PSuf8GxXYPFz9pkFaS0tSdJOy0c0HHUEYNX2825plhUoBescxrODVa/xc41HKk9fR1U72FSCjV9GhMhwJZEe3PuiWpWyVnSF7cvP3rfjWYwor7cpCHC4gas5OgjlVGkcSxozx/kPawfvBSal7NxHJkNPvMNLWUAYS6vOTWE7S6lHCiXdWjDPGWv%2BnvJQhspUykqJOADzqE4vTNnQkwYOEYWFuKX3Uq2OEpJ5%2BJx4Co6/cU3FwlmMptL6j3vh0bas/dTnJ9z7Ac60rbbJ7kZqdcHngtx0AslSlLUjxPXNb29rG1XkqPa6KVrtVlwWkzc4d4kv9jeTHXIaeYByWFuqIHmMDunzGK61YeOYEltCZb6GnDjUhwgEZ8%2BRH1rnLsG1/HQnA6qKta9CkBRypPTJPLfFTH%2BBbblyU47KecVnCO0xpJ6gcz71s/mIQxzOOVt%2BTUTsCHUOIC0KBSRkKByDX0K/PVru94skpZtch5LKXCCn8J36o5H1rrnCPFzd6Hw8pv4ecBnR0X5j9q9WlWjUWjmlTcS1UrFBWxQzSlKAUpSgFQPFF7TbI/ZNLHxLuyQemamJLyY8dx1edKEknzriXEN/XK4rYW6oqaafBKB16benOobwSlkv9i4fErTLmd4E5STufPHh68z9KsmiLb2shLbSQcZ5ZpaXUPw2XI6kLYUgaFpPOo2%2BWv%2BK4KX1FbewA2SPWsakpQjmKyyUbn8VYfWlEV5sqGCoZzsc/tW04zHk7qCdY2ChzTVYtHDb0Of26phfa0HGU4wT4H981PI7JhovF1IwMqUtWwHmarSlKUfzRODlX20OzocmCyBrbVlYUnY7EZ%2BlV1US0XktSYc5uK4vHaRpX8vvgb4VyPzrpdyiRuNBIlN4UywCzGWRzwe8r51za6Wd%2BAVtLYSptWykLGUmtEvQz9mLlbZVubV2S21tlO5Q4FJqCtEhuBI1SFpCU/7q1plniryWtbJ/oCu7XxbrYyhfeTqJ8aaXRbLZ9cTX9M3%2BRFbJH9WKuv2WTVuxZkdZwlshaAeQHLA%2BlViTZ1NpDnZgA9CKnuCmzbnpYxkKb%2BtXRSRCSeJpcfi83QI7RLb5BA56BtgV1kcTWTiC1lESYht9ac9i%2BdCwfQ1QYPCrk1xSg3laipWK2pEdMeIIdxgtOBAISopwpPvUPYRXL/AeYlr1JI3zkEEGt2z3X4O3yozalfEyGlIY2/HpUR9RUBcrOgulTS1pSTskKPKibS1FdivNur7ZDgVvv1qGk%2ByybJDhaHGefjz2At3sSO11K7qcg8h16Vcpry35bIZZIS4tKQTsVkHljwzUnHsSLfDTJiRkGO%2BNakJQMoJ3PtVYQiTJm/HsPrQiPIw3kAtbcwfTevn7mMpVnyWEujuUOFHknnJN3e1vxkiVNU1IfJz9zZseAJ5etedyuqYtuK4r6FurI0qQ4CpJzUVfuInHEvRmFoBWO8spyCeW9LLcYrdkSt9trWg4UdIwo9a54QkqWakcinQhUqYUsG/arZNnWFmbBDIfcJWErUQUqJ8fIGo5u2zrDNgTEvvrkB5ClpS3lKSSNgR0NGb%2B/J1NwT2LKV899zXpNlTLXDcud0dwGt2WVc1r6EjwHPHlXTbK48v6ZWtGEVhPZ31OSN6%2Bqg%2BErum62dl3VqWBgk9R0NTlfRI88UpSpApSlAV7jSYItqVnGMFSvQD964I2xLcW9ckJLhCuY/DXYPtWWpFoUUnGWyn5qFUbgx5pUVmCUgrcUonPXf9qzmy8T24Vl8VWx2OqBqEeUO1MZQ1IAJxnT%2BH2xV/uXFci1vJZdgIXqAOUr0/pVb4viz2HINzs7rzT8bKP5O5KfDHUeRpNeu14aablWhpRUAW30O9k4k9QUnI%2BvtWdSeFpl4Ry9o2JP2izFocDVtYbTyy44VfTAqhX3iyZdXEtPTT2GrPYoGhAA8h%2BZqYd4UkuvIEyapOTgoaTy8if/FbEPg62x3w620pbmsAqWokg/8AM1zefHbOjw60iwcIXe2RLLH/AM0hLenfKgkhXXatqYuNdmnQwppaVfdOc7%2BNRjnDsWXb3Y8lpoIUCEPY3bPQgms8M8ONWMvSXZaHRpwoIzpGOpBJ3qJ3LxmOhCgvZG37hW3wrZIkp7RcnTlIK8BHngc/eqnbI47dJPLNdDuaoV1ju6WSytYLYccTpVjxHlVcQxGhHHfcUk6dWNvlWVP5Cmsxltr6E6Em1xPtUPtUBRR3RU1aLOjWp5adCVDYVEsTBKbdDjzenXob0Ej5irRCfebYYbllIfxg4O6jVf7rCnnmhK1esMnILDTQSOzSnCcZxzqtcZMNFoqCRkipFVw7J9ZccOQTkBO1eU%2BK1dY4UhzTke1d9vcRqrPRhVpumcrlM6VnbFe8aEiRGeUU5KU5BqwSrG326UJdGVKwCRz9KkIXDqmo6wp1CkLGO5v1rdVIy6MeixcEy2rrwy2nulbQ7NxPUEVzjiZ6Q3LkRHMLbyf5as8/UEH61YLE/wDwSVLajupTICsFsEEqGP6efvVTvzskOKl3JLjwKzh1HjvuRz2rmqTg5cfZrFeyPt95Q1KW%2BLUwp5OwdW5kg4xncefj0raYlokvGO9HA1rClYc06fYCoD%2BKQwD2BK%2BvPma97TLSmUXpLiU77AnlVIW8ZSy0JTx0X27QhY7HHNsOhnBUo/eIJ65O9cp4lu785aY63FFCN1JO%2BTVxvHGEl%2BAbdBaD5UD3lpwlHn51Ro9tdecK39WVAnURzrqhGMeik9na/sWuS3bQ00tWcI0n1Sdvoa62yrU2CedcN%2BxIKTDWT%2BFxX6V22CrUyDWqKM2aUpQClKUBUvtCg/GWleRnCfu%2BJyD%2BlaFohwZFkZVDiNxEuNhRDSAkg8%2Bgq43COmTFW2sbYNUu0LVH%2BJtcg6S0opQfFJ%2B6flt7VxXieMo6bZrODadfKS004MnByeeayoICQgatXMKBxg1B262zoRksPvFxoKyyo8/SpFMeNICS%2B3laCFBWSDq%2BfhXmc8x0eg4pMNw0rkPvtrJLigVZPPbFbPYI16kqAyOh5mvkvNMdoEqUt1CM9mVbk9BUY3d0SG9S8tO476M50ny8qiU4xQwzb/iDYYKH2lpWDpw4NQz0NQV2mTHmpA7RjSps6EISUhSvHnXzOm4kJ19pjSSEA91W3U%2BOa05CFOpS52igrTjAIOnxrnlNvUieg7cJ8aAmItDb2pASXCklQyP6s1qPRZMppxiOhbrrgGAknb5cq9IjMp6ZLbWhWAjQhHl4%2B5q5W%2BAm2RUKWND2AFq55NZSThL/ABxyyFsj7DaXIVtbQ6ylU5R1OFe%2B/QZpJjQ48tEx8rdlNAkuEkhPomvZ68JXNeitqCHGgDv94g9fSoCZc49pDbcgPOIcKlgp7xTvyI8MVe2oSUnUqdiWCXeuMXCmw7reSNR2xkHlivmPNDCwFuOJS4nAQRjPpWmpUFLQmk5ShAIAHMcwD4Vi4XyFLaQnswQRq76RlHgBXoJtHJUmuiOi3GY8p16Y27FdbcKG06tQUnx35da97Ld3I7y9BSpgKKlJwQArc6h486hZLj0hox2i4kuqGcq0lsg7b9PqKsT8UIt7TEZ/SpKcuu9mlYWcb8%2BXtircuDyvZgk2RV3urE4yZEcpcVG7xDYA1nw7351W7temmpKWWYnYMOlLil9mQtCzz55SQeRwB61LSkx0MEyuxDTWElbgxrHUbete8FqO9G7KKll6OGtKUuq1hKuYyrw86vFqO2aZ1gr83hSPOPxIIiurBWpKSSgnbGK%2Bbbbkx1KZdiJDw8U1bG1t/CLW7DccShOjS0oBOcfdB29iMH8qzaC1KjJcXDU06wCS2AVj0BwCc1eFxJfyI4L0R0HhxTzmVJ7JB%2B94qFOLo7EQx0oTpCWlbY5VaRIVHaS7IjraSpGpSF/eT5Gom62hviFpE5NyS01oCUoSgK9d810q4p%2B2UlCRI/ZPBVF4eS%2BpOC8srHmCa6nbDlk1S%2BHJMB62tN2xaVsMDse74jY1dLWkhjeumLysmLN6lKVJApSlAYxVT4rtLqiLhATmQ0k9wbdonmU%2BvUfKrbXw42laSlQ2NVlFSWGTFtPKKHDkIuUMAKHaAZAVkHIP/Aa%2BIykKfeS5rCgdK04AUk%2BI8qlrvZ1sOLkQk99StSkjbWfEf7vLrUdGlRVqKne68nuqIG/oRXkVqEqctdHpUqqktkRfnp8J5EqCFusgaHW3Bz8FA%2BNaDkhqaht9jUstK/mNjHc/uFWp1kykLQvsHWFDA0pwR9arc6yyITyXbWkpUThQJyfnXFKD9I3yac95CIxdZS2opIz2hJ28gOuajrPMlyLoqIt5pwkbNpSAoHGfepYyE9qlEpnsJBTjvDZXpWoi4LslwDoajqddSUokdnnQBvjPn45qKeMOMkHtaLDDtE%2BzRFTFOMSbq6P5i3U4SB0SnBGDWy5LelpfRlTEhsBJ1oynPiB1FeUW/sS2U/HoaTqOM51Nn36e9bDyXVdu604VlwakBfeSk%2BOOftXQ1h6KrGMM0nRHT2bi2kF85QSnp6eVai47C0pL4QpsYKTpyQfWom48SpssZoy4TkiQo7dknGoeO/Koo8aWadhLyXY7uRltfdKT6jn6GtownJaRy1auNG3dChLqCy6EJQrAQjcLHUEHate5q%2BJ7ItjsnVIH8tCME74GelfTrUOQw3IhgOrUdSEK2z8%2Bdb8S5We2PFV0lIVMzhDBVqS3k88eO9E9GCWz3hRkWuCSt1BnBA%2BIdXjH9u/Ko%2BaxMu7wcZnFMYAB9pK%2B4R4jFfV5cQ/FkLU0Ho7mxMZWe7nOSDuMeWa8rNBittNNN6gk4Oo/jzvhQqV1k1WjWl2VuW0YanVdunK46yDjbGefMYrSsdpnRpRRJdShBGRhRUfbpVmmWiI8%2BHDqDjbgcQph1Qyeuxztt0rZt8Z1Ex10OOvtObJQUIIHlnnip8mI4GInlGbnNQllxlDnabBptQScZ%2B8Njv7GvpTQZYaVIkTExyvKgF41EnABIwT6CpJxTMRp4znEAKGlJVjJHsE7eX1qDmcSumIGLTHXMUjAIYQAj65x8zWKbk9F3xWkS0mfb7bGWuSlKEKHfLneKvXOflXO5cy6cS3AMNJXDhDYNAFIKc8yR%2BlSzVmuN8JcvSlNOZy0whWUp9utXmz2tuI22t9KSpA7iOg8z510Uae8R7MZy/Z98E2NFltqWUApLqtakZJ0%2BW9dGhJ0siqrBJW6PWrawMNJr04R4o528npSlKsQKUpQClKUB8LQlaSFDIqs36wx5LgfcLjTw%2B5KZOFDyVj7wq018rSFJwoZFQ4qWmSm10c8XbLwwAWJ8dxPQyGcpP8A3JKce4rxekcTxWxrtkKSBsS08pOfYg1cp1sWkl2G4ptZ6DkfUVDOy3Iq8TI6kD/qMDKfdJ/TFc8raDNlXmij3a63d5JbesRSDzAWMflVXcu1whq0OWxPYk7oW7k48tq62pUCeMIdbWfI6VfI/pWjNsEN1pRUnYdCnH6VV2tNrDJVeRzuLcI00n%2BGLSxKUO/HfGQv2zvVhsN8WiNolx1RQnu6FK1IH9qunofnXhO4WguqUUtrB55AqGf4fnNnMe4ykjGNPMfWuaVm4/xejaNb7RcLjGhT4xSytDcgjKFr228vEVRp/BsXtv8ANaoyCMdVAk9c/vXyj/EEAkMStaTzQ4wCn5Vuxr1KCdFxty0%2BK4bhH/wVt9TVVTqQ6Ylwn6NGDDkspWmC%2Bl9lk40FXeHp4VpvLiS5b4lRy264nGtwnUk%2B/Oppx626i7HuMuOs9HIwz74TWXHYTsXRNejuoGTrGQo48qj8lsylTx7Iq2W0Qwn4S5pWpZOWVbpHh5/KpVy5mGl1u6QFaXE6VOMqKgfluKim4lpkt6LXOb%2BKCs9mpWRj%2B07it6LbLwyVI%2BOQlKtwjSCCM9c5qf5PZVSwTcbiaH2STb4UlzSjSnDOrHucVry71OCQuZJYs0QbBGkKec/Qe/yrXXbrio6JnEPYMf8ASitgLV9NvrW1As0BhztY8PtXP/UTDrV7D/npW9O1ztkOr9EbGhR70/2zjd2nMj7pmOBpnPicBJV6b1b4MQNtJbSQ20BgNtjSkenWvphhainWSpfTyFS8S2uu7lJAPOuj%2Bnh7KObNaM00xu22Ar%2Brr862AhxwhKQal49mJA2PvUtEtLbe5xn0rZRUekVbya1mt5RhbgqdAxWEpCU4AFfVSQKUpQClKUApSlAKUpQGDWvJhsvpIWnc1s0oCq3PhVl4EtpOrxG1V%2BTZbvCP%2BUmOjHRQyK6VXwtpC/vJBoDlb0y/M7OxWnhyJwklX/uSfzrTXf5Lf%2BrASjHQx1K/JwD6V1Z22x3NyitB7h2O50HyqMInLOXy%2BIWH04ch6T4hCkfvUcu4RCf9Fzf/AHq//NdUd4UZPJArWXwi3nZA%2BQqOKGWcrdlxXNvhVn1bWr8nE15kIcGG7fq/7Ej6L111b/CKP6AfavRvhNA/ABTghlnLmYspWOzjIaA67n6bJ%2BlSEe1yVj%2BY4rHgkaR8hXS2uGG09BW6xYWG8ZA%2BVTgg59CsZTjQjfzqbh2B1f4aujVvYb/AK2UoSn7qQKkEFAsLbWCtPKpdmK0yMBNbFKAwEgchWaUoBSlKAUpSgFKUoBSlKAUpSgFKUoBSlKAUpSgFMUpQClKUApSlAKUpQClKUApSlAKUpQClKUB//9k%3D 404","timestamp":"2026-08-06 17:48:07"}
{"ip":"::1","level":"debug","message":"GET /uploads/data%3Aimage/jpeg%3Bbase64%2C/9j/4AAQSkZJRgABAQAAAQABAAD/2wCEAAkGBwgHBgkIBwgKCgkLDRYPDQwMDRsUFRAWIB0iIiAdHx8kKDQsJCYxJx8fLT0tMTU3Ojo6Iys/RD84QzQ5OjcBCgoKDQwNGg8PGjclHyU3Nzc3Nzc3Nzc3Nzc3Nzc3Nzc3Nzc3Nzc3Nzc3Nzc3Nzc3Nzc3Nzc3Nzc3Nzc3Nzc3N//AABEIAJQA2wMBIgACEQEDEQH/xAAcAAEAAgMBAQEAAAAAAAAAAAAABQYBBAcDAgj/xAA/EAABAwMCAwYDBgQFAwUAAAABAgMEAAUREiEGMUETIlFhcYEUkaEHMkKxwdEVI1JyFiQzYvBTguFUkqKy0v/EABoBAQADAQEBAAAAAAAAAAAAAAABAgMEBQb/xAAoEQACAQQCAgICAQUAAAAAAAAAAQIDBBEhEjETQQVRImEyFBUjgaH/2gAMAwEAAhEDEQA/AO40pSgFKUoBSlKAUpSgFKVjNAZpTNYyKAzSsZHjTIoDNKwSBzNMigM0rGaAg8jQGaVjNZzQClKUApSlAKUpQClKUApSlAKUpQClKwTigM1gkCmdqipt/hRytDai%2BtBwoNbhJ8CeQPlzqGwbVwuEW3tFyW6EJ6Dqr0FU%2BZx6VuKbtsTWeWpe/wBB%2B9Vt1%2BTxNPclSnFJjgnQhJ6eHpUzEjMsoCWkBKQPCvnr75rxycKaO%2Bja5WWeRv3FTxKkvstJxnAaH65reg3ziEf664zo80YJ%2BVaj0hlhZUp48sFsHasxbgxIVobyFeBGK8tfJ3sfz9Gvio54%2ByxI4mcDel6KEvdBrwkn16VVpv2tNwJbkSbaH2JDZ76FKz6EeI8xtUmCVDBGR4Gq5xVaY7zCZEpsOJinW2OpT1QfFJODjyr1rH5pVpeOa2ZVbPG4lhi/aOy/CTLXBU00sZb1qwVjxA8POtBXGV/u8kR7Mw0zq%2B6pQyfrVYtdvXJBkzFlxat9/wDnKrfFZFpt6J7YUHXDoSkgbefnUVvkpTm1DpdnVGyhTgnLt9EXLlcZw1hU24PNDySjB%2Blblu4o4gaWA661JRjftEjP0xWpPvLzqsv9mspP3VDIPtW9am4M1vtUaWykYUc4CTnwNcrvbiLzHp9GihbtOMlv9Flt3FTLxS3MbLKz1ByKsKVpcQFoUFJO4IOQa5ld1ojykNoWl1LicnAHOpDha9rtzzkaa8PhVYLanF40HOMZPrXqWfyXll46nZx3Flxj5IdHQaVrsTGH9m197GdJ548a9874r1zzjNKUoBSlKAUpSgFKUoBSlKAwTtmo67XiNbG8vKy4RkNp5%2B/gPM1G8S8Ss2xCmWnE9ty1c9B9Op8q5jdX7/dnFIgRX0pdV3n3NlHPrvyz%2BW29ZVKnHRKWTe4q%2B0ZK9TSHO0GcdkhRS16KI3X6cvWoS2Q%2BKeJ5LEjUWIjSwpsq7rYA37qR%2BWMV0Hh%2Bw2mzRkCNDIf04XJeYy4s9e8RkDPQbVOtvBZI29U9K4p3ji9x0bRpoqkSN8LqawEthRSMdN%2BVba20llSFL2VsMmvG/wAV2G6660%2BpKg0VFasHPqDsflVOZ40dYRpmxUOEK060HT9N/wBK8Kv8XUrTdSi/9HbCvFLjIn3Lc72yCWz3ckKB5nlyrFngLadWoOLz%2BJSjqJrRTxYyuOXRHkKSk95KikhXrWoxx2qW4G4dvQgnmVr/AEH71Dtr6cfHxKKNGL5ZLoFBtIB5%2BPjVcl3hi8SpsO3r7ZuCyXX1A91at%2B6D6Dn6VVeKLvcpDOH5Kksnm013Un%2B7qR6nFTH2YxEqhTrkpGlMxzS0n/Ynb869H474ZW8vJV2yle6cliJIWN1mbEbdiOBbCwNKh/8AUjofKrBEnxuzVEuCVOJGyCog6PSuf8GxXYPFz9pkFaS0tSdJOy0c0HHUEYNX2825plhUoBescxrODVa/xc41HKk9fR1U72FSCjV9GhMhwJZEe3PuiWpWyVnSF7cvP3rfjWYwor7cpCHC4gas5OgjlVGkcSxozx/kPawfvBSal7NxHJkNPvMNLWUAYS6vOTWE7S6lHCiXdWjDPGWv%2BnvJQhspUykqJOADzqE4vTNnQkwYOEYWFuKX3Uq2OEpJ5%2BJx4Co6/cU3FwlmMptL6j3vh0bas/dTnJ9z7Ac60rbbJ7kZqdcHngtx0AslSlLUjxPXNb29rG1XkqPa6KVrtVlwWkzc4d4kv9jeTHXIaeYByWFuqIHmMDunzGK61YeOYEltCZb6GnDjUhwgEZ8%2BRH1rnLsG1/HQnA6qKta9CkBRypPTJPLfFTH%2BBbblyU47KecVnCO0xpJ6gcz71s/mIQxzOOVt%2BTUTsCHUOIC0KBSRkKByDX0K/PVru94skpZtch5LKXCCn8J36o5H1rrnCPFzd6Hw8pv4ecBnR0X5j9q9WlWjUWjmlTcS1UrFBWxQzSlKAUpSgFQPFF7TbI/ZNLHxLuyQemamJLyY8dx1edKEknzriXEN/XK4rYW6oqaafBKB16benOobwSlkv9i4fErTLmd4E5STufPHh68z9KsmiLb2shLbSQcZ5ZpaXUPw2XI6kLYUgaFpPOo2%2BWv%2BK4KX1FbewA2SPWsakpQjmKyyUbn8VYfWlEV5sqGCoZzsc/tW04zHk7qCdY2ChzTVYtHDb0Of26phfa0HGU4wT4H981PI7JhovF1IwMqUtWwHmarSlKUfzRODlX20OzocmCyBrbVlYUnY7EZ%2BlV1US0XktSYc5uK4vHaRpX8vvgb4VyPzrpdyiRuNBIlN4UywCzGWRzwe8r51za6Wd%2BAVtLYSptWykLGUmtEvQz9mLlbZVubV2S21tlO5Q4FJqCtEhuBI1SFpCU/7q1plniryWtbJ/oCu7XxbrYyhfeTqJ8aaXRbLZ9cTX9M3%2BRFbJH9WKuv2WTVuxZkdZwlshaAeQHLA%2BlViTZ1NpDnZgA9CKnuCmzbnpYxkKb%2BtXRSRCSeJpcfi83QI7RLb5BA56BtgV1kcTWTiC1lESYht9ac9i%2BdCwfQ1QYPCrk1xSg3laipWK2pEdMeIIdxgtOBAISopwpPvUPYRXL/AeYlr1JI3zkEEGt2z3X4O3yozalfEyGlIY2/HpUR9RUBcrOgulTS1pSTskKPKibS1FdivNur7ZDgVvv1qGk%2ByybJDhaHGefjz2At3sSO11K7qcg8h16Vcpry35bIZZIS4tKQTsVkHljwzUnHsSLfDTJiRkGO%2BNakJQMoJ3PtVYQiTJm/HsPrQiPIw3kAtbcwfTevn7mMpVnyWEujuUOFHknnJN3e1vxkiVNU1IfJz9zZseAJ5etedyuqYtuK4r6FurI0qQ4CpJzUVfuInHEvRmFoBWO8spyCeW9LLcYrdkSt9trWg4UdIwo9a54QkqWakcinQhUqYUsG/arZNnWFmbBDIfcJWErUQUqJ8fIGo5u2zrDNgTEvvrkB5ClpS3lKSSNgR0NGb%2B/J1NwT2LKV899zXpNlTLXDcud0dwGt2WVc1r6EjwHPHlXTbK48v6ZWtGEVhPZ31OSN6%2Bqg%2BErum62dl3VqWBgk9R0NTlfRI88UpSpApSlAV7jSYItqVnGMFSvQD964I2xLcW9ckJLhCuY/DXYPtWWpFoUUnGWyn5qFUbgx5pUVmCUgrcUonPXf9qzmy8T24Vl8VWx2OqBqEeUO1MZQ1IAJxnT%2BH2xV/uXFci1vJZdgIXqAOUr0/pVb4viz2HINzs7rzT8bKP5O5KfDHUeRpNeu14aablWhpRUAW30O9k4k9QUnI%2BvtWdSeFpl4Ry9o2JP2izFocDVtYbTyy44VfTAqhX3iyZdXEtPTT2GrPYoGhAA8h%2BZqYd4UkuvIEyapOTgoaTy8if/FbEPg62x3w620pbmsAqWokg/8AM1zefHbOjw60iwcIXe2RLLH/AM0hLenfKgkhXXatqYuNdmnQwppaVfdOc7%2BNRjnDsWXb3Y8lpoIUCEPY3bPQgms8M8ONWMvSXZaHRpwoIzpGOpBJ3qJ3LxmOhCgvZG37hW3wrZIkp7RcnTlIK8BHngc/eqnbI47dJPLNdDuaoV1ju6WSytYLYccTpVjxHlVcQxGhHHfcUk6dWNvlWVP5Cmsxltr6E6Em1xPtUPtUBRR3RU1aLOjWp5adCVDYVEsTBKbdDjzenXob0Ej5irRCfebYYbllIfxg4O6jVf7rCnnmhK1esMnILDTQSOzSnCcZxzqtcZMNFoqCRkipFVw7J9ZccOQTkBO1eU%2BK1dY4UhzTke1d9vcRqrPRhVpumcrlM6VnbFe8aEiRGeUU5KU5BqwSrG326UJdGVKwCRz9KkIXDqmo6wp1CkLGO5v1rdVIy6MeixcEy2rrwy2nulbQ7NxPUEVzjiZ6Q3LkRHMLbyf5as8/UEH61YLE/wDwSVLajupTICsFsEEqGP6efvVTvzskOKl3JLjwKzh1HjvuRz2rmqTg5cfZrFeyPt95Q1KW%2BLUwp5OwdW5kg4xncefj0raYlokvGO9HA1rClYc06fYCoD%2BKQwD2BK%2BvPma97TLSmUXpLiU77AnlVIW8ZSy0JTx0X27QhY7HHNsOhnBUo/eIJ65O9cp4lu785aY63FFCN1JO%2BTVxvHGEl%2BAbdBaD5UD3lpwlHn51Ro9tdecK39WVAnURzrqhGMeik9na/sWuS3bQ00tWcI0n1Sdvoa62yrU2CedcN%2BxIKTDWT%2BFxX6V22CrUyDWqKM2aUpQClKUBUvtCg/GWleRnCfu%2BJyD%2BlaFohwZFkZVDiNxEuNhRDSAkg8%2Bgq43COmTFW2sbYNUu0LVH%2BJtcg6S0opQfFJ%2B6flt7VxXieMo6bZrODadfKS004MnByeeayoICQgatXMKBxg1B262zoRksPvFxoKyyo8/SpFMeNICS%2B3laCFBWSDq%2BfhXmc8x0eg4pMNw0rkPvtrJLigVZPPbFbPYI16kqAyOh5mvkvNMdoEqUt1CM9mVbk9BUY3d0SG9S8tO476M50ny8qiU4xQwzb/iDYYKH2lpWDpw4NQz0NQV2mTHmpA7RjSps6EISUhSvHnXzOm4kJ19pjSSEA91W3U%2BOa05CFOpS52igrTjAIOnxrnlNvUieg7cJ8aAmItDb2pASXCklQyP6s1qPRZMppxiOhbrrgGAknb5cq9IjMp6ZLbWhWAjQhHl4%2B5q5W%2BAm2RUKWND2AFq55NZSThL/ABxyyFsj7DaXIVtbQ6ylU5R1OFe%2B/QZpJjQ48tEx8rdlNAkuEkhPomvZ68JXNeitqCHGgDv94g9fSoCZc49pDbcgPOIcKlgp7xTvyI8MVe2oSUnUqdiWCXeuMXCmw7reSNR2xkHlivmPNDCwFuOJS4nAQRjPpWmpUFLQmk5ShAIAHMcwD4Vi4XyFLaQnswQRq76RlHgBXoJtHJUmuiOi3GY8p16Y27FdbcKG06tQUnx35da97Ld3I7y9BSpgKKlJwQArc6h486hZLj0hox2i4kuqGcq0lsg7b9PqKsT8UIt7TEZ/SpKcuu9mlYWcb8%2BXtircuDyvZgk2RV3urE4yZEcpcVG7xDYA1nw7351W7temmpKWWYnYMOlLil9mQtCzz55SQeRwB61LSkx0MEyuxDTWElbgxrHUbete8FqO9G7KKll6OGtKUuq1hKuYyrw86vFqO2aZ1gr83hSPOPxIIiurBWpKSSgnbGK%2Bbbbkx1KZdiJDw8U1bG1t/CLW7DccShOjS0oBOcfdB29iMH8qzaC1KjJcXDU06wCS2AVj0BwCc1eFxJfyI4L0R0HhxTzmVJ7JB%2B94qFOLo7EQx0oTpCWlbY5VaRIVHaS7IjraSpGpSF/eT5Gom62hviFpE5NyS01oCUoSgK9d810q4p%2B2UlCRI/ZPBVF4eS%2BpOC8srHmCa6nbDlk1S%2BHJMB62tN2xaVsMDse74jY1dLWkhjeumLysmLN6lKVJApSlAYxVT4rtLqiLhATmQ0k9wbdonmU%2BvUfKrbXw42laSlQ2NVlFSWGTFtPKKHDkIuUMAKHaAZAVkHIP/Aa%2BIykKfeS5rCgdK04AUk%2BI8qlrvZ1sOLkQk99StSkjbWfEf7vLrUdGlRVqKne68nuqIG/oRXkVqEqctdHpUqqktkRfnp8J5EqCFusgaHW3Bz8FA%2BNaDkhqaht9jUstK/mNjHc/uFWp1kykLQvsHWFDA0pwR9arc6yyITyXbWkpUThQJyfnXFKD9I3yac95CIxdZS2opIz2hJ28gOuajrPMlyLoqIt5pwkbNpSAoHGfepYyE9qlEpnsJBTjvDZXpWoi4LslwDoajqddSUokdnnQBvjPn45qKeMOMkHtaLDDtE%2BzRFTFOMSbq6P5i3U4SB0SnBGDWy5LelpfRlTEhsBJ1oynPiB1FeUW/sS2U/HoaTqOM51Nn36e9bDyXVdu604VlwakBfeSk%2BOOftXQ1h6KrGMM0nRHT2bi2kF85QSnp6eVai47C0pL4QpsYKTpyQfWom48SpssZoy4TkiQo7dknGoeO/Koo8aWadhLyXY7uRltfdKT6jn6GtownJaRy1auNG3dChLqCy6EJQrAQjcLHUEHate5q%2BJ7ItjsnVIH8tCME74GelfTrUOQw3IhgOrUdSEK2z8%2Bdb8S5We2PFV0lIVMzhDBVqS3k88eO9E9GCWz3hRkWuCSt1BnBA%2BIdXjH9u/Ko%2BaxMu7wcZnFMYAB9pK%2B4R4jFfV5cQ/FkLU0Ho7mxMZWe7nOSDuMeWa8rNBittNNN6gk4Oo/jzvhQqV1k1WjWl2VuW0YanVdunK46yDjbGefMYrSsdpnRpRRJdShBGRhRUfbpVmmWiI8%2BHDqDjbgcQph1Qyeuxztt0rZt8Z1Ex10OOvtObJQUIIHlnnip8mI4GInlGbnNQllxlDnabBptQScZ%2B8Njv7GvpTQZYaVIkTExyvKgF41EnABIwT6CpJxTMRp4znEAKGlJVjJHsE7eX1qDmcSumIGLTHXMUjAIYQAj65x8zWKbk9F3xWkS0mfb7bGWuSlKEKHfLneKvXOflXO5cy6cS3AMNJXDhDYNAFIKc8yR%2BlSzVmuN8JcvSlNOZy0whWUp9utXmz2tuI22t9KSpA7iOg8z510Uae8R7MZy/Z98E2NFltqWUApLqtakZJ0%2BW9dGhJ0siqrBJW6PWrawMNJr04R4o528npSlKsQKUpQClKUB8LQlaSFDIqs36wx5LgfcLjTw%2B5KZOFDyVj7wq018rSFJwoZFQ4qWmSm10c8XbLwwAWJ8dxPQyGcpP8A3JKce4rxekcTxWxrtkKSBsS08pOfYg1cp1sWkl2G4ptZ6DkfUVDOy3Iq8TI6kD/qMDKfdJ/TFc8raDNlXmij3a63d5JbesRSDzAWMflVXcu1whq0OWxPYk7oW7k48tq62pUCeMIdbWfI6VfI/pWjNsEN1pRUnYdCnH6VV2tNrDJVeRzuLcI00n%2BGLSxKUO/HfGQv2zvVhsN8WiNolx1RQnu6FK1IH9qunofnXhO4WguqUUtrB55AqGf4fnNnMe4ykjGNPMfWuaVm4/xejaNb7RcLjGhT4xSytDcgjKFr228vEVRp/BsXtv8ANaoyCMdVAk9c/vXyj/EEAkMStaTzQ4wCn5Vuxr1KCdFxty0%2BK4bhH/wVt9TVVTqQ6Ylwn6NGDDkspWmC%2Bl9lk40FXeHp4VpvLiS5b4lRy264nGtwnUk%2B/Oppx626i7HuMuOs9HIwz74TWXHYTsXRNejuoGTrGQo48qj8lsylTx7Iq2W0Qwn4S5pWpZOWVbpHh5/KpVy5mGl1u6QFaXE6VOMqKgfluKim4lpkt6LXOb%2BKCs9mpWRj%2B07it6LbLwyVI%2BOQlKtwjSCCM9c5qf5PZVSwTcbiaH2STb4UlzSjSnDOrHucVry71OCQuZJYs0QbBGkKec/Qe/yrXXbrio6JnEPYMf8ASitgLV9NvrW1As0BhztY8PtXP/UTDrV7D/npW9O1ztkOr9EbGhR70/2zjd2nMj7pmOBpnPicBJV6b1b4MQNtJbSQ20BgNtjSkenWvphhainWSpfTyFS8S2uu7lJAPOuj%2Bnh7KObNaM00xu22Ar%2Brr862AhxwhKQal49mJA2PvUtEtLbe5xn0rZRUekVbya1mt5RhbgqdAxWEpCU4AFfVSQKUpQClKUApSlAKUpQGDWvJhsvpIWnc1s0oCq3PhVl4EtpOrxG1V%2BTZbvCP%2BUmOjHRQyK6VXwtpC/vJBoDlb0y/M7OxWnhyJwklX/uSfzrTXf5Lf%2BrASjHQx1K/JwD6V1Z22x3NyitB7h2O50HyqMInLOXy%2BIWH04ch6T4hCkfvUcu4RCf9Fzf/AHq//NdUd4UZPJArWXwi3nZA%2BQqOKGWcrdlxXNvhVn1bWr8nE15kIcGG7fq/7Ej6L111b/CKP6AfavRvhNA/ABTghlnLmYspWOzjIaA67n6bJ%2BlSEe1yVj%2BY4rHgkaR8hXS2uGG09BW6xYWG8ZA%2BVTgg59CsZTjQjfzqbh2B1f4aujVvYb/AK2UoSn7qQKkEFAsLbWCtPKpdmK0yMBNbFKAwEgchWaUoBSlKAUpSgFKUoBSlKAUpSgFKUoBSlKAUpSgFMUpQClKUApSlAKUpQClKUApSlAKUpQClKUB//9k%3D 404","timestamp":"2026-08-06 17:48:15"}
{"ip":"::1","level":"debug","message":"OPTIONS /api/menu/6a72c050bc4c923bdc6683f0 204","timestamp":"2026-08-06 17:48:17"}
{"ip":"::1","level":"debug","message":"PUT /api/menu/6a72c050bc4c923bdc6683f0 200","timestamp":"2026-08-06 17:48:17"}
{"ip":"::1","level":"debug","message":"GET /uploads/data%3Aimage/jpeg%3Bbase64%2C/9j/4AAQSkZJRgABAQAAAQABAAD/2wCEAAkGBwgHBgkIBwgKCgkLDRYPDQwMDRsUFRAWIB0iIiAdHx8kKDQsJCYxJx8fLT0tMTU3Ojo6Iys/RD84QzQ5OjcBCgoKDQwNGg8PGjclHyU3Nzc3Nzc3Nzc3Nzc3Nzc3Nzc3Nzc3Nzc3Nzc3Nzc3Nzc3Nzc3Nzc3Nzc3Nzc3Nzc3N//AABEIAJQA2wMBIgACEQEDEQH/xAAcAAEAAgMBAQEAAAAAAAAAAAAABQYBBAcDAgj/xAA/EAABAwMCAwYDBgQFAwUAAAABAgMEAAUREiEGMUETIlFhcYEUkaEHMkKxwdEVI1JyFiQzYvBTguFUkqKy0v/EABoBAQADAQEBAAAAAAAAAAAAAAABAgMEBQb/xAAoEQACAQQCAgICAQUAAAAAAAAAAQIDBBEhEjETQQVRImEyFBUjgaH/2gAMAwEAAhEDEQA/AO40pSgFKUoBSlKAUpSgFKVjNAZpTNYyKAzSsZHjTIoDNKwSBzNMigM0rGaAg8jQGaVjNZzQClKUApSlAKUpQClKUApSlAKUpQClKwTigM1gkCmdqipt/hRytDai%2BtBwoNbhJ8CeQPlzqGwbVwuEW3tFyW6EJ6Dqr0FU%2BZx6VuKbtsTWeWpe/wBB%2B9Vt1%2BTxNPclSnFJjgnQhJ6eHpUzEjMsoCWkBKQPCvnr75rxycKaO%2Bja5WWeRv3FTxKkvstJxnAaH65reg3ziEf664zo80YJ%2BVaj0hlhZUp48sFsHasxbgxIVobyFeBGK8tfJ3sfz9Gvio54%2ByxI4mcDel6KEvdBrwkn16VVpv2tNwJbkSbaH2JDZ76FKz6EeI8xtUmCVDBGR4Gq5xVaY7zCZEpsOJinW2OpT1QfFJODjyr1rH5pVpeOa2ZVbPG4lhi/aOy/CTLXBU00sZb1qwVjxA8POtBXGV/u8kR7Mw0zq%2B6pQyfrVYtdvXJBkzFlxat9/wDnKrfFZFpt6J7YUHXDoSkgbefnUVvkpTm1DpdnVGyhTgnLt9EXLlcZw1hU24PNDySjB%2Blblu4o4gaWA661JRjftEjP0xWpPvLzqsv9mspP3VDIPtW9am4M1vtUaWykYUc4CTnwNcrvbiLzHp9GihbtOMlv9Flt3FTLxS3MbLKz1ByKsKVpcQFoUFJO4IOQa5ld1ojykNoWl1LicnAHOpDha9rtzzkaa8PhVYLanF40HOMZPrXqWfyXll46nZx3Flxj5IdHQaVrsTGH9m197GdJ548a9874r1zzjNKUoBSlKAUpSgFKUoBSlKAwTtmo67XiNbG8vKy4RkNp5%2B/gPM1G8S8Ss2xCmWnE9ty1c9B9Op8q5jdX7/dnFIgRX0pdV3n3NlHPrvyz%2BW29ZVKnHRKWTe4q%2B0ZK9TSHO0GcdkhRS16KI3X6cvWoS2Q%2BKeJ5LEjUWIjSwpsq7rYA37qR%2BWMV0Hh%2Bw2mzRkCNDIf04XJeYy4s9e8RkDPQbVOtvBZI29U9K4p3ji9x0bRpoqkSN8LqawEthRSMdN%2BVba20llSFL2VsMmvG/wAV2G6660%2BpKg0VFasHPqDsflVOZ40dYRpmxUOEK060HT9N/wBK8Kv8XUrTdSi/9HbCvFLjIn3Lc72yCWz3ckKB5nlyrFngLadWoOLz%2BJSjqJrRTxYyuOXRHkKSk95KikhXrWoxx2qW4G4dvQgnmVr/AEH71Dtr6cfHxKKNGL5ZLoFBtIB5%2BPjVcl3hi8SpsO3r7ZuCyXX1A91at%2B6D6Dn6VVeKLvcpDOH5Kksnm013Un%2B7qR6nFTH2YxEqhTrkpGlMxzS0n/Ynb869H474ZW8vJV2yle6cliJIWN1mbEbdiOBbCwNKh/8AUjofKrBEnxuzVEuCVOJGyCog6PSuf8GxXYPFz9pkFaS0tSdJOy0c0HHUEYNX2825plhUoBescxrODVa/xc41HKk9fR1U72FSCjV9GhMhwJZEe3PuiWpWyVnSF7cvP3rfjWYwor7cpCHC4gas5OgjlVGkcSxozx/kPawfvBSal7NxHJkNPvMNLWUAYS6vOTWE7S6lHCiXdWjDPGWv%2BnvJQhspUykqJOADzqE4vTNnQkwYOEYWFuKX3Uq2OEpJ5%2BJx4Co6/cU3FwlmMptL6j3vh0bas/dTnJ9z7Ac60rbbJ7kZqdcHngtx0AslSlLUjxPXNb29rG1XkqPa6KVrtVlwWkzc4d4kv9jeTHXIaeYByWFuqIHmMDunzGK61YeOYEltCZb6GnDjUhwgEZ8%2BRH1rnLsG1/HQnA6qKta9CkBRypPTJPLfFTH%2BBbblyU47KecVnCO0xpJ6gcz71s/mIQxzOOVt%2BTUTsCHUOIC0KBSRkKByDX0K/PVru94skpZtch5LKXCCn8J36o5H1rrnCPFzd6Hw8pv4ecBnR0X5j9q9WlWjUWjmlTcS1UrFBWxQzSlKAUpSgFQPFF7TbI/ZNLHxLuyQemamJLyY8dx1edKEknzriXEN/XK4rYW6oqaafBKB16benOobwSlkv9i4fErTLmd4E5STufPHh68z9KsmiLb2shLbSQcZ5ZpaXUPw2XI6kLYUgaFpPOo2%2BWv%2BK4KX1FbewA2SPWsakpQjmKyyUbn8VYfWlEV5sqGCoZzsc/tW04zHk7qCdY2ChzTVYtHDb0Of26phfa0HGU4wT4H981PI7JhovF1IwMqUtWwHmarSlKUfzRODlX20OzocmCyBrbVlYUnY7EZ%2BlV1US0XktSYc5uK4vHaRpX8vvgb4VyPzrpdyiRuNBIlN4UywCzGWRzwe8r51za6Wd%2BAVtLYSptWykLGUmtEvQz9mLlbZVubV2S21tlO5Q4FJqCtEhuBI1SFpCU/7q1plniryWtbJ/oCu7XxbrYyhfeTqJ8aaXRbLZ9cTX9M3%2BRFbJH9WKuv2WTVuxZkdZwlshaAeQHLA%2BlViTZ1NpDnZgA9CKnuCmzbnpYxkKb%2BtXRSRCSeJpcfi83QI7RLb5BA56BtgV1kcTWTiC1lESYht9ac9i%2BdCwfQ1QYPCrk1xSg3laipWK2pEdMeIIdxgtOBAISopwpPvUPYRXL/AeYlr1JI3zkEEGt2z3X4O3yozalfEyGlIY2/HpUR9RUBcrOgulTS1pSTskKPKibS1FdivNur7ZDgVvv1qGk%2ByybJDhaHGefjz2At3sSO11K7qcg8h16Vcpry35bIZZIS4tKQTsVkHljwzUnHsSLfDTJiRkGO%2BNakJQMoJ3PtVYQiTJm/HsPrQiPIw3kAtbcwfTevn7mMpVnyWEujuUOFHknnJN3e1vxkiVNU1IfJz9zZseAJ5etedyuqYtuK4r6FurI0qQ4CpJzUVfuInHEvRmFoBWO8spyCeW9LLcYrdkSt9trWg4UdIwo9a54QkqWakcinQhUqYUsG/arZNnWFmbBDIfcJWErUQUqJ8fIGo5u2zrDNgTEvvrkB5ClpS3lKSSNgR0NGb%2B/J1NwT2LKV899zXpNlTLXDcud0dwGt2WVc1r6EjwHPHlXTbK48v6ZWtGEVhPZ31OSN6%2Bqg%2BErum62dl3VqWBgk9R0NTlfRI88UpSpApSlAV7jSYItqVnGMFSvQD964I2xLcW9ckJLhCuY/DXYPtWWpFoUUnGWyn5qFUbgx5pUVmCUgrcUonPXf9qzmy8T24Vl8VWx2OqBqEeUO1MZQ1IAJxnT%2BH2xV/uXFci1vJZdgIXqAOUr0/pVb4viz2HINzs7rzT8bKP5O5KfDHUeRpNeu14aablWhpRUAW30O9k4k9QUnI%2BvtWdSeFpl4Ry9o2JP2izFocDVtYbTyy44VfTAqhX3iyZdXEtPTT2GrPYoGhAA8h%2BZqYd4UkuvIEyapOTgoaTy8if/FbEPg62x3w620pbmsAqWokg/8AM1zefHbOjw60iwcIXe2RLLH/AM0hLenfKgkhXXatqYuNdmnQwppaVfdOc7%2BNRjnDsWXb3Y8lpoIUCEPY3bPQgms8M8ONWMvSXZaHRpwoIzpGOpBJ3qJ3LxmOhCgvZG37hW3wrZIkp7RcnTlIK8BHngc/eqnbI47dJPLNdDuaoV1ju6WSytYLYccTpVjxHlVcQxGhHHfcUk6dWNvlWVP5Cmsxltr6E6Em1xPtUPtUBRR3RU1aLOjWp5adCVDYVEsTBKbdDjzenXob0Ej5irRCfebYYbllIfxg4O6jVf7rCnnmhK1esMnILDTQSOzSnCcZxzqtcZMNFoqCRkipFVw7J9ZccOQTkBO1eU%2BK1dY4UhzTke1d9vcRqrPRhVpumcrlM6VnbFe8aEiRGeUU5KU5BqwSrG326UJdGVKwCRz9KkIXDqmo6wp1CkLGO5v1rdVIy6MeixcEy2rrwy2nulbQ7NxPUEVzjiZ6Q3LkRHMLbyf5as8/UEH61YLE/wDwSVLajupTICsFsEEqGP6efvVTvzskOKl3JLjwKzh1HjvuRz2rmqTg5cfZrFeyPt95Q1KW%2BLUwp5OwdW5kg4xncefj0raYlokvGO9HA1rClYc06fYCoD%2BKQwD2BK%2BvPma97TLSmUXpLiU77AnlVIW8ZSy0JTx0X27QhY7HHNsOhnBUo/eIJ65O9cp4lu785aY63FFCN1JO%2BTVxvHGEl%2BAbdBaD5UD3lpwlHn51Ro9tdecK39WVAnURzrqhGMeik9na/sWuS3bQ00tWcI0n1Sdvoa62yrU2CedcN%2BxIKTDWT%2BFxX6V22CrUyDWqKM2aUpQClKUBUvtCg/GWleRnCfu%2BJyD%2BlaFohwZFkZVDiNxEuNhRDSAkg8%2Bgq43COmTFW2sbYNUu0LVH%2BJtcg6S0opQfFJ%2B6flt7VxXieMo6bZrODadfKS004MnByeeayoICQgatXMKBxg1B262zoRksPvFxoKyyo8/SpFMeNICS%2B3laCFBWSDq%2BfhXmc8x0eg4pMNw0rkPvtrJLigVZPPbFbPYI16kqAyOh5mvkvNMdoEqUt1CM9mVbk9BUY3d0SG9S8tO476M50ny8qiU4xQwzb/iDYYKH2lpWDpw4NQz0NQV2mTHmpA7RjSps6EISUhSvHnXzOm4kJ19pjSSEA91W3U%2BOa05CFOpS52igrTjAIOnxrnlNvUieg7cJ8aAmItDb2pASXCklQyP6s1qPRZMppxiOhbrrgGAknb5cq9IjMp6ZLbWhWAjQhHl4%2B5q5W%2BAm2RUKWND2AFq55NZSThL/ABxyyFsj7DaXIVtbQ6ylU5R1OFe%2B/QZpJjQ48tEx8rdlNAkuEkhPomvZ68JXNeitqCHGgDv94g9fSoCZc49pDbcgPOIcKlgp7xTvyI8MVe2oSUnUqdiWCXeuMXCmw7reSNR2xkHlivmPNDCwFuOJS4nAQRjPpWmpUFLQmk5ShAIAHMcwD4Vi4XyFLaQnswQRq76RlHgBXoJtHJUmuiOi3GY8p16Y27FdbcKG06tQUnx35da97Ld3I7y9BSpgKKlJwQArc6h486hZLj0hox2i4kuqGcq0lsg7b9PqKsT8UIt7TEZ/SpKcuu9mlYWcb8%2BXtircuDyvZgk2RV3urE4yZEcpcVG7xDYA1nw7351W7temmpKWWYnYMOlLil9mQtCzz55SQeRwB61LSkx0MEyuxDTWElbgxrHUbete8FqO9G7KKll6OGtKUuq1hKuYyrw86vFqO2aZ1gr83hSPOPxIIiurBWpKSSgnbGK%2Bbbbkx1KZdiJDw8U1bG1t/CLW7DccShOjS0oBOcfdB29iMH8qzaC1KjJcXDU06wCS2AVj0BwCc1eFxJfyI4L0R0HhxTzmVJ7JB%2B94qFOLo7EQx0oTpCWlbY5VaRIVHaS7IjraSpGpSF/eT5Gom62hviFpE5NyS01oCUoSgK9d810q4p%2B2UlCRI/ZPBVF4eS%2BpOC8srHmCa6nbDlk1S%2BHJMB62tN2xaVsMDse74jY1dLWkhjeumLysmLN6lKVJApSlAYxVT4rtLqiLhATmQ0k9wbdonmU%2BvUfKrbXw42laSlQ2NVlFSWGTFtPKKHDkIuUMAKHaAZAVkHIP/Aa%2BIykKfeS5rCgdK04AUk%2BI8qlrvZ1sOLkQk99StSkjbWfEf7vLrUdGlRVqKne68nuqIG/oRXkVqEqctdHpUqqktkRfnp8J5EqCFusgaHW3Bz8FA%2BNaDkhqaht9jUstK/mNjHc/uFWp1kykLQvsHWFDA0pwR9arc6yyITyXbWkpUThQJyfnXFKD9I3yac95CIxdZS2opIz2hJ28gOuajrPMlyLoqIt5pwkbNpSAoHGfepYyE9qlEpnsJBTjvDZXpWoi4LslwDoajqddSUokdnnQBvjPn45qKeMOMkHtaLDDtE%2BzRFTFOMSbq6P5i3U4SB0SnBGDWy5LelpfRlTEhsBJ1oynPiB1FeUW/sS2U/HoaTqOM51Nn36e9bDyXVdu604VlwakBfeSk%2BOOftXQ1h6KrGMM0nRHT2bi2kF85QSnp6eVai47C0pL4QpsYKTpyQfWom48SpssZoy4TkiQo7dknGoeO/Koo8aWadhLyXY7uRltfdKT6jn6GtownJaRy1auNG3dChLqCy6EJQrAQjcLHUEHate5q%2BJ7ItjsnVIH8tCME74GelfTrUOQw3IhgOrUdSEK2z8%2Bdb8S5We2PFV0lIVMzhDBVqS3k88eO9E9GCWz3hRkWuCSt1BnBA%2BIdXjH9u/Ko%2BaxMu7wcZnFMYAB9pK%2B4R4jFfV5cQ/FkLU0Ho7mxMZWe7nOSDuMeWa8rNBittNNN6gk4Oo/jzvhQqV1k1WjWl2VuW0YanVdunK46yDjbGefMYrSsdpnRpRRJdShBGRhRUfbpVmmWiI8%2BHDqDjbgcQph1Qyeuxztt0rZt8Z1Ex10OOvtObJQUIIHlnnip8mI4GInlGbnNQllxlDnabBptQScZ%2B8Njv7GvpTQZYaVIkTExyvKgF41EnABIwT6CpJxTMRp4znEAKGlJVjJHsE7eX1qDmcSumIGLTHXMUjAIYQAj65x8zWKbk9F3xWkS0mfb7bGWuSlKEKHfLneKvXOflXO5cy6cS3AMNJXDhDYNAFIKc8yR%2BlSzVmuN8JcvSlNOZy0whWUp9utXmz2tuI22t9KSpA7iOg8z510Uae8R7MZy/Z98E2NFltqWUApLqtakZJ0%2BW9dGhJ0siqrBJW6PWrawMNJr04R4o528npSlKsQKUpQClKUB8LQlaSFDIqs36wx5LgfcLjTw%2B5KZOFDyVj7wq018rSFJwoZFQ4qWmSm10c8XbLwwAWJ8dxPQyGcpP8A3JKce4rxekcTxWxrtkKSBsS08pOfYg1cp1sWkl2G4ptZ6DkfUVDOy3Iq8TI6kD/qMDKfdJ/TFc8raDNlXmij3a63d5JbesRSDzAWMflVXcu1whq0OWxPYk7oW7k48tq62pUCeMIdbWfI6VfI/pWjNsEN1pRUnYdCnH6VV2tNrDJVeRzuLcI00n%2BGLSxKUO/HfGQv2zvVhsN8WiNolx1RQnu6FK1IH9qunofnXhO4WguqUUtrB55AqGf4fnNnMe4ykjGNPMfWuaVm4/xejaNb7RcLjGhT4xSytDcgjKFr228vEVRp/BsXtv8ANaoyCMdVAk9c/vXyj/EEAkMStaTzQ4wCn5Vuxr1KCdFxty0%2BK4bhH/wVt9TVVTqQ6Ylwn6NGDDkspWmC%2Bl9lk40FXeHp4VpvLiS5b4lRy264nGtwnUk%2B/Oppx626i7HuMuOs9HIwz74TWXHYTsXRNejuoGTrGQo48qj8lsylTx7Iq2W0Qwn4S5pWpZOWVbpHh5/KpVy5mGl1u6QFaXE6VOMqKgfluKim4lpkt6LXOb%2BKCs9mpWRj%2B07it6LbLwyVI%2BOQlKtwjSCCM9c5qf5PZVSwTcbiaH2STb4UlzSjSnDOrHucVry71OCQuZJYs0QbBGkKec/Qe/yrXXbrio6JnEPYMf8ASitgLV9NvrW1As0BhztY8PtXP/UTDrV7D/npW9O1ztkOr9EbGhR70/2zjd2nMj7pmOBpnPicBJV6b1b4MQNtJbSQ20BgNtjSkenWvphhainWSpfTyFS8S2uu7lJAPOuj%2Bnh7KObNaM00xu22Ar%2Brr862AhxwhKQal49mJA2PvUtEtLbe5xn0rZRUekVbya1mt5RhbgqdAxWEpCU4AFfVSQKUpQClKUApSlAKUpQGDWvJhsvpIWnc1s0oCq3PhVl4EtpOrxG1V%2BTZbvCP%2BUmOjHRQyK6VXwtpC/vJBoDlb0y/M7OxWnhyJwklX/uSfzrTXf5Lf%2BrASjHQx1K/JwD6V1Z22x3NyitB7h2O50HyqMInLOXy%2BIWH04ch6T4hCkfvUcu4RCf9Fzf/AHq//NdUd4UZPJArWXwi3nZA%2BQqOKGWcrdlxXNvhVn1bWr8nE15kIcGG7fq/7Ej6L111b/CKP6AfavRvhNA/ABTghlnLmYspWOzjIaA67n6bJ%2BlSEe1yVj%2BY4rHgkaR8hXS2uGG09BW6xYWG8ZA%2BVTgg59CsZTjQjfzqbh2B1f4aujVvYb/AK2UoSn7qQKkEFAsLbWCtPKpdmK0yMBNbFKAwEgchWaUoBSlKAUpSgFKUoBSlKAUpSgFKUoBSlKAUpSgFMUpQClKUApSlAKUpQClKUApSlAKUpQClKUB//9k%3D 404","timestamp":"2026-08-06 17:48:17"}
{"ip":"::1","level":"debug","message":"GET /uploads/data%3Aimage/jpeg%3Bbase64%2C/9j/4AAQSkZJRgABAQAAAQABAAD/2wCEAAkGBwgHBgkIBwgKCgkLDRYPDQwMDRsUFRAWIB0iIiAdHx8kKDQsJCYxJx8fLT0tMTU3Ojo6Iys/RD84QzQ5OjcBCgoKDQwNGg8PGjclHyU3Nzc3Nzc3Nzc3Nzc3Nzc3Nzc3Nzc3Nzc3Nzc3Nzc3Nzc3Nzc3Nzc3Nzc3Nzc3Nzc3N//AABEIAJQA2wMBIgACEQEDEQH/xAAcAAEAAgMBAQEAAAAAAAAAAAAABQYBBAcDAgj/xAA/EAABAwMCAwYDBgQFAwUAAAABAgMEAAUREiEGMUETIlFhcYEUkaEHMkKxwdEVI1JyFiQzYvBTguFUkqKy0v/EABoBAQADAQEBAAAAAAAAAAAAAAABAgMEBQb/xAAoEQACAQQCAgICAQUAAAAAAAAAAQIDBBEhEjETQQVRImEyFBUjgaH/2gAMAwEAAhEDEQA/AO40pSgFKUoBSlKAUpSgFKVjNAZpTNYyKAzSsZHjTIoDNKwSBzNMigM0rGaAg8jQGaVjNZzQClKUApSlAKUpQClKUApSlAKUpQClKwTigM1gkCmdqipt/hRytDai%2BtBwoNbhJ8CeQPlzqGwbVwuEW3tFyW6EJ6Dqr0FU%2BZx6VuKbtsTWeWpe/wBB%2B9Vt1%2BTxNPclSnFJjgnQhJ6eHpUzEjMsoCWkBKQPCvnr75rxycKaO%2Bja5WWeRv3FTxKkvstJxnAaH65reg3ziEf664zo80YJ%2BVaj0hlhZUp48sFsHasxbgxIVobyFeBGK8tfJ3sfz9Gvio54%2ByxI4mcDel6KEvdBrwkn16VVpv2tNwJbkSbaH2JDZ76FKz6EeI8xtUmCVDBGR4Gq5xVaY7zCZEpsOJinW2OpT1QfFJODjyr1rH5pVpeOa2ZVbPG4lhi/aOy/CTLXBU00sZb1qwVjxA8POtBXGV/u8kR7Mw0zq%2B6pQyfrVYtdvXJBkzFlxat9/wDnKrfFZFpt6J7YUHXDoSkgbefnUVvkpTm1DpdnVGyhTgnLt9EXLlcZw1hU24PNDySjB%2Blblu4o4gaWA661JRjftEjP0xWpPvLzqsv9mspP3VDIPtW9am4M1vtUaWykYUc4CTnwNcrvbiLzHp9GihbtOMlv9Flt3FTLxS3MbLKz1ByKsKVpcQFoUFJO4IOQa5ld1ojykNoWl1LicnAHOpDha9rtzzkaa8PhVYLanF40HOMZPrXqWfyXll46nZx3Flxj5IdHQaVrsTGH9m197GdJ548a9874r1zzjNKUoBSlKAUpSgFKUoBSlKAwTtmo67XiNbG8vKy4RkNp5%2B/gPM1G8S8Ss2xCmWnE9ty1c9B9Op8q5jdX7/dnFIgRX0pdV3n3NlHPrvyz%2BW29ZVKnHRKWTe4q%2B0ZK9TSHO0GcdkhRS16KI3X6cvWoS2Q%2BKeJ5LEjUWIjSwpsq7rYA37qR%2BWMV0Hh%2Bw2mzRkCNDIf04XJeYy4s9e8RkDPQbVOtvBZI29U9K4p3ji9x0bRpoqkSN8LqawEthRSMdN%2BVba20llSFL2VsMmvG/wAV2G6660%2BpKg0VFasHPqDsflVOZ40dYRpmxUOEK060HT9N/wBK8Kv8XUrTdSi/9HbCvFLjIn3Lc72yCWz3ckKB5nlyrFngLadWoOLz%2BJSjqJrRTxYyuOXRHkKSk95KikhXrWoxx2qW4G4dvQgnmVr/AEH71Dtr6cfHxKKNGL5ZLoFBtIB5%2BPjVcl3hi8SpsO3r7ZuCyXX1A91at%2B6D6Dn6VVeKLvcpDOH5Kksnm013Un%2B7qR6nFTH2YxEqhTrkpGlMxzS0n/Ynb869H474ZW8vJV2yle6cliJIWN1mbEbdiOBbCwNKh/8AUjofKrBEnxuzVEuCVOJGyCog6PSuf8GxXYPFz9pkFaS0tSdJOy0c0HHUEYNX2825plhUoBescxrODVa/xc41HKk9fR1U72FSCjV9GhMhwJZEe3PuiWpWyVnSF7cvP3rfjWYwor7cpCHC4gas5OgjlVGkcSxozx/kPawfvBSal7NxHJkNPvMNLWUAYS6vOTWE7S6lHCiXdWjDPGWv%2BnvJQhspUykqJOADzqE4vTNnQkwYOEYWFuKX3Uq2OEpJ5%2BJx4Co6/cU3FwlmMptL6j3vh0bas/dTnJ9z7Ac60rbbJ7kZqdcHngtx0AslSlLUjxPXNb29rG1XkqPa6KVrtVlwWkzc4d4kv9jeTHXIaeYByWFuqIHmMDunzGK61YeOYEltCZb6GnDjUhwgEZ8%2BRH1rnLsG1/HQnA6qKta9CkBRypPTJPLfFTH%2BBbblyU47KecVnCO0xpJ6gcz71s/mIQxzOOVt%2BTUTsCHUOIC0KBSRkKByDX0K/PVru94skpZtch5LKXCCn8J36o5H1rrnCPFzd6Hw8pv4ecBnR0X5j9q9WlWjUWjmlTcS1UrFBWxQzSlKAUpSgFQPFF7TbI/ZNLHxLuyQemamJLyY8dx1edKEknzriXEN/XK4rYW6oqaafBKB16benOobwSlkv9i4fErTLmd4E5STufPHh68z9KsmiLb2shLbSQcZ5ZpaXUPw2XI6kLYUgaFpPOo2%2BWv%2BK4KX1FbewA2SPWsakpQjmKyyUbn8VYfWlEV5sqGCoZzsc/tW04zHk7qCdY2ChzTVYtHDb0Of26phfa0HGU4wT4H981PI7JhovF1IwMqUtWwHmarSlKUfzRODlX20OzocmCyBrbVlYUnY7EZ%2BlV1US0XktSYc5uK4vHaRpX8vvgb4VyPzrpdyiRuNBIlN4UywCzGWRzwe8r51za6Wd%2BAVtLYSptWykLGUmtEvQz9mLlbZVubV2S21tlO5Q4FJqCtEhuBI1SFpCU/7q1plniryWtbJ/oCu7XxbrYyhfeTqJ8aaXRbLZ9cTX9M3%2BRFbJH9WKuv2WTVuxZkdZwlshaAeQHLA%2BlViTZ1NpDnZgA9CKnuCmzbnpYxkKb%2BtXRSRCSeJpcfi83QI7RLb5BA56BtgV1kcTWTiC1lESYht9ac9i%2BdCwfQ1QYPCrk1xSg3laipWK2pEdMeIIdxgtOBAISopwpPvUPYRXL/AeYlr1JI3zkEEGt2z3X4O3yozalfEyGlIY2/HpUR9RUBcrOgulTS1pSTskKPKibS1FdivNur7ZDgVvv1qGk%2ByybJDhaHGefjz2At3sSO11K7qcg8h16Vcpry35bIZZIS4tKQTsVkHljwzUnHsSLfDTJiRkGO%2BNakJQMoJ3PtVYQiTJm/HsPrQiPIw3kAtbcwfTevn7mMpVnyWEujuUOFHknnJN3e1vxkiVNU1IfJz9zZseAJ5etedyuqYtuK4r6FurI0qQ4CpJzUVfuInHEvRmFoBWO8spyCeW9LLcYrdkSt9trWg4UdIwo9a54QkqWakcinQhUqYUsG/arZNnWFmbBDIfcJWErUQUqJ8fIGo5u2zrDNgTEvvrkB5ClpS3lKSSNgR0NGb%2B/J1NwT2LKV899zXpNlTLXDcud0dwGt2WVc1r6EjwHPHlXTbK48v6ZWtGEVhPZ31OSN6%2Bqg%2BErum62dl3VqWBgk9R0NTlfRI88UpSpApSlAV7jSYItqVnGMFSvQD964I2xLcW9ckJLhCuY/DXYPtWWpFoUUnGWyn5qFUbgx5pUVmCUgrcUonPXf9qzmy8T24Vl8VWx2OqBqEeUO1MZQ1IAJxnT%2BH2xV/uXFci1vJZdgIXqAOUr0/pVb4viz2HINzs7rzT8bKP5O5KfDHUeRpNeu14aablWhpRUAW30O9k4k9QUnI%2BvtWdSeFpl4Ry9o2JP2izFocDVtYbTyy44VfTAqhX3iyZdXEtPTT2GrPYoGhAA8h%2BZqYd4UkuvIEyapOTgoaTy8if/FbEPg62x3w620pbmsAqWokg/8AM1zefHbOjw60iwcIXe2RLLH/AM0hLenfKgkhXXatqYuNdmnQwppaVfdOc7%2BNRjnDsWXb3Y8lpoIUCEPY3bPQgms8M8ONWMvSXZaHRpwoIzpGOpBJ3qJ3LxmOhCgvZG37hW3wrZIkp7RcnTlIK8BHngc/eqnbI47dJPLNdDuaoV1ju6WSytYLYccTpVjxHlVcQxGhHHfcUk6dWNvlWVP5Cmsxltr6E6Em1xPtUPtUBRR3RU1aLOjWp5adCVDYVEsTBKbdDjzenXob0Ej5irRCfebYYbllIfxg4O6jVf7rCnnmhK1esMnILDTQSOzSnCcZxzqtcZMNFoqCRkipFVw7J9ZccOQTkBO1eU%2BK1dY4UhzTke1d9vcRqrPRhVpumcrlM6VnbFe8aEiRGeUU5KU5BqwSrG326UJdGVKwCRz9KkIXDqmo6wp1CkLGO5v1rdVIy6MeixcEy2rrwy2nulbQ7NxPUEVzjiZ6Q3LkRHMLbyf5as8/UEH61YLE/wDwSVLajupTICsFsEEqGP6efvVTvzskOKl3JLjwKzh1HjvuRz2rmqTg5cfZrFeyPt95Q1KW%2BLUwp5OwdW5kg4xncefj0raYlokvGO9HA1rClYc06fYCoD%2BKQwD2BK%2BvPma97TLSmUXpLiU77AnlVIW8ZSy0JTx0X27QhY7HHNsOhnBUo/eIJ65O9cp4lu785aY63FFCN1JO%2BTVxvHGEl%2BAbdBaD5UD3lpwlHn51Ro9tdecK39WVAnURzrqhGMeik9na/sWuS3bQ00tWcI0n1Sdvoa62yrU2CedcN%2BxIKTDWT%2BFxX6V22CrUyDWqKM2aUpQClKUBUvtCg/GWleRnCfu%2BJyD%2BlaFohwZFkZVDiNxEuNhRDSAkg8%2Bgq43COmTFW2sbYNUu0LVH%2BJtcg6S0opQfFJ%2B6flt7VxXieMo6bZrODadfKS004MnByeeayoICQgatXMKBxg1B262zoRksPvFxoKyyo8/SpFMeNICS%2B3laCFBWSDq%2BfhXmc8x0eg4pMNw0rkPvtrJLigVZPPbFbPYI16kqAyOh5mvkvNMdoEqUt1CM9mVbk9BUY3d0SG9S8tO476M50ny8qiU4xQwzb/iDYYKH2lpWDpw4NQz0NQV2mTHmpA7RjSps6EISUhSvHnXzOm4kJ19pjSSEA91W3U%2BOa05CFOpS52igrTjAIOnxrnlNvUieg7cJ8aAmItDb2pASXCklQyP6s1qPRZMppxiOhbrrgGAknb5cq9IjMp6ZLbWhWAjQhHl4%2B5q5W%2BAm2RUKWND2AFq55NZSThL/ABxyyFsj7DaXIVtbQ6ylU5R1OFe%2B/QZpJjQ48tEx8rdlNAkuEkhPomvZ68JXNeitqCHGgDv94g9fSoCZc49pDbcgPOIcKlgp7xTvyI8MVe2oSUnUqdiWCXeuMXCmw7reSNR2xkHlivmPNDCwFuOJS4nAQRjPpWmpUFLQmk5ShAIAHMcwD4Vi4XyFLaQnswQRq76RlHgBXoJtHJUmuiOi3GY8p16Y27FdbcKG06tQUnx35da97Ld3I7y9BSpgKKlJwQArc6h486hZLj0hox2i4kuqGcq0lsg7b9PqKsT8UIt7TEZ/SpKcuu9mlYWcb8%2BXtircuDyvZgk2RV3urE4yZEcpcVG7xDYA1nw7351W7temmpKWWYnYMOlLil9mQtCzz55SQeRwB61LSkx0MEyuxDTWElbgxrHUbete8FqO9G7KKll6OGtKUuq1hKuYyrw86vFqO2aZ1gr83hSPOPxIIiurBWpKSSgnbGK%2Bbbbkx1KZdiJDw8U1bG1t/CLW7DccShOjS0oBOcfdB29iMH8qzaC1KjJcXDU06wCS2AVj0BwCc1eFxJfyI4L0R0HhxTzmVJ7JB%2B94qFOLo7EQx0oTpCWlbY5VaRIVHaS7IjraSpGpSF/eT5Gom62hviFpE5NyS01oCUoSgK9d810q4p%2B2UlCRI/ZPBVF4eS%2BpOC8srHmCa6nbDlk1S%2BHJMB62tN2xaVsMDse74jY1dLWkhjeumLysmLN6lKVJApSlAYxVT4rtLqiLhATmQ0k9wbdonmU%2BvUfKrbXw42laSlQ2NVlFSWGTFtPKKHDkIuUMAKHaAZAVkHIP/Aa%2BIykKfeS5rCgdK04AUk%2BI8qlrvZ1sOLkQk99StSkjbWfEf7vLrUdGlRVqKne68nuqIG/oRXkVqEqctdHpUqqktkRfnp8J5EqCFusgaHW3Bz8FA%2BNaDkhqaht9jUstK/mNjHc/uFWp1kykLQvsHWFDA0pwR9arc6yyITyXbWkpUThQJyfnXFKD9I3yac95CIxdZS2opIz2hJ28gOuajrPMlyLoqIt5pwkbNpSAoHGfepYyE9qlEpnsJBTjvDZXpWoi4LslwDoajqddSUokdnnQBvjPn45qKeMOMkHtaLDDtE%2BzRFTFOMSbq6P5i3U4SB0SnBGDWy5LelpfRlTEhsBJ1oynPiB1FeUW/sS2U/HoaTqOM51Nn36e9bDyXVdu604VlwakBfeSk%2BOOftXQ1h6KrGMM0nRHT2bi2kF85QSnp6eVai47C0pL4QpsYKTpyQfWom48SpssZoy4TkiQo7dknGoeO/Koo8aWadhLyXY7uRltfdKT6jn6GtownJaRy1auNG3dChLqCy6EJQrAQjcLHUEHate5q%2BJ7ItjsnVIH8tCME74GelfTrUOQw3IhgOrUdSEK2z8%2Bdb8S5We2PFV0lIVMzhDBVqS3k88eO9E9GCWz3hRkWuCSt1BnBA%2BIdXjH9u/Ko%2BaxMu7wcZnFMYAB9pK%2B4R4jFfV5cQ/FkLU0Ho7mxMZWe7nOSDuMeWa8rNBittNNN6gk4Oo/jzvhQqV1k1WjWl2VuW0YanVdunK46yDjbGefMYrSsdpnRpRRJdShBGRhRUfbpVmmWiI8%2BHDqDjbgcQph1Qyeuxztt0rZt8Z1Ex10OOvtObJQUIIHlnnip8mI4GInlGbnNQllxlDnabBptQScZ%2B8Njv7GvpTQZYaVIkTExyvKgF41EnABIwT6CpJxTMRp4znEAKGlJVjJHsE7eX1qDmcSumIGLTHXMUjAIYQAj65x8zWKbk9F3xWkS0mfb7bGWuSlKEKHfLneKvXOflXO5cy6cS3AMNJXDhDYNAFIKc8yR%2BlSzVmuN8JcvSlNOZy0whWUp9utXmz2tuI22t9KSpA7iOg8z510Uae8R7MZy/Z98E2NFltqWUApLqtakZJ0%2BW9dGhJ0siqrBJW6PWrawMNJr04R4o528npSlKsQKUpQClKUB8LQlaSFDIqs36wx5LgfcLjTw%2B5KZOFDyVj7wq018rSFJwoZFQ4qWmSm10c8XbLwwAWJ8dxPQyGcpP8A3JKce4rxekcTxWxrtkKSBsS08pOfYg1cp1sWkl2G4ptZ6DkfUVDOy3Iq8TI6kD/qMDKfdJ/TFc8raDNlXmij3a63d5JbesRSDzAWMflVXcu1whq0OWxPYk7oW7k48tq62pUCeMIdbWfI6VfI/pWjNsEN1pRUnYdCnH6VV2tNrDJVeRzuLcI00n%2BGLSxKUO/HfGQv2zvVhsN8WiNolx1RQnu6FK1IH9qunofnXhO4WguqUUtrB55AqGf4fnNnMe4ykjGNPMfWuaVm4/xejaNb7RcLjGhT4xSytDcgjKFr228vEVRp/BsXtv8ANaoyCMdVAk9c/vXyj/EEAkMStaTzQ4wCn5Vuxr1KCdFxty0%2BK4bhH/wVt9TVVTqQ6Ylwn6NGDDkspWmC%2Bl9lk40FXeHp4VpvLiS5b4lRy264nGtwnUk%2B/Oppx626i7HuMuOs9HIwz74TWXHYTsXRNejuoGTrGQo48qj8lsylTx7Iq2W0Qwn4S5pWpZOWVbpHh5/KpVy5mGl1u6QFaXE6VOMqKgfluKim4lpkt6LXOb%2BKCs9mpWRj%2B07it6LbLwyVI%2BOQlKtwjSCCM9c5qf5PZVSwTcbiaH2STb4UlzSjSnDOrHucVry71OCQuZJYs0QbBGkKec/Qe/yrXXbrio6JnEPYMf8ASitgLV9NvrW1As0BhztY8PtXP/UTDrV7D/npW9O1ztkOr9EbGhR70/2zjd2nMj7pmOBpnPicBJV6b1b4MQNtJbSQ20BgNtjSkenWvphhainWSpfTyFS8S2uu7lJAPOuj%2Bnh7KObNaM00xu22Ar%2Brr862AhxwhKQal49mJA2PvUtEtLbe5xn0rZRUekVbya1mt5RhbgqdAxWEpCU4AFfVSQKUpQClKUApSlAKUpQGDWvJhsvpIWnc1s0oCq3PhVl4EtpOrxG1V%2BTZbvCP%2BUmOjHRQyK6VXwtpC/vJBoDlb0y/M7OxWnhyJwklX/uSfzrTXf5Lf%2BrASjHQx1K/JwD6V1Z22x3NyitB7h2O50HyqMInLOXy%2BIWH04ch6T4hCkfvUcu4RCf9Fzf/AHq//NdUd4UZPJArWXwi3nZA%2BQqOKGWcrdlxXNvhVn1bWr8nE15kIcGG7fq/7Ej6L111b/CKP6AfavRvhNA/ABTghlnLmYspWOzjIaA67n6bJ%2BlSEe1yVj%2BY4rHgkaR8hXS2uGG09BW6xYWG8ZA%2BVTgg59CsZTjQjfzqbh2B1f4aujVvYb/AK2UoSn7qQKkEFAsLbWCtPKpdmK0yMBNbFKAwEgchWaUoBSlKAUpSgFKUoBSlKAUpSgFKUoBSlKAUpSgFMUpQClKUApSlAKUpQClKUApSlAKUpQClKUB//9k%3D 404","timestamp":"2026-08-06 17:48:40"}
{"ip":"::1","level":"debug","message":"OPTIONS /api/menu/6a72c050bc4c923bdc6683f0 204","timestamp":"2026-08-06 17:48:47"}
{"ip":"::1","level":"debug","message":"PUT /api/menu/6a72c050bc4c923bdc6683f0 200","timestamp":"2026-08-06 17:48:47"}
{"ip":"::1","level":"debug","message":"OPTIONS /api/orders/6a747816b872a7fd5a291f5d 204","timestamp":"2026-08-06 17:48:51"}
{"ip":"::1","level":"debug","message":"GET /api/orders/6a747816b872a7fd5a291f5d 304","timestamp":"2026-08-06 17:48:51"}
{"ip":"::1","level":"debug","message":"GET /api/orders/slots 304","timestamp":"2026-08-06 17:48:58"}
{"ip":"::1","level":"debug","message":"OPTIONS /api/auth/me 204","timestamp":"2026-08-06 17:48:58"}
{"ip":"::1","level":"debug","message":"GET /api/coupons 304","timestamp":"2026-08-06 17:48:58"}
{"ip":"::1","level":"debug","message":"GET /api/menu 200","timestamp":"2026-08-06 17:48:58"}
{"ip":"::1","level":"debug","message":"GET /api/auth/me 304","timestamp":"2026-08-06 17:48:58"}
{"ip":"::1","level":"debug","message":"GET /api/menu 304","timestamp":"2026-08-06 17:48:58"}
{"ip":"::1","level":"debug","message":"OPTIONS /api/orders/6a747816b872a7fd5a291f5d 204","timestamp":"2026-08-06 17:49:51"}
{"ip":"::1","level":"debug","message":"GET /api/orders/6a747816b872a7fd5a291f5d 304","timestamp":"2026-08-06 17:49:51"}
{"ip":"::1","level":"debug","message":"OPTIONS /api/menu/6a706297f21e525453c49413 204","timestamp":"2026-08-06 17:50:18"}
{"ip":"::1","level":"debug","message":"PUT /api/menu/6a706297f21e525453c49413 200","timestamp":"2026-08-06 17:50:18"}
{"ip":"::1","level":"debug","message":"OPTIONS /api/orders/6a747816b872a7fd5a291f5d 204","timestamp":"2026-08-06 17:50:51"}
{"ip":"::1","level":"debug","message":"GET /api/orders/6a747816b872a7fd5a291f5d 304","timestamp":"2026-08-06 17:50:51"}
{"ip":"::1","level":"debug","message":"GET /api/orders/slots 304","timestamp":"2026-08-06 17:50:52"}
{"ip":"::1","level":"debug","message":"OPTIONS /api/auth/me 204","timestamp":"2026-08-06 17:50:52"}
{"ip":"::1","level":"debug","message":"GET /api/coupons 304","timestamp":"2026-08-06 17:50:52"}
{"ip":"::1","level":"debug","message":"GET /api/menu 200","timestamp":"2026-08-06 17:50:52"}
{"ip":"::1","level":"debug","message":"GET /api/auth/me 304","timestamp":"2026-08-06 17:50:52"}
{"ip":"::1","level":"debug","message":"GET /api/menu 304","timestamp":"2026-08-06 17:50:52"}
{"ip":"::1","level":"debug","message":"GET /api/orders/slots 304","timestamp":"2026-08-06 17:50:52"}
{"ip":"::1","level":"debug","message":"GET /api/coupons 304","timestamp":"2026-08-06 17:50:52"}
{"ip":"::1","level":"debug","message":"GET /api/menu 304","timestamp":"2026-08-06 17:50:53"}
{"ip":"::1","level":"debug","message":"GET /api/auth/me 304","timestamp":"2026-08-06 17:50:53"}
{"ip":"::1","level":"debug","message":"GET /api/menu 304","timestamp":"2026-08-06 17:50:53"}
{"ip":"::1","level":"debug","message":"OPTIONS /api/orders/6a747816b872a7fd5a291f5d 204","timestamp":"2026-08-06 17:51:51"}
{"ip":"::1","level":"debug","message":"GET /api/orders/6a747816b872a7fd5a291f5d 304","timestamp":"2026-08-06 17:51:51"}
{"ip":"::1","level":"debug","message":"OPTIONS /api/menu/reorder/6a6d93ad36c0e60f170ae528 204","timestamp":"2026-08-06 17:52:33"}
{"ip":"::1","level":"debug","message":"OPTIONS /api/menu/reorder/6a6d93ad36c0e60f170ae528 204","timestamp":"2026-08-06 17:52:33"}
{"ip":"::1","level":"debug","message":"GET /api/menu/categories 304","timestamp":"2026-08-06 17:52:33"}
{"ip":"::1","level":"debug","message":"GET /api/menu? 200","timestamp":"2026-08-06 17:52:33"}
{"ip":"::1","level":"debug","message":"GET /api/menu/categories 304","timestamp":"2026-08-06 17:52:33"}
{"ip":"::1","level":"debug","message":"GET /api/menu? 304","timestamp":"2026-08-06 17:52:33"}
{"ip":"::1","level":"debug","message":"GET /api/menu/reorder/6a6d93ad36c0e60f170ae528 200","timestamp":"2026-08-06 17:52:33"}
{"ip":"::1","level":"debug","message":"GET /api/menu/reorder/6a6d93ad36c0e60f170ae528 304","timestamp":"2026-08-06 17:52:33"}
{"ip":"::1","level":"debug","message":"OPTIONS /api/orders/6a747816b872a7fd5a291f5d 204","timestamp":"2026-08-06 17:52:51"}
{"ip":"::1","level":"debug","message":"GET /api/orders/6a747816b872a7fd5a291f5d 304","timestamp":"2026-08-06 17:52:51"}
{"ip":"::1","level":"debug","message":"OPTIONS /api/orders/6a747816b872a7fd5a291f5d 204","timestamp":"2026-08-06 17:53:51"}
{"ip":"::1","level":"debug","message":"GET /api/orders/6a747816b872a7fd5a291f5d 304","timestamp":"2026-08-06 17:53:51"}
{"ip":"::1","level":"debug","message":"OPTIONS /api/orders/6a747816b872a7fd5a291f5d 204","timestamp":"2026-08-06 17:54:51"}
{"ip":"::1","level":"debug","message":"GET /api/orders/6a747816b872a7fd5a291f5d 304","timestamp":"2026-08-06 17:54:51"}
{"ip":"::1","level":"debug","message":"OPTIONS /api/orders/6a747816b872a7fd5a291f5d 204","timestamp":"2026-08-06 17:55:51"}
{"ip":"::1","level":"debug","message":"GET /api/orders/6a747816b872a7fd5a291f5d 304","timestamp":"2026-08-06 17:55:51"}
{"level":"info","message":"🚀 Server running on port 5000","timestamp":"2026-08-06 17:56:14"}
{"ip":"::1","level":"debug","message":"OPTIONS /api/orders/6a747816b872a7fd5a291f5d 204","timestamp":"2026-08-06 17:56:51"}
{"ip":"::1","level":"debug","message":"GET /api/orders/6a747816b872a7fd5a291f5d 304","timestamp":"2026-08-06 17:56:51"}
{"level":"info","message":"🚀 Server running on port 5000","timestamp":"2026-08-06 17:57:36"}
{"ip":"::1","level":"debug","message":"OPTIONS /api/orders/6a747816b872a7fd5a291f5d 204","timestamp":"2026-08-06 17:57:51"}
{"ip":"::1","level":"debug","message":"GET /api/orders/6a747816b872a7fd5a291f5d 304","timestamp":"2026-08-06 17:57:51"}
{"level":"info","message":"🚀 Server running on port 5000","timestamp":"2026-08-06 17:58:12"}
{"level":"info","message":"🚀 Server running on port 5000","timestamp":"2026-08-06 17:59:04"}
{"level":"info","message":"🚀 Server running on port 5000","timestamp":"2026-08-06 17:59:32"}
{"level":"info","message":"🚀 Server running on port 5000","timestamp":"2026-08-06 17:59:59"}
{"ip":"::1","level":"debug","message":"OPTIONS /api/auth/me 204","timestamp":"2026-08-06 18:01:00"}
{"ip":"::1","level":"debug","message":"GET /api/auth/me 200","timestamp":"2026-08-06 18:01:00"}
{"ip":"::1","level":"debug","message":"GET /api/orders/slots 304","timestamp":"2026-08-06 18:01:03"}
{"ip":"::1","level":"debug","message":"GET /api/coupons 304","timestamp":"2026-08-06 18:01:03"}
{"ip":"::1","level":"debug","message":"GET /api/menu 304","timestamp":"2026-08-06 18:01:03"}
{"ip":"::1","level":"debug","message":"GET /api/menu 304","timestamp":"2026-08-06 18:01:03"}
{"ip":"::1","level":"debug","message":"OPTIONS /api/auth/me 204","timestamp":"2026-08-06 18:01:03"}
{"ip":"::1","level":"debug","message":"GET /api/auth/me 200","timestamp":"2026-08-06 18:01:03"}
{"ip":"::1","level":"debug","message":"OPTIONS /api/auth/me 204","timestamp":"2026-08-06 18:01:11"}
{"ip":"::1","level":"debug","message":"GET /api/auth/me 401","timestamp":"2026-08-06 18:01:11"}
{"ip":"::1","level":"debug","message":"GET /api/auth/me 401","timestamp":"2026-08-06 18:01:11"}
{"ip":"::1","level":"debug","message":"GET / 200","timestamp":"2026-08-06 18:03:53"}
{"ip":"::1","level":"debug","message":"GET / 200","timestamp":"2026-08-06 18:04:19"}
{"ip":"::1","level":"debug","message":"OPTIONS /api/auth/me 204","timestamp":"2026-08-06 18:06:58"}
{"ip":"::1","level":"debug","message":"GET /api/auth/me 304","timestamp":"2026-08-06 18:06:59"}
{"ip":"::1","level":"debug","message":"OPTIONS /api/membership/summary 204","timestamp":"2026-08-06 18:07:00"}
{"ip":"::1","level":"debug","message":"GET /api/membership/summary 200","timestamp":"2026-08-06 18:07:00"}
{"ip":"::1","level":"debug","message":"OPTIONS /api/auth/me 204","timestamp":"2026-08-06 18:07:06"}
{"ip":"::1","level":"debug","message":"GET /api/auth/me 304","timestamp":"2026-08-06 18:07:06"}
{"ip":"::1","level":"debug","message":"OPTIONS /api/orders/6a747816b872a7fd5a291f5d 204","timestamp":"2026-08-06 18:07:06"}
{"ip":"::1","level":"debug","message":"GET /api/orders/6a747816b872a7fd5a291f5d 304","timestamp":"2026-08-06 18:07:06"}
{"ip":"::1","level":"debug","message":"OPTIONS /api/membership/purchase 204","timestamp":"2026-08-06 18:07:07"}
{"ip":"::1","level":"debug","message":"POST /api/membership/purchase 200","timestamp":"2026-08-06 18:07:07"}
{"ip":"::1","level":"debug","message":"OPTIONS /api/auth/me 204","timestamp":"2026-08-06 18:07:07"}
{"ip":"::1","level":"debug","message":"GET /api/auth/me 200","timestamp":"2026-08-06 18:07:07"}
{"ip":"::1","level":"debug","message":"OPTIONS /api/orders/6a747816b872a7fd5a291f5d 204","timestamp":"2026-08-06 18:07:22"}
{"ip":"::1","level":"debug","message":"GET /api/orders/6a747816b872a7fd5a291f5d 304","timestamp":"2026-08-06 18:07:22"}
{"ip":"::1","level":"debug","message":"OPTIONS /api/auth/me 204","timestamp":"2026-08-06 18:07:25"}
{"ip":"::1","level":"debug","message":"GET /api/auth/me 200","timestamp":"2026-08-06 18:07:25"}
{"ip":"::1","level":"debug","message":"OPTIONS /api/reservations/all 204","timestamp":"2026-08-06 18:07:28"}
{"ip":"::1","level":"debug","message":"GET /api/reservations/all 200","timestamp":"2026-08-06 18:07:28"}
{"ip":"::1","level":"debug","message":"GET /api/reservations/all 304","timestamp":"2026-08-06 18:07:28"}
{"ip":"::1","level":"debug","message":"OPTIONS /api/orders/6a747816b872a7fd5a291f5d 204","timestamp":"2026-08-06 18:07:38"}
{"ip":"::1","level":"debug","message":"GET /api/orders/6a747816b872a7fd5a291f5d 304","timestamp":"2026-08-06 18:07:39"}
{"ip":"::1","level":"debug","message":"OPTIONS /api/orders/6a747816b872a7fd5a291f5d 204","timestamp":"2026-08-06 18:07:55"}
{"ip":"::1","level":"debug","message":"GET /api/orders/6a747816b872a7fd5a291f5d 304","timestamp":"2026-08-06 18:07:55"}
{"ip":"::1","level":"debug","message":"OPTIONS /api/orders/6a747816b872a7fd5a291f5d 204","timestamp":"2026-08-06 18:08:08"}
{"ip":"::1","level":"debug","message":"GET /api/orders/6a747816b872a7fd5a291f5d 304","timestamp":"2026-08-06 18:08:08"}
{"ip":"::1","level":"debug","message":"OPTIONS /api/orders/6a747816b872a7fd5a291f5d 204","timestamp":"2026-08-06 18:08:21"}
{"ip":"::1","level":"debug","message":"GET /api/orders/6a747816b872a7fd5a291f5d 304","timestamp":"2026-08-06 18:08:21"}
{"ip":"::1","level":"debug","message":"OPTIONS /api/orders/6a747816b872a7fd5a291f5d 204","timestamp":"2026-08-06 18:08:37"}
{"ip":"::1","level":"debug","message":"GET /api/orders/6a747816b872a7fd5a291f5d 304","timestamp":"2026-08-06 18:08:37"}
{"ip":"::1","level":"debug","message":"OPTIONS /api/orders/6a747816b872a7fd5a291f5d 204","timestamp":"2026-08-06 18:08:51"}
{"ip":"::1","level":"debug","message":"GET /api/orders/6a747816b872a7fd5a291f5d 304","timestamp":"2026-08-06 18:08:51"}
{"ip":"::1","level":"debug","message":"OPTIONS /api/orders/6a747816b872a7fd5a291f5d 204","timestamp":"2026-08-06 18:09:51"}
{"ip":"::1","level":"debug","message":"GET /api/orders/6a747816b872a7fd5a291f5d 304","timestamp":"2026-08-06 18:09:51"}
{"ip":"::1","level":"debug","message":"OPTIONS /api/orders/6a747816b872a7fd5a291f5d 204","timestamp":"2026-08-06 18:10:51"}
{"ip":"::1","level":"debug","message":"GET /api/orders/6a747816b872a7fd5a291f5d 304","timestamp":"2026-08-06 18:10:51"}
{"ip":"::1","level":"debug","message":"OPTIONS /api/orders/6a747816b872a7fd5a291f5d 204","timestamp":"2026-08-06 18:11:51"}
{"ip":"::1","level":"debug","message":"GET /api/orders/6a747816b872a7fd5a291f5d 304","timestamp":"2026-08-06 18:11:51"}
{"ip":"::1","level":"debug","message":"OPTIONS /api/orders/6a747816b872a7fd5a291f5d 204","timestamp":"2026-08-06 18:12:51"}
{"ip":"::1","level":"debug","message":"GET /api/orders/6a747816b872a7fd5a291f5d 304","timestamp":"2026-08-06 18:12:51"}
{"ip":"::1","level":"debug","message":"OPTIONS /api/orders/6a747816b872a7fd5a291f5d 204","timestamp":"2026-08-06 18:13:51"}
{"ip":"::1","level":"debug","message":"GET /api/orders/6a747816b872a7fd5a291f5d 304","timestamp":"2026-08-06 18:13:51"}
{"ip":"::1","level":"debug","message":"OPTIONS /api/orders/6a747816b872a7fd5a291f5d 204","timestamp":"2026-08-06 18:14:51"}
{"ip":"::1","level":"debug","message":"GET /api/orders/6a747816b872a7fd5a291f5d 304","timestamp":"2026-08-06 18:14:51"}
{"ip":"::1","level":"debug","message":"OPTIONS /api/orders/6a747816b872a7fd5a291f5d 204","timestamp":"2026-08-06 18:15:51"}
{"ip":"::1","level":"debug","message":"GET /api/orders/6a747816b872a7fd5a291f5d 304","timestamp":"2026-08-06 18:15:51"}
{"ip":"::1","level":"debug","message":"OPTIONS /api/orders/6a747816b872a7fd5a291f5d 204","timestamp":"2026-08-06 18:16:51"}
{"ip":"::1","level":"debug","message":"GET /api/orders/6a747816b872a7fd5a291f5d 304","timestamp":"2026-08-06 18:16:51"}
{"ip":"::1","level":"debug","message":"OPTIONS /api/orders/6a747816b872a7fd5a291f5d 204","timestamp":"2026-08-06 18:17:51"}
{"ip":"::1","level":"debug","message":"GET /api/orders/6a747816b872a7fd5a291f5d 304","timestamp":"2026-08-06 18:17:51"}
{"ip":"::1","level":"debug","message":"OPTIONS /api/orders/6a747816b872a7fd5a291f5d 204","timestamp":"2026-08-06 18:18:51"}
{"ip":"::1","level":"debug","message":"GET /api/orders/6a747816b872a7fd5a291f5d 304","timestamp":"2026-08-06 18:18:51"}
{"ip":"::1","level":"debug","message":"OPTIONS /api/orders/6a747816b872a7fd5a291f5d 204","timestamp":"2026-08-06 18:19:51"}
{"ip":"::1","level":"debug","message":"GET /api/orders/6a747816b872a7fd5a291f5d 304","timestamp":"2026-08-06 18:19:51"}
{"ip":"::1","level":"debug","message":"OPTIONS /api/orders/6a747816b872a7fd5a291f5d 204","timestamp":"2026-08-06 18:20:51"}
{"ip":"::1","level":"debug","message":"GET /api/orders/6a747816b872a7fd5a291f5d 304","timestamp":"2026-08-06 18:20:51"}
{"ip":"::1","level":"debug","message":"OPTIONS /api/orders/6a747816b872a7fd5a291f5d 204","timestamp":"2026-08-06 18:21:51"}
{"ip":"::1","level":"debug","message":"GET /api/orders/6a747816b872a7fd5a291f5d 304","timestamp":"2026-08-06 18:21:51"}
{"ip":"::1","level":"debug","message":"OPTIONS /api/orders/6a747816b872a7fd5a291f5d 204","timestamp":"2026-08-06 18:22:51"}
{"ip":"::1","level":"debug","message":"GET /api/orders/6a747816b872a7fd5a291f5d 304","timestamp":"2026-08-06 18:22:51"}
{"ip":"::1","level":"debug","message":"OPTIONS /api/orders/6a747816b872a7fd5a291f5d 204","timestamp":"2026-08-06 18:23:51"}
{"ip":"::1","level":"debug","message":"GET /api/orders/6a747816b872a7fd5a291f5d 304","timestamp":"2026-08-06 18:23:51"}
{"ip":"::1","level":"debug","message":"OPTIONS /api/orders/6a747816b872a7fd5a291f5d 204","timestamp":"2026-08-06 18:24:51"}
{"ip":"::1","level":"debug","message":"GET /api/orders/6a747816b872a7fd5a291f5d 304","timestamp":"2026-08-06 18:24:51"}
{"ip":"::1","level":"debug","message":"OPTIONS /api/orders/6a747816b872a7fd5a291f5d 204","timestamp":"2026-08-06 18:25:51"}
{"ip":"::1","level":"debug","message":"GET /api/orders/6a747816b872a7fd5a291f5d 304","timestamp":"2026-08-06 18:25:51"}
{"ip":"::1","level":"debug","message":"OPTIONS /api/orders/6a747816b872a7fd5a291f5d 204","timestamp":"2026-08-06 18:26:51"}
{"ip":"::1","level":"debug","message":"GET /api/orders/6a747816b872a7fd5a291f5d 304","timestamp":"2026-08-06 18:26:51"}
{"ip":"::1","level":"debug","message":"OPTIONS /api/orders/6a747816b872a7fd5a291f5d 204","timestamp":"2026-08-06 18:27:51"}
{"ip":"::1","level":"debug","message":"GET /api/orders/6a747816b872a7fd5a291f5d 304","timestamp":"2026-08-06 18:27:51"}
{"ip":"::1","level":"debug","message":"OPTIONS /api/orders/6a747816b872a7fd5a291f5d 204","timestamp":"2026-08-06 18:28:51"}
{"ip":"::1","level":"debug","message":"GET /api/orders/6a747816b872a7fd5a291f5d 304","timestamp":"2026-08-06 18:28:51"}
{"ip":"::1","level":"debug","message":"OPTIONS /api/orders/6a747816b872a7fd5a291f5d 204","timestamp":"2026-08-06 18:29:51"}
{"ip":"::1","level":"debug","message":"GET /api/orders/6a747816b872a7fd5a291f5d 304","timestamp":"2026-08-06 18:29:51"}
{"ip":"::1","level":"debug","message":"OPTIONS /api/orders/6a747816b872a7fd5a291f5d 204","timestamp":"2026-08-06 18:30:51"}
{"ip":"::1","level":"debug","message":"GET /api/orders/6a747816b872a7fd5a291f5d 304","timestamp":"2026-08-06 18:30:51"}
{"ip":"::1","level":"debug","message":"OPTIONS /api/orders/6a747816b872a7fd5a291f5d 204","timestamp":"2026-08-06 18:31:51"}
{"ip":"::1","level":"debug","message":"GET /api/orders/6a747816b872a7fd5a291f5d 304","timestamp":"2026-08-06 18:31:51"}
{"level":"info","message":"🚀 Server running on port 5000","timestamp":"2026-08-07 10:05:59"}
{"ip":"::1","level":"debug","message":"OPTIONS /api/auth/me 204","timestamp":"2026-08-07 10:07:12"}
{"ip":"::1","level":"debug","message":"GET /api/auth/me 200","timestamp":"2026-08-07 10:07:12"}
{"ip":"::1","level":"debug","message":"OPTIONS /api/menu/reorder/6a6d93ad36c0e60f170ae528 204","timestamp":"2026-08-07 10:07:31"}
{"ip":"::1","level":"debug","message":"OPTIONS /api/menu/reorder/6a6d93ad36c0e60f170ae528 204","timestamp":"2026-08-07 10:07:31"}
{"ip":"::1","level":"debug","message":"GET /api/menu/categories 200","timestamp":"2026-08-07 10:07:31"}
{"ip":"::1","level":"debug","message":"GET /api/menu/categories 304","timestamp":"2026-08-07 10:07:31"}
{"ip":"::1","level":"debug","message":"GET /api/menu? 200","timestamp":"2026-08-07 10:07:31"}
{"ip":"::1","level":"debug","message":"GET /api/menu? 304","timestamp":"2026-08-07 10:07:31"}
{"ip":"::1","level":"debug","message":"GET /api/menu/reorder/6a6d93ad36c0e60f170ae528 200","timestamp":"2026-08-07 10:07:31"}
{"ip":"::1","level":"debug","message":"GET /uploads/vada-pav-1785922301038.jpg 200","timestamp":"2026-08-07 10:07:31"}
{"ip":"::1","level":"debug","message":"GET /api/menu/reorder/6a6d93ad36c0e60f170ae528 304","timestamp":"2026-08-07 10:07:31"}
{"ip":"::1","level":"debug","message":"GET /api/orders/slots 200","timestamp":"2026-08-07 10:07:43"}
{"ip":"::1","level":"debug","message":"GET /api/coupons 200","timestamp":"2026-08-07 10:07:43"}
{"ip":"::1","level":"debug","message":"GET /api/orders/slots 304","timestamp":"2026-08-07 10:07:43"}
{"ip":"::1","level":"debug","message":"GET /api/coupons 304","timestamp":"2026-08-07 10:07:43"}
{"ip":"::1","level":"debug","message":"GET /api/menu 200","timestamp":"2026-08-07 10:07:43"}
{"ip":"::1","level":"debug","message":"GET /api/menu 304","timestamp":"2026-08-07 10:07:43"}
{"ip":"::1","level":"debug","message":"GET /api/menu 304","timestamp":"2026-08-07 10:07:43"}
{"ip":"::1","level":"debug","message":"GET /api/menu 304","timestamp":"2026-08-07 10:07:43"}
{"ip":"::1","level":"debug","message":"GET /uploads/gujratithali.png 200","timestamp":"2026-08-07 10:07:44"}
{"ip":"::1","level":"debug","message":"GET /uploads/vada-pav.jpg 200","timestamp":"2026-08-07 10:07:44"}
{"ip":"::1","level":"debug","message":"GET /uploads/panjabi%20thali.jpg 200","timestamp":"2026-08-07 10:07:44"}
{"ip":"::1","level":"debug","message":"GET /uploads/panjabi%20thali.jfif 200","timestamp":"2026-08-07 10:07:44"}
{"ip":"::1","level":"debug","message":"GET /uploads/panjabi%20thali1.jpg 200","timestamp":"2026-08-07 10:07:44"}
{"ip":"::1","level":"debug","message":"OPTIONS /api/menu/reorder/6a6d93ad36c0e60f170ae528 204","timestamp":"2026-08-07 10:08:21"}
{"ip":"::1","level":"debug","message":"OPTIONS /api/menu/reorder/6a6d93ad36c0e60f170ae528 204","timestamp":"2026-08-07 10:08:21"}
{"ip":"::1","level":"debug","message":"GET /api/menu/categories 304","timestamp":"2026-08-07 10:08:21"}
{"ip":"::1","level":"debug","message":"GET /api/menu? 304","timestamp":"2026-08-07 10:08:21"}
{"ip":"::1","level":"debug","message":"GET /api/menu/categories 304","timestamp":"2026-08-07 10:08:21"}
{"ip":"::1","level":"debug","message":"GET /api/menu/reorder/6a6d93ad36c0e60f170ae528 304","timestamp":"2026-08-07 10:08:21"}
{"ip":"::1","level":"debug","message":"GET /api/menu? 304","timestamp":"2026-08-07 10:08:21"}
{"ip":"::1","level":"debug","message":"GET /api/menu/reorder/6a6d93ad36c0e60f170ae528 304","timestamp":"2026-08-07 10:08:22"}
{"ip":"::1","level":"debug","message":"GET /api/coupons 304","timestamp":"2026-08-07 10:08:22"}
{"ip":"::1","level":"debug","message":"GET /api/orders/slots 304","timestamp":"2026-08-07 10:08:22"}
{"ip":"::1","level":"debug","message":"GET /api/menu 304","timestamp":"2026-08-07 10:08:23"}
{"ip":"::1","level":"debug","message":"GET /api/orders/slots 304","timestamp":"2026-08-07 10:08:23"}
{"ip":"::1","level":"debug","message":"GET /api/coupons 304","timestamp":"2026-08-07 10:08:23"}
{"ip":"::1","level":"debug","message":"GET /api/menu 304","timestamp":"2026-08-07 10:08:23"}
{"ip":"::1","level":"debug","message":"GET /api/menu 304","timestamp":"2026-08-07 10:08:23"}
{"ip":"::1","level":"debug","message":"GET /api/menu 304","timestamp":"2026-08-07 10:08:23"}
{"ip":"::1","level":"debug","message":"GET /favicon.ico 404","timestamp":"2026-08-07 10:17:10"}
{"ip":"::1","level":"debug","message":"OPTIONS /api/auth/me 204","timestamp":"2026-08-07 10:19:29"}
{"ip":"::1","level":"debug","message":"GET /api/orders/slots 304","timestamp":"2026-08-07 10:19:29"}
{"ip":"::1","level":"debug","message":"GET /api/coupons 304","timestamp":"2026-08-07 10:19:29"}
{"ip":"::1","level":"debug","message":"GET /api/menu 304","timestamp":"2026-08-07 10:19:29"}
{"ip":"::1","level":"debug","message":"GET /api/auth/me 304","timestamp":"2026-08-07 10:19:29"}
{"ip":"::1","level":"debug","message":"GET /api/menu 304","timestamp":"2026-08-07 10:19:29"}
{"ip":"::1","level":"debug","message":"OPTIONS /api/auth/me 204","timestamp":"2026-08-07 10:26:18"}
{"ip":"::1","level":"debug","message":"GET /api/auth/me 304","timestamp":"2026-08-07 10:26:18"}
{"ip":"::1","level":"debug","message":"OPTIONS /api/auth/me 204","timestamp":"2026-08-07 10:27:07"}
{"ip":"::1","level":"debug","message":"GET /api/auth/me 304","timestamp":"2026-08-07 10:27:07"}
{"ip":"::1","level":"debug","message":"OPTIONS /api/auth/me 204","timestamp":"2026-08-07 10:27:21"}
{"ip":"::1","level":"debug","message":"GET /api/auth/me 304","timestamp":"2026-08-07 10:27:21"}
{"ip":"::1","level":"debug","message":"GET /api/orders/slots 304","timestamp":"2026-08-07 10:27:46"}
{"ip":"::1","level":"debug","message":"GET /api/coupons 304","timestamp":"2026-08-07 10:27:46"}
{"ip":"::1","level":"debug","message":"GET /api/orders/slots 304","timestamp":"2026-08-07 10:27:46"}
{"ip":"::1","level":"debug","message":"GET /api/menu 304","timestamp":"2026-08-07 10:27:46"}
{"ip":"::1","level":"debug","message":"GET /api/coupons 304","timestamp":"2026-08-07 10:27:46"}
{"ip":"::1","level":"debug","message":"GET /api/menu 304","timestamp":"2026-08-07 10:27:46"}
{"ip":"::1","level":"debug","message":"GET /api/menu 304","timestamp":"2026-08-07 10:27:46"}
{"ip":"::1","level":"debug","message":"GET /api/menu 304","timestamp":"2026-08-07 10:27:46"}
{"ip":"::1","level":"debug","message":"OPTIONS /api/auth/me 204","timestamp":"2026-08-07 10:27:47"}
{"ip":"::1","level":"debug","message":"GET /api/orders/slots 304","timestamp":"2026-08-07 10:27:47"}
{"ip":"::1","level":"debug","message":"GET /api/coupons 304","timestamp":"2026-08-07 10:27:47"}
{"ip":"::1","level":"debug","message":"GET /api/menu 304","timestamp":"2026-08-07 10:27:47"}
{"ip":"::1","level":"debug","message":"GET /api/auth/me 304","timestamp":"2026-08-07 10:27:47"}
{"ip":"::1","level":"debug","message":"GET /api/menu 304","timestamp":"2026-08-07 10:27:47"}
{"ip":"::1","level":"debug","message":"OPTIONS /api/auth/me 204","timestamp":"2026-08-07 10:30:54"}
{"ip":"::1","level":"debug","message":"GET /api/auth/me 304","timestamp":"2026-08-07 10:30:54"}
{"ip":"::1","level":"debug","message":"OPTIONS /api/auth/me 204","timestamp":"2026-08-07 10:33:24"}
{"ip":"::1","level":"debug","message":"GET /api/auth/me 304","timestamp":"2026-08-07 10:33:24"}
{"ip":"::1","level":"debug","message":"OPTIONS /api/auth/me 204","timestamp":"2026-08-07 10:33:38"}
{"ip":"::1","level":"debug","message":"GET /api/auth/me 200","timestamp":"2026-08-07 10:33:38"}
{"ip":"::1","level":"debug","message":"OPTIONS /api/auth/me 204","timestamp":"2026-08-07 10:35:08"}
{"ip":"::1","level":"debug","message":"GET /api/auth/me 304","timestamp":"2026-08-07 10:35:08"}
{"ip":"::1","level":"debug","message":"OPTIONS /api/auth/me 204","timestamp":"2026-08-07 10:38:03"}
{"ip":"::1","level":"debug","message":"GET /api/auth/me 304","timestamp":"2026-08-07 10:38:03"}
{"ip":"::1","level":"debug","message":"OPTIONS /api/auth/me 204","timestamp":"2026-08-07 10:38:42"}
{"ip":"::1","level":"debug","message":"GET /api/auth/me 304","timestamp":"2026-08-07 10:38:42"}
{"ip":"::1","level":"debug","message":"GET /api/auth/me 304","timestamp":"2026-08-07 10:38:42"}
{"ip":"::1","level":"debug","message":"GET /api/auth/me 304","timestamp":"2026-08-07 10:38:42"}
{"ip":"::1","level":"debug","message":"GET /api/auth/me 304","timestamp":"2026-08-07 10:38:43"}
{"ip":"::1","level":"debug","message":"OPTIONS /api/auth/logout 204","timestamp":"2026-08-07 10:44:34"}
{"ip":"::1","level":"debug","message":"POST /api/auth/logout 200","timestamp":"2026-08-07 10:44:34"}
{"ip":"::1","level":"debug","message":"OPTIONS /api/auth/login 204","timestamp":"2026-08-07 10:44:39"}
{"ip":"::1","level":"debug","message":"POST /api/auth/login 200","timestamp":"2026-08-07 10:44:40"}
{"ip":"::1","level":"debug","message":"OPTIONS /api/auth/me 204","timestamp":"2026-08-07 10:45:07"}
{"ip":"::1","level":"debug","message":"GET /api/auth/me 304","timestamp":"2026-08-07 10:45:07"}
{"ip":"::1","level":"debug","message":"OPTIONS /api/auth/me 204","timestamp":"2026-08-07 10:45:15"}
{"ip":"::1","level":"debug","message":"OPTIONS /api/auth/me 204","timestamp":"2026-08-07 10:45:15"}
{"ip":"::1","level":"debug","message":"GET /api/auth/me 304","timestamp":"2026-08-07 10:45:15"}
{"ip":"::1","level":"debug","message":"GET /api/auth/me 304","timestamp":"2026-08-07 10:45:15"}
{"ip":"::1","level":"debug","message":"OPTIONS /api/auth/logout 204","timestamp":"2026-08-07 10:45:23"}
{"ip":"::1","level":"debug","message":"POST /api/auth/logout 200","timestamp":"2026-08-07 10:45:23"}
{"ip":"::1","level":"debug","message":"OPTIONS /api/auth/login 204","timestamp":"2026-08-07 10:45:26"}
{"ip":"::1","level":"debug","message":"POST /api/auth/login 400","timestamp":"2026-08-07 10:45:26"}
{"ip":"::1","level":"debug","message":"POST /api/auth/login 400","timestamp":"2026-08-07 10:45:30"}
{"ip":"::1","level":"debug","message":"OPTIONS /api/auth/login 204","timestamp":"2026-08-07 10:45:41"}
{"ip":"::1","level":"debug","message":"POST /api/auth/login 400","timestamp":"2026-08-07 10:45:41"}
{"ip":"::1","level":"debug","message":"POST /api/auth/login 400","timestamp":"2026-08-07 10:45:42"}
{"ip":"::1","level":"debug","message":"OPTIONS /api/auth/login 204","timestamp":"2026-08-07 10:45:47"}
{"ip":"::1","level":"debug","message":"POST /api/auth/login 200","timestamp":"2026-08-07 10:45:48"}
{"ip":"::1","level":"debug","message":"OPTIONS /api/auth/me 204","timestamp":"2026-08-07 10:48:04"}
{"ip":"::1","level":"debug","message":"GET /api/auth/me 200","timestamp":"2026-08-07 10:48:04"}
{"ip":"::1","level":"debug","message":"OPTIONS /api/auth/me 204","timestamp":"2026-08-07 10:48:26"}
{"ip":"::1","level":"debug","message":"GET /api/auth/me 304","timestamp":"2026-08-07 10:48:26"}
{"ip":"::1","level":"debug","message":"OPTIONS /api/menu/reorder/6a71ab69a19e283d8fdd122f 204","timestamp":"2026-08-07 10:48:39"}
{"ip":"::1","level":"debug","message":"OPTIONS /api/menu/reorder/6a71ab69a19e283d8fdd122f 204","timestamp":"2026-08-07 10:48:39"}
{"ip":"::1","level":"debug","message":"GET /api/menu/categories 200","timestamp":"2026-08-07 10:48:39"}
{"ip":"::1","level":"debug","message":"GET /api/menu/categories 304","timestamp":"2026-08-07 10:48:39"}
{"ip":"::1","level":"debug","message":"GET /api/menu/reorder/6a71ab69a19e283d8fdd122f 200","timestamp":"2026-08-07 10:48:39"}
{"ip":"::1","level":"debug","message":"GET /api/menu? 200","timestamp":"2026-08-07 10:48:39"}
{"ip":"::1","level":"debug","message":"GET /api/menu? 304","timestamp":"2026-08-07 10:48:39"}
{"ip":"::1","level":"debug","message":"GET /api/menu/reorder/6a71ab69a19e283d8fdd122f 304","timestamp":"2026-08-07 10:48:39"}
{"ip":"::1","level":"debug","message":"GET /uploads/vada-pav-1785922301038.jpg 200","timestamp":"2026-08-07 10:48:39"}
{"ip":"::1","level":"debug","message":"OPTIONS /api/auth/me 204","timestamp":"2026-08-07 10:49:13"}
{"ip":"::1","level":"debug","message":"GET /api/auth/me 200","timestamp":"2026-08-07 10:49:13"}
{"ip":"::1","level":"debug","message":"GET /api/auth/me 304","timestamp":"2026-08-07 10:49:13"}
{"ip":"::1","level":"debug","message":"OPTIONS /api/auth/me 204","timestamp":"2026-08-07 10:52:27"}
{"ip":"::1","level":"debug","message":"GET /api/auth/me 304","timestamp":"2026-08-07 10:52:27"}
{"ip":"::1","level":"debug","message":"OPTIONS /api/auth/me 204","timestamp":"2026-08-07 10:52:41"}
{"ip":"::1","level":"debug","message":"GET /api/auth/me 304","timestamp":"2026-08-07 10:52:41"}
{"ip":"::1","level":"debug","message":"GET /api/auth/me 304","timestamp":"2026-08-07 10:52:41"}
{"ip":"::1","level":"debug","message":"GET / 200","timestamp":"2026-08-07 11:02:39"}
{"ip":"::1","level":"debug","message":"GET / 200","timestamp":"2026-08-07 11:05:46"}
{"ip":"::1","level":"debug","message":"OPTIONS /api/auth/me 204","timestamp":"2026-08-07 11:06:20"}
{"ip":"::1","level":"debug","message":"GET /api/auth/me 304","timestamp":"2026-08-07 11:06:20"}
{"ip":"::1","level":"debug","message":"OPTIONS /api/auth/me 204","timestamp":"2026-08-07 11:17:17"}
{"ip":"::1","level":"debug","message":"GET /api/auth/me 304","timestamp":"2026-08-07 11:17:17"}
{"ip":"::1","level":"debug","message":"OPTIONS /api/auth/me 204","timestamp":"2026-08-07 11:37:05"}
{"ip":"::1","level":"debug","message":"OPTIONS /api/auth/me 204","timestamp":"2026-08-07 11:37:14"}
{"ip":"::1","level":"debug","message":"GET /api/auth/me 401","timestamp":"2026-08-07 11:37:14"}
{"ip":"::1","level":"debug","message":"OPTIONS /api/auth/me 204","timestamp":"2026-08-07 11:38:12"}
{"ip":"::1","level":"debug","message":"GET /api/auth/me 304","timestamp":"2026-08-07 11:38:12"}
{"ip":"::1","level":"debug","message":"GET /api/orders/slots 304","timestamp":"2026-08-07 11:38:38"}
{"ip":"::1","level":"debug","message":"GET /api/orders/slots 304","timestamp":"2026-08-07 11:38:38"}
{"ip":"::1","level":"debug","message":"GET /api/coupons 304","timestamp":"2026-08-07 11:38:38"}
{"ip":"::1","level":"debug","message":"GET /api/menu 304","timestamp":"2026-08-07 11:38:38"}
{"ip":"::1","level":"debug","message":"GET /api/coupons 304","timestamp":"2026-08-07 11:38:38"}
{"ip":"::1","level":"debug","message":"GET /api/menu 304","timestamp":"2026-08-07 11:38:38"}
{"ip":"::1","level":"debug","message":"GET /api/menu 304","timestamp":"2026-08-07 11:38:38"}
{"ip":"::1","level":"debug","message":"GET /api/menu 304","timestamp":"2026-08-07 11:38:38"}
{"ip":"::1","level":"debug","message":"OPTIONS /api/auth/login 204","timestamp":"2026-08-07 11:40:10"}
{"ip":"::1","level":"debug","message":"POST /api/auth/login 200","timestamp":"2026-08-07 11:40:10"}
{"ip":"::1","level":"debug","message":"OPTIONS /api/admin/stats 204","timestamp":"2026-08-07 11:40:18"}
{"ip":"::1","level":"debug","message":"GET /api/admin/stats 200","timestamp":"2026-08-07 11:40:18"}
{"ip":"::1","level":"debug","message":"GET /api/orders/slots 304","timestamp":"2026-08-07 11:40:46"}
{"ip":"::1","level":"debug","message":"GET /api/coupons 304","timestamp":"2026-08-07 11:40:46"}
{"ip":"::1","level":"debug","message":"GET /api/orders/slots 304","timestamp":"2026-08-07 11:40:46"}
{"ip":"::1","level":"debug","message":"GET /api/menu 304","timestamp":"2026-08-07 11:40:46"}
{"ip":"::1","level":"debug","message":"GET /api/coupons 304","timestamp":"2026-08-07 11:40:46"}
{"ip":"::1","level":"debug","message":"GET /uploads/images/hero.svg 404","timestamp":"2026-08-07 11:40:46"}
{"ip":"::1","level":"debug","message":"GET /api/menu 304","timestamp":"2026-08-07 11:40:46"}
{"ip":"::1","level":"debug","message":"GET /api/menu 304","timestamp":"2026-08-07 11:40:46"}
{"ip":"::1","level":"debug","message":"GET /api/menu 304","timestamp":"2026-08-07 11:40:46"}
{"ip":"::1","level":"debug","message":"OPTIONS /api/auth/me 204","timestamp":"2026-08-07 11:41:31"}
{"ip":"::1","level":"debug","message":"GET /api/auth/me 304","timestamp":"2026-08-07 11:41:31"}
{"ip":"::1","level":"debug","message":"OPTIONS /api/auth/logout 204","timestamp":"2026-08-07 11:41:34"}
{"ip":"::1","level":"debug","message":"POST /api/auth/logout 200","timestamp":"2026-08-07 11:41:34"}
{"ip":"::1","level":"debug","message":"OPTIONS /api/auth/login 204","timestamp":"2026-08-07 11:42:01"}
{"ip":"::1","level":"debug","message":"POST /api/auth/login 200","timestamp":"2026-08-07 11:42:01"}
{"ip":"::1","level":"debug","message":"GET /api/coupons 200","timestamp":"2026-08-07 11:42:21"}
{"ip":"::1","level":"debug","message":"GET /api/orders/slots 200","timestamp":"2026-08-07 11:42:21"}
{"ip":"::1","level":"debug","message":"GET /api/orders/slots 304","timestamp":"2026-08-07 11:42:21"}
{"ip":"::1","level":"debug","message":"GET /api/coupons 304","timestamp":"2026-08-07 11:42:21"}
{"ip":"::1","level":"debug","message":"GET /api/menu 200","timestamp":"2026-08-07 11:42:21"}
{"ip":"::1","level":"debug","message":"GET /api/menu 304","timestamp":"2026-08-07 11:42:21"}
{"ip":"::1","level":"debug","message":"GET /api/menu 304","timestamp":"2026-08-07 11:42:21"}
{"ip":"::1","level":"debug","message":"GET /api/menu 304","timestamp":"2026-08-07 11:42:21"}
{"ip":"::1","level":"debug","message":"GET /uploads/vada-pav-1785922301038.jpg 200","timestamp":"2026-08-07 11:42:21"}
{"ip":"::1","level":"debug","message":"GET /api/orders/GIFT-736737 401","timestamp":"2026-08-07 11:42:49"}
{"ip":"::1","level":"debug","message":"GET /api/orders/slots 304","timestamp":"2026-08-07 11:45:21"}
{"ip":"::1","level":"debug","message":"GET /api/coupons 304","timestamp":"2026-08-07 11:45:21"}
{"ip":"::1","level":"debug","message":"GET /api/menu 304","timestamp":"2026-08-07 11:45:21"}
{"ip":"::1","level":"debug","message":"GET /api/menu 304","timestamp":"2026-08-07 11:45:21"}
{"ip":"::1","level":"debug","message":"OPTIONS /api/auth/login 204","timestamp":"2026-08-07 11:45:33"}
{"ip":"::1","level":"debug","message":"POST /api/auth/login 200","timestamp":"2026-08-07 11:45:33"}
{"ip":"::1","level":"debug","message":"OPTIONS /api/membership/summary 204","timestamp":"2026-08-07 11:45:38"}
{"ip":"::1","level":"debug","message":"OPTIONS /api/membership/summary 204","timestamp":"2026-08-07 11:45:38"}
{"ip":"::1","level":"debug","message":"GET /api/membership/summary 200","timestamp":"2026-08-07 11:45:38"}
{"ip":"::1","level":"debug","message":"GET /api/membership/summary 304","timestamp":"2026-08-07 11:45:38"}
{"ip":"::1","level":"debug","message":"OPTIONS /api/auth/me 204","timestamp":"2026-08-07 12:10:38"}
{"ip":"::1","level":"debug","message":"PUT /api/auth/me 200","timestamp":"2026-08-07 12:10:38"}
{"ip":"::1","level":"debug","message":"GET /api/auth/me 200","timestamp":"2026-08-07 12:10:38"}
{"ip":"::1","level":"debug","message":"OPTIONS /api/auth/me 204","timestamp":"2026-08-07 12:10:47"}
{"ip":"::1","level":"debug","message":"PUT /api/auth/me 200","timestamp":"2026-08-07 12:10:47"}
{"ip":"::1","level":"debug","message":"GET /api/auth/me 200","timestamp":"2026-08-07 12:10:47"}
{"ip":"::1","level":"debug","message":"OPTIONS /api/auth/resend 204","timestamp":"2026-08-07 12:10:50"}
{"ip":"::1","level":"debug","message":"POST /api/auth/resend 200","timestamp":"2026-08-07 12:10:53"}
{"ip":"::1","level":"debug","message":"OPTIONS /api/auth/me 204","timestamp":"2026-08-07 12:11:13"}
{"ip":"::1","level":"debug","message":"GET /api/auth/me 200","timestamp":"2026-08-07 12:11:13"}
{"ip":"::1","level":"debug","message":"GET /api/auth/verify/1d8d0ab4ef045444a11b9bf2209b22d098c91102fa2b74a726da6cdaa47159cf 200","timestamp":"2026-08-07 12:11:15"}
{"ip":"::1","level":"debug","message":"GET /api/auth/verify/1d8d0ab4ef045444a11b9bf2209b22d098c91102fa2b74a726da6cdaa47159cf 400","timestamp":"2026-08-07 12:11:15"}
{"ip":"::1","level":"debug","message":"GET /api/auth/verify/1d8d0ab4ef045444a11b9bf2209b22d098c91102fa2b74a726da6cdaa47159cf 400","timestamp":"2026-08-07 12:11:15"}
{"ip":"::1","level":"debug","message":"OPTIONS /api/auth/login 204","timestamp":"2026-08-07 12:11:33"}
{"ip":"::1","level":"debug","message":"POST /api/auth/login 200","timestamp":"2026-08-07 12:11:33"}
{"ip":"::1","level":"debug","message":"OPTIONS /api/auth/me/reservations 204","timestamp":"2026-08-07 12:13:38"}
{"ip":"::1","level":"debug","message":"OPTIONS /api/auth/me/reservations 204","timestamp":"2026-08-07 12:13:38"}
{"ip":"::1","level":"debug","message":"GET /api/auth/me/reservations 200","timestamp":"2026-08-07 12:13:38"}
{"ip":"::1","level":"debug","message":"GET /api/auth/me/reservations 304","timestamp":"2026-08-07 12:13:38"}
{"ip":"::1","level":"debug","message":"OPTIONS /api/auth/me/reservations 204","timestamp":"2026-08-07 12:17:30"}
{"ip":"::1","level":"debug","message":"OPTIONS /api/auth/me/reservations 204","timestamp":"2026-08-07 12:17:30"}
{"ip":"::1","level":"debug","message":"GET /api/auth/me/reservations 200","timestamp":"2026-08-07 12:17:30"}
{"ip":"::1","level":"debug","message":"GET /api/auth/me/reservations 304","timestamp":"2026-08-07 12:17:30"}
{"ip":"::1","level":"debug","message":"OPTIONS /api/auth/resend 204","timestamp":"2026-08-07 12:54:20"}
{"ip":"::1","level":"debug","message":"POST /api/auth/resend 400","timestamp":"2026-08-07 12:54:20"}
{"ip":"::1","level":"debug","message":"OPTIONS /api/auth/me 204","timestamp":"2026-08-07 12:55:07"}
{"ip":"::1","level":"debug","message":"GET /api/auth/verify/1d8d0ab4ef045444a11b9bf2209b22d098c91102fa2b74a726da6cdaa47159cf 400","timestamp":"2026-08-07 12:55:07"}
{"ip":"::1","level":"debug","message":"GET /api/auth/me 200","timestamp":"2026-08-07 12:55:07"}
{"ip":"::1","level":"debug","message":"GET /api/auth/verify/1d8d0ab4ef045444a11b9bf2209b22d098c91102fa2b74a726da6cdaa47159cf 400","timestamp":"2026-08-07 12:55:07"}
{"ip":"::1","level":"debug","message":"GET /api/auth/verify/1d8d0ab4ef045444a11b9bf2209b22d098c91102fa2b74a726da6cdaa47159cf 400","timestamp":"2026-08-07 12:55:07"}
{"ip":"::1","level":"debug","message":"OPTIONS /api/auth/login 204","timestamp":"2026-08-07 12:55:31"}
{"ip":"::1","level":"debug","message":"POST /api/auth/login 200","timestamp":"2026-08-07 12:55:31"}
{"ip":"::1","level":"debug","message":"OPTIONS /api/menu/reorder/6a71ab69a19e283d8fdd122f 204","timestamp":"2026-08-07 12:57:06"}
{"ip":"::1","level":"debug","message":"GET /api/menu/categories 200","timestamp":"2026-08-07 12:57:06"}
{"ip":"::1","level":"debug","message":"GET /api/menu/categories 304","timestamp":"2026-08-07 12:57:06"}
{"ip":"::1","level":"debug","message":"GET /api/menu? 200","timestamp":"2026-08-07 12:57:06"}
{"ip":"::1","level":"debug","message":"GET /api/menu/reorder/6a71ab69a19e283d8fdd122f 200","timestamp":"2026-08-07 12:57:06"}
{"ip":"::1","level":"debug","message":"GET /api/menu? 304","timestamp":"2026-08-07 12:57:06"}
{"ip":"::1","level":"debug","message":"GET /api/menu/reorder/6a71ab69a19e283d8fdd122f 304","timestamp":"2026-08-07 12:57:06"}
{"ip":"::1","level":"debug","message":"OPTIONS /api/auth/me 204","timestamp":"2026-08-07 12:58:20"}
{"ip":"::1","level":"debug","message":"GET /api/menu/categories 304","timestamp":"2026-08-07 12:58:20"}
{"ip":"::1","level":"debug","message":"GET /api/menu? 304","timestamp":"2026-08-07 12:58:20"}
{"ip":"::1","level":"debug","message":"GET /api/auth/me 304","timestamp":"2026-08-07 12:58:20"}
{"ip":"::1","level":"debug","message":"OPTIONS /api/menu/reorder/6a71ab69a19e283d8fdd122f 204","timestamp":"2026-08-07 12:58:20"}
{"ip":"::1","level":"debug","message":"GET /api/menu/reorder/6a71ab69a19e283d8fdd122f 304","timestamp":"2026-08-07 12:58:20"}
{"ip":"::1","level":"debug","message":"GET /api/orders/slots 304","timestamp":"2026-08-07 12:59:07"}
{"ip":"::1","level":"debug","message":"GET /api/coupons 304","timestamp":"2026-08-07 12:59:07"}
{"ip":"::1","level":"debug","message":"GET /api/menu 304","timestamp":"2026-08-07 12:59:07"}
{"ip":"::1","level":"debug","message":"GET /api/orders/slots 304","timestamp":"2026-08-07 12:59:07"}
{"ip":"::1","level":"debug","message":"GET /api/coupons 304","timestamp":"2026-08-07 12:59:07"}
{"ip":"::1","level":"debug","message":"GET /api/menu 304","timestamp":"2026-08-07 12:59:07"}
{"ip":"::1","level":"debug","message":"GET /api/menu 304","timestamp":"2026-08-07 12:59:07"}
{"ip":"::1","level":"debug","message":"GET /api/menu 304","timestamp":"2026-08-07 12:59:07"}
{"ip":"::1","level":"debug","message":"GET /api/orders/delivery-check?pincode=346576 200","timestamp":"2026-08-07 12:59:57"}
{"ip":"::1","level":"debug","message":"OPTIONS /api/orders 204","timestamp":"2026-08-07 13:04:13"}
{"ip":"::1","level":"debug","message":"POST /api/orders 201","timestamp":"2026-08-07 13:04:13"}
{"ip":"::1","level":"debug","message":"OPTIONS /api/payments/create 204","timestamp":"2026-08-07 13:04:13"}
{"ip":"::1","level":"debug","message":"POST /api/payments/create 200","timestamp":"2026-08-07 13:04:13"}
{"ip":"::1","level":"debug","message":"OPTIONS /api/orders/6a758a75cf6cfcc6a9328996 204","timestamp":"2026-08-07 13:04:16"}
{"ip":"::1","level":"debug","message":"OPTIONS /api/orders/6a758a75cf6cfcc6a9328996 204","timestamp":"2026-08-07 13:04:16"}
{"ip":"::1","level":"debug","message":"GET /api/orders/6a758a75cf6cfcc6a9328996 200","timestamp":"2026-08-07 13:04:16"}
{"ip":"::1","level":"debug","message":"GET /api/orders/6a758a75cf6cfcc6a9328996 304","timestamp":"2026-08-07 13:04:16"}
{"ip":"::1","level":"debug","message":"OPTIONS /api/orders/6a758a75cf6cfcc6a9328996 204","timestamp":"2026-08-07 13:04:31"}
{"ip":"::1","level":"debug","message":"GET /api/orders/6a758a75cf6cfcc6a9328996 304","timestamp":"2026-08-07 13:04:31"}
{"ip":"::1","level":"debug","message":"OPTIONS /api/menu/reorder/6a71ab69a19e283d8fdd122f 204","timestamp":"2026-08-07 13:04:36"}
{"ip":"::1","level":"debug","message":"GET /api/menu/categories 304","timestamp":"2026-08-07 13:04:36"}
{"ip":"::1","level":"debug","message":"GET /api/menu? 304","timestamp":"2026-08-07 13:04:36"}
{"ip":"::1","level":"debug","message":"GET /api/menu/categories 304","timestamp":"2026-08-07 13:04:36"}
{"ip":"::1","level":"debug","message":"GET /api/menu/reorder/6a71ab69a19e283d8fdd122f 304","timestamp":"2026-08-07 13:04:36"}
{"ip":"::1","level":"debug","message":"GET /api/menu? 304","timestamp":"2026-08-07 13:04:36"}
{"ip":"::1","level":"debug","message":"GET /api/menu/reorder/6a71ab69a19e283d8fdd122f 304","timestamp":"2026-08-07 13:04:36"}
{"ip":"::1","level":"debug","message":"GET /api/menu 304","timestamp":"2026-08-07 13:05:31"}
{"ip":"::1","level":"debug","message":"GET /api/orders/slots 304","timestamp":"2026-08-07 13:05:31"}
{"ip":"::1","level":"debug","message":"GET /api/coupons 304","timestamp":"2026-08-07 13:05:31"}
{"ip":"::1","level":"debug","message":"GET /api/orders/slots 304","timestamp":"2026-08-07 13:05:31"}
{"ip":"::1","level":"debug","message":"GET /api/menu 304","timestamp":"2026-08-07 13:05:31"}
{"ip":"::1","level":"debug","message":"GET /api/coupons 304","timestamp":"2026-08-07 13:05:31"}
{"ip":"::1","level":"debug","message":"GET /api/menu 304","timestamp":"2026-08-07 13:05:31"}
{"ip":"::1","level":"debug","message":"GET /api/menu 304","timestamp":"2026-08-07 13:05:31"}
{"ip":"::1","level":"debug","message":"OPTIONS /api/reservations 204","timestamp":"2026-08-07 13:14:42"}
{"ip":"::1","level":"debug","message":"POST /api/reservations 500","timestamp":"2026-08-07 13:14:42"}
{"ip":"::1","level":"debug","message":"OPTIONS /api/reservations 204","timestamp":"2026-08-07 13:15:16"}
{"ip":"::1","level":"debug","message":"POST /api/reservations 500","timestamp":"2026-08-07 13:15:16"}
{"ip":"::1","level":"debug","message":"POST /api/reservations 500","timestamp":"2026-08-07 13:15:17"}
{"level":"info","message":"🚀 Server running on port 5000","timestamp":"2026-08-07 13:16:06"}
{"ip":"::1","level":"debug","message":"OPTIONS /api/auth/me 204","timestamp":"2026-08-07 13:16:34"}
{"ip":"::1","level":"debug","message":"GET /api/auth/me 304","timestamp":"2026-08-07 13:16:35"}
{"ip":"::1","level":"debug","message":"OPTIONS /api/auth/me 204","timestamp":"2026-08-07 13:16:35"}
{"ip":"::1","level":"debug","message":"GET /api/orders/slots 304","timestamp":"2026-08-07 13:16:35"}
{"ip":"::1","level":"debug","message":"GET /api/coupons 304","timestamp":"2026-08-07 13:16:35"}
{"ip":"::1","level":"debug","message":"GET /api/menu 304","timestamp":"2026-08-07 13:16:35"}
{"ip":"::1","level":"debug","message":"GET /api/auth/me 304","timestamp":"2026-08-07 13:16:35"}
{"ip":"::1","level":"debug","message":"GET /api/menu 304","timestamp":"2026-08-07 13:16:35"}
{"ip":"::1","level":"debug","message":"GET /api/auth/me 304","timestamp":"2026-08-07 13:16:38"}
{"ip":"::1","level":"debug","message":"GET /api/auth/me 304","timestamp":"2026-08-07 13:16:39"}
{"ip":"::1","level":"debug","message":"OPTIONS /api/auth/me/reservations 204","timestamp":"2026-08-07 13:16:39"}
{"ip":"::1","level":"debug","message":"GET /api/auth/me/reservations 304","timestamp":"2026-08-07 13:16:39"}
{"ip":"::1","level":"debug","message":"OPTIONS /api/reservations 204","timestamp":"2026-08-07 13:18:00"}
{"ip":"::1","level":"debug","message":"POST /api/reservations 500","timestamp":"2026-08-07 13:18:00"}
{"level":"info","message":"🚀 Server running on port 5000","timestamp":"2026-08-07 13:18:29"}
{"ip":"::1","level":"debug","message":"OPTIONS /api/auth/me 204","timestamp":"2026-08-07 13:19:11"}
{"ip":"::1","level":"debug","message":"GET /api/auth/me 304","timestamp":"2026-08-07 13:19:11"}
{"ip":"::1","level":"debug","message":"OPTIONS /api/reservations 204","timestamp":"2026-08-07 13:20:01"}
{"ip":"::1","level":"debug","message":"POST /api/reservations 500","timestamp":"2026-08-07 13:20:01"}
{"ip":"::1","level":"debug","message":"POST /api/reservations 500","timestamp":"2026-08-07 13:20:05"}
{"ip":"::1","level":"debug","message":"POST /api/reservations 500","timestamp":"2026-08-07 13:20:06"}
{"ip":"::1","level":"debug","message":"OPTIONS /api/reservations 204","timestamp":"2026-08-07 13:20:10"}
{"ip":"::1","level":"debug","message":"POST /api/reservations 500","timestamp":"2026-08-07 13:20:10"}
{"ip":"::1","level":"debug","message":"POST /api/reservations 500","timestamp":"2026-08-07 13:20:13"}
{"ip":"::1","level":"debug","message":"POST /api/reservations 500","timestamp":"2026-08-07 13:20:13"}
{"ip":"::1","level":"debug","message":"POST /api/reservations 500","timestamp":"2026-08-07 13:20:14"}
{"ip":"::1","level":"debug","message":"OPTIONS /api/reservations 204","timestamp":"2026-08-07 13:20:15"}
{"ip":"::1","level":"debug","message":"POST /api/reservations 500","timestamp":"2026-08-07 13:20:15"}
{"ip":"::1","level":"debug","message":"POST /api/reservations 500","timestamp":"2026-08-07 13:20:16"}
{"ip":"::1","level":"debug","message":"POST /api/reservations 500","timestamp":"2026-08-07 13:20:20"}
{"ip":"::1","level":"debug","message":"OPTIONS /api/reservations 204","timestamp":"2026-08-07 13:20:20"}
{"ip":"::1","level":"debug","message":"POST /api/reservations 500","timestamp":"2026-08-07 13:20:20"}
{"ip":"::1","level":"debug","message":"POST /api/reservations 500","timestamp":"2026-08-07 13:20:21"}
{"level":"info","message":"🚀 Server running on port 5000","timestamp":"2026-08-07 13:21:03"}
{"ip":"::1","level":"debug","message":"OPTIONS /api/reservations 204","timestamp":"2026-08-07 13:21:09"}
{"ip":"::1","level":"debug","message":"POST /api/reservations 201","timestamp":"2026-08-07 13:21:13"}
{"ip":"::1","level":"debug","message":"OPTIONS /api/admin/stats 204","timestamp":"2026-08-07 13:23:48"}
{"ip":"::1","level":"debug","message":"GET /api/admin/stats 200","timestamp":"2026-08-07 13:23:49"}
{"ip":"::1","level":"debug","message":"OPTIONS /api/admin/stats 204","timestamp":"2026-08-07 13:28:17"}
{"ip":"::1","level":"debug","message":"GET /api/admin/stats 304","timestamp":"2026-08-07 13:28:17"}
{"ip":"::1","level":"debug","message":"OPTIONS /api/reservations/all 204","timestamp":"2026-08-07 13:28:26"}
{"ip":"::1","level":"debug","message":"OPTIONS /api/reservations/all 204","timestamp":"2026-08-07 13:28:26"}
{"ip":"::1","level":"debug","message":"GET /api/reservations/all 200","timestamp":"2026-08-07 13:28:26"}
{"ip":"::1","level":"debug","message":"GET /api/reservations/all 304","timestamp":"2026-08-07 13:28:26"}
{"ip":"::1","level":"debug","message":"GET /api/menu 304","timestamp":"2026-08-07 13:29:00"}
{"ip":"::1","level":"debug","message":"GET /api/menu 304","timestamp":"2026-08-07 13:29:00"}
{"ip":"::1","level":"debug","message":"GET /uploads/images/hero.svg 404","timestamp":"2026-08-07 13:34:53"}
{"ip":"::1","level":"debug","message":"GET /api/orders/slots 304","timestamp":"2026-08-07 13:34:53"}
{"ip":"::1","level":"debug","message":"GET /api/orders/slots 304","timestamp":"2026-08-07 13:34:53"}
{"ip":"::1","level":"debug","message":"GET /api/coupons 304","timestamp":"2026-08-07 13:34:53"}
{"ip":"::1","level":"debug","message":"GET /api/coupons 304","timestamp":"2026-08-07 13:34:53"}
{"ip":"::1","level":"debug","message":"GET /api/menu 304","timestamp":"2026-08-07 13:34:53"}
{"ip":"::1","level":"debug","message":"GET /api/menu 304","timestamp":"2026-08-07 13:34:53"}
{"ip":"::1","level":"debug","message":"GET /api/menu 304","timestamp":"2026-08-07 13:34:53"}
{"ip":"::1","level":"debug","message":"GET /api/menu 304","timestamp":"2026-08-07 13:34:53"}
{"ip":"::1","level":"debug","message":"GET /api/orders/delivery-check?pincode=100001 200","timestamp":"2026-08-07 13:35:23"}
{"ip":"::1","level":"debug","message":"OPTIONS /api/orders 204","timestamp":"2026-08-07 13:36:37"}
{"ip":"::1","level":"debug","message":"POST /api/orders 500","timestamp":"2026-08-07 13:36:38"}
{"ip":"::1","level":"debug","message":"OPTIONS /api/auth/me 204","timestamp":"2026-08-07 13:38:47"}
{"ip":"::1","level":"debug","message":"GET /api/orders/slots 304","timestamp":"2026-08-07 13:38:48"}
{"ip":"::1","level":"debug","message":"GET /api/menu 304","timestamp":"2026-08-07 13:38:48"}
{"ip":"::1","level":"debug","message":"GET /api/coupons 304","timestamp":"2026-08-07 13:38:48"}
{"ip":"::1","level":"debug","message":"GET /uploads/images/hero.svg 404","timestamp":"2026-08-07 13:38:48"}
{"ip":"::1","level":"debug","message":"GET /api/auth/me 304","timestamp":"2026-08-07 13:38:48"}
{"ip":"::1","level":"debug","message":"GET /api/menu 304","timestamp":"2026-08-07 13:38:48"}
{"ip":"::1","level":"debug","message":"OPTIONS /api/orders 204","timestamp":"2026-08-07 13:39:00"}
{"ip":"::1","level":"debug","message":"POST /api/orders 500","timestamp":"2026-08-07 13:39:00"}
{"ip":"::1","level":"debug","message":"GET /api/orders/delivery-check?pincode=100001 304","timestamp":"2026-08-07 13:39:17"}
{"ip":"::1","level":"debug","message":"OPTIONS /api/auth/me 204","timestamp":"2026-08-07 13:45:38"}
{"ip":"::1","level":"debug","message":"GET /api/orders/slots 304","timestamp":"2026-08-07 13:45:38"}
{"ip":"::1","level":"debug","message":"GET /api/coupons 304","timestamp":"2026-08-07 13:45:38"}
{"ip":"::1","level":"debug","message":"GET /api/menu 304","timestamp":"2026-08-07 13:45:38"}
{"ip":"::1","level":"debug","message":"GET /uploads/images/hero.svg 404","timestamp":"2026-08-07 13:45:38"}
{"ip":"::1","level":"debug","message":"GET /api/auth/me 304","timestamp":"2026-08-07 13:45:38"}
{"ip":"::1","level":"debug","message":"GET /api/menu 304","timestamp":"2026-08-07 13:45:38"}
{"ip":"::1","level":"debug","message":"GET /api/orders/delivery-check?pincode=100001 304","timestamp":"2026-08-07 13:45:45"}
{"ip":"::1","level":"debug","message":"OPTIONS /api/orders 204","timestamp":"2026-08-07 13:46:19"}
{"ip":"::1","level":"debug","message":"POST /api/orders 500","timestamp":"2026-08-07 13:46:19"}
{"ip":"::1","level":"debug","message":"OPTIONS /api/auth/me 204","timestamp":"2026-08-07 13:49:28"}
{"ip":"::1","level":"debug","message":"GET /api/orders/slots 304","timestamp":"2026-08-07 13:49:28"}
{"ip":"::1","level":"debug","message":"GET /api/coupons 304","timestamp":"2026-08-07 13:49:28"}
{"ip":"::1","level":"debug","message":"GET /api/menu 304","timestamp":"2026-08-07 13:49:28"}
{"ip":"::1","level":"debug","message":"GET /uploads/images/hero.svg 404","timestamp":"2026-08-07 13:49:28"}
{"ip":"::1","level":"debug","message":"GET /api/auth/me 304","timestamp":"2026-08-07 13:49:28"}
{"ip":"::1","level":"debug","message":"GET /api/menu 304","timestamp":"2026-08-07 13:49:28"}
{"ip":"::1","level":"debug","message":"OPTIONS /api/orders 204","timestamp":"2026-08-07 13:49:42"}
{"ip":"::1","level":"debug","message":"POST /api/orders 500","timestamp":"2026-08-07 13:49:42"}
{"level":"info","message":"🚀 Server running on port 5000","timestamp":"2026-08-07 13:50:24"}
{"level":"info","message":"🚀 Server running on port 5000","timestamp":"2026-08-07 13:50:39"}
{"ip":"::1","level":"debug","message":"OPTIONS /api/auth/me 204","timestamp":"2026-08-07 13:51:51"}
{"ip":"::1","level":"debug","message":"GET /api/orders/slots 304","timestamp":"2026-08-07 13:51:51"}
{"ip":"::1","level":"debug","message":"GET /uploads/images/hero.svg 404","timestamp":"2026-08-07 13:51:51"}
{"ip":"::1","level":"debug","message":"GET /api/coupons 304","timestamp":"2026-08-07 13:51:51"}
{"ip":"::1","level":"debug","message":"GET /api/menu 304","timestamp":"2026-08-07 13:51:51"}
{"ip":"::1","level":"debug","message":"GET /api/auth/me 304","timestamp":"2026-08-07 13:51:51"}
{"ip":"::1","level":"debug","message":"GET /api/menu 304","timestamp":"2026-08-07 13:51:51"}
{"ip":"::1","level":"debug","message":"GET /api/orders/slots 304","timestamp":"2026-08-07 13:51:52"}
{"ip":"::1","level":"debug","message":"GET /api/menu 304","timestamp":"2026-08-07 13:51:52"}
{"ip":"::1","level":"debug","message":"GET /api/coupons 304","timestamp":"2026-08-07 13:51:52"}
{"ip":"::1","level":"debug","message":"GET /api/auth/me 304","timestamp":"2026-08-07 13:51:52"}
{"ip":"::1","level":"debug","message":"GET /uploads/images/hero.svg 404","timestamp":"2026-08-07 13:51:52"}
{"ip":"::1","level":"debug","message":"GET /api/menu 304","timestamp":"2026-08-07 13:51:52"}
{"ip":"::1","level":"debug","message":"OPTIONS /api/auth/me 204","timestamp":"2026-08-07 13:54:32"}
{"ip":"::1","level":"debug","message":"GET /api/orders/slots 304","timestamp":"2026-08-07 13:54:32"}
{"ip":"::1","level":"debug","message":"GET /api/coupons 304","timestamp":"2026-08-07 13:54:32"}
{"ip":"::1","level":"debug","message":"GET /api/menu 304","timestamp":"2026-08-07 13:54:32"}
{"ip":"::1","level":"debug","message":"GET /api/auth/me 304","timestamp":"2026-08-07 13:54:32"}
{"ip":"::1","level":"debug","message":"GET /api/menu 304","timestamp":"2026-08-07 13:54:32"}
{"ip":"::1","level":"debug","message":"GET /api/orders/slots 304","timestamp":"2026-08-07 13:54:33"}
{"ip":"::1","level":"debug","message":"GET /api/coupons 304","timestamp":"2026-08-07 13:54:33"}
{"ip":"::1","level":"debug","message":"GET /api/menu 304","timestamp":"2026-08-07 13:54:33"}
{"ip":"::1","level":"debug","message":"GET /api/auth/me 304","timestamp":"2026-08-07 13:54:33"}
{"ip":"::1","level":"debug","message":"GET /api/menu 304","timestamp":"2026-08-07 13:54:33"}
{"ip":"::1","level":"debug","message":"OPTIONS /api/auth/me 204","timestamp":"2026-08-07 13:56:56"}
{"ip":"::1","level":"debug","message":"GET /api/orders/slots 304","timestamp":"2026-08-07 13:56:56"}
{"ip":"::1","level":"debug","message":"GET /api/menu 304","timestamp":"2026-08-07 13:56:56"}
{"ip":"::1","level":"debug","message":"GET /api/coupons 304","timestamp":"2026-08-07 13:56:56"}
{"ip":"::1","level":"debug","message":"GET /api/auth/me 304","timestamp":"2026-08-07 13:56:56"}
{"ip":"::1","level":"debug","message":"GET /api/menu 304","timestamp":"2026-08-07 13:56:56"}
{"ip":"::1","level":"debug","message":"OPTIONS /api/auth/me 204","timestamp":"2026-08-07 13:57:40"}
{"ip":"::1","level":"debug","message":"GET /api/orders/slots 304","timestamp":"2026-08-07 13:57:40"}
{"ip":"::1","level":"debug","message":"GET /api/coupons 304","timestamp":"2026-08-07 13:57:40"}
{"ip":"::1","level":"debug","message":"GET /api/menu 304","timestamp":"2026-08-07 13:57:40"}
{"ip":"::1","level":"debug","message":"GET /api/auth/me 304","timestamp":"2026-08-07 13:57:40"}
{"ip":"::1","level":"debug","message":"GET /api/menu 304","timestamp":"2026-08-07 13:57:40"}
{"ip":"::1","level":"debug","message":"OPTIONS /api/auth/me 204","timestamp":"2026-08-07 13:58:49"}
{"ip":"::1","level":"debug","message":"GET /api/orders/slots 304","timestamp":"2026-08-07 13:58:49"}
{"ip":"::1","level":"debug","message":"GET /api/coupons 304","timestamp":"2026-08-07 13:58:49"}
{"ip":"::1","level":"debug","message":"GET /api/menu 304","timestamp":"2026-08-07 13:58:49"}
{"ip":"::1","level":"debug","message":"GET /uploads/images/hero.svg 404","timestamp":"2026-08-07 13:58:49"}
{"ip":"::1","level":"debug","message":"GET /api/auth/me 304","timestamp":"2026-08-07 13:58:49"}
{"ip":"::1","level":"debug","message":"GET /api/menu 304","timestamp":"2026-08-07 13:58:49"}
{"ip":"::1","level":"debug","message":"GET /api/orders/slots 304","timestamp":"2026-08-07 13:59:51"}
{"ip":"::1","level":"debug","message":"GET /api/orders/slots 304","timestamp":"2026-08-07 13:59:51"}
{"ip":"::1","level":"debug","message":"GET /api/coupons 304","timestamp":"2026-08-07 13:59:51"}
{"ip":"::1","level":"debug","message":"GET /api/menu 304","timestamp":"2026-08-07 13:59:51"}
{"ip":"::1","level":"debug","message":"GET /api/coupons 304","timestamp":"2026-08-07 13:59:51"}
{"ip":"::1","level":"debug","message":"GET /api/menu 304","timestamp":"2026-08-07 13:59:51"}
{"ip":"::1","level":"debug","message":"GET /api/menu 304","timestamp":"2026-08-07 13:59:51"}
{"ip":"::1","level":"debug","message":"GET /api/menu 304","timestamp":"2026-08-07 13:59:51"}
{"ip":"::1","level":"debug","message":"GET /api/orders/delivery-check?pincode=100001 200","timestamp":"2026-08-07 14:00:17"}
{"ip":"::1","level":"debug","message":"OPTIONS /api/orders 204","timestamp":"2026-08-07 14:00:24"}
{"ip":"::1","level":"debug","message":"POST /api/orders 201","timestamp":"2026-08-07 14:00:24"}
{"ip":"::1","level":"debug","message":"OPTIONS /api/payments/create 204","timestamp":"2026-08-07 14:00:24"}
{"ip":"::1","level":"debug","message":"POST /api/payments/create 200","timestamp":"2026-08-07 14:00:24"}
{"ip":"::1","level":"debug","message":"OPTIONS /api/orders/6a7597a0bb590039adc6fb85 204","timestamp":"2026-08-07 14:00:27"}
{"ip":"::1","level":"debug","message":"GET /api/orders/6a7597a0bb590039adc6fb85 200","timestamp":"2026-08-07 14:00:27"}
{"ip":"::1","level":"debug","message":"GET /api/orders/6a7597a0bb590039adc6fb85 304","timestamp":"2026-08-07 14:00:27"}
{"ip":"::1","level":"debug","message":"OPTIONS /api/orders/6a7597a0bb590039adc6fb85 204","timestamp":"2026-08-07 14:00:42"}
{"ip":"::1","level":"debug","message":"GET /api/orders/6a7597a0bb590039adc6fb85 304","timestamp":"2026-08-07 14:00:42"}
{"ip":"::1","level":"debug","message":"OPTIONS /api/orders/6a7597a0bb590039adc6fb85 204","timestamp":"2026-08-07 14:00:57"}
{"ip":"::1","level":"debug","message":"GET /api/orders/6a7597a0bb590039adc6fb85 304","timestamp":"2026-08-07 14:00:57"}
{"ip":"::1","level":"debug","message":"OPTIONS /api/orders/6a7597a0bb590039adc6fb85 204","timestamp":"2026-08-07 14:01:12"}
{"ip":"::1","level":"debug","message":"GET /api/orders/6a7597a0bb590039adc6fb85 304","timestamp":"2026-08-07 14:01:12"}
{"ip":"::1","level":"debug","message":"OPTIONS /api/orders/6a7597a0bb590039adc6fb85 204","timestamp":"2026-08-07 14:01:27"}
{"ip":"::1","level":"debug","message":"GET /api/orders/6a7597a0bb590039adc6fb85 304","timestamp":"2026-08-07 14:01:27"}
{"ip":"::1","level":"debug","message":"OPTIONS /api/orders/6a7597a0bb590039adc6fb85 204","timestamp":"2026-08-07 14:01:42"}
{"ip":"::1","level":"debug","message":"GET /api/orders/6a7597a0bb590039adc6fb85 304","timestamp":"2026-08-07 14:01:42"}
{"ip":"::1","level":"debug","message":"OPTIONS /api/orders/6a7597a0bb590039adc6fb85 204","timestamp":"2026-08-07 14:01:57"}
{"ip":"::1","level":"debug","message":"GET /api/orders/6a7597a0bb590039adc6fb85 304","timestamp":"2026-08-07 14:01:57"}
{"ip":"::1","level":"debug","message":"OPTIONS /api/orders/6a7597a0bb590039adc6fb85 204","timestamp":"2026-08-07 14:02:13"}
{"ip":"::1","level":"debug","message":"GET /api/orders/6a7597a0bb590039adc6fb85 304","timestamp":"2026-08-07 14:02:13"}
{"ip":"::1","level":"debug","message":"OPTIONS /api/orders/6a7597a0bb590039adc6fb85 204","timestamp":"2026-08-07 14:02:28"}
{"ip":"::1","level":"debug","message":"GET /api/orders/6a7597a0bb590039adc6fb85 304","timestamp":"2026-08-07 14:02:28"}
{"ip":"::1","level":"debug","message":"OPTIONS /api/orders/6a7597a0bb590039adc6fb85 204","timestamp":"2026-08-07 14:02:43"}
{"ip":"::1","level":"debug","message":"GET /api/orders/6a7597a0bb590039adc6fb85 304","timestamp":"2026-08-07 14:02:43"}
{"ip":"::1","level":"debug","message":"OPTIONS /api/orders/6a7597a0bb590039adc6fb85 204","timestamp":"2026-08-07 14:02:58"}
{"ip":"::1","level":"debug","message":"GET /api/orders/6a7597a0bb590039adc6fb85 304","timestamp":"2026-08-07 14:02:58"}
{"ip":"::1","level":"debug","message":"OPTIONS /api/auth/me 204","timestamp":"2026-08-07 14:11:19"}
{"ip":"::1","level":"debug","message":"GET /api/auth/me 304","timestamp":"2026-08-07 14:11:19"}
{"ip":"::1","level":"debug","message":"OPTIONS /api/orders/6a7597a0bb590039adc6fb85 204","timestamp":"2026-08-07 14:11:19"}
{"ip":"::1","level":"debug","message":"GET /api/orders/6a7597a0bb590039adc6fb85 304","timestamp":"2026-08-07 14:11:19"}
{"ip":"::1","level":"debug","message":"GET /api/orders/slots 304","timestamp":"2026-08-07 14:11:19"}
{"ip":"::1","level":"debug","message":"GET /api/coupons 304","timestamp":"2026-08-07 14:11:19"}
{"ip":"::1","level":"debug","message":"GET /api/menu 304","timestamp":"2026-08-07 14:11:19"}
{"ip":"::1","level":"debug","message":"GET /api/auth/me 304","timestamp":"2026-08-07 14:11:19"}
{"ip":"::1","level":"debug","message":"GET /api/menu 304","timestamp":"2026-08-07 14:11:19"}
{"ip":"::1","level":"debug","message":"GET /api/auth/me 304","timestamp":"2026-08-07 14:11:20"}
{"ip":"::1","level":"debug","message":"GET /api/orders/slots 304","timestamp":"2026-08-07 14:11:20"}
{"ip":"::1","level":"debug","message":"GET /api/menu 304","timestamp":"2026-08-07 14:11:20"}
{"ip":"::1","level":"debug","message":"GET /api/coupons 304","timestamp":"2026-08-07 14:11:20"}
{"ip":"::1","level":"debug","message":"OPTIONS /api/auth/me 204","timestamp":"2026-08-07 14:11:20"}
{"ip":"::1","level":"debug","message":"GET /api/menu 304","timestamp":"2026-08-07 14:11:20"}
{"ip":"::1","level":"debug","message":"GET /api/auth/me 304","timestamp":"2026-08-07 14:11:20"}
{"ip":"::1","level":"debug","message":"GET /uploads/images/hero.svg 404","timestamp":"2026-08-07 14:11:20"}
{"ip":"::1","level":"debug","message":"GET /uploads/images/hero.svg 404","timestamp":"2026-08-07 14:11:20"}
{"ip":"::1","level":"debug","message":"OPTIONS /api/orders/6a7597a0bb590039adc6fb85 204","timestamp":"2026-08-07 14:11:35"}
{"ip":"::1","level":"debug","message":"GET /api/orders/6a7597a0bb590039adc6fb85 304","timestamp":"2026-08-07 14:11:35"}
{"ip":"::1","level":"debug","message":"OPTIONS /api/orders/6a7597a0bb590039adc6fb85 204","timestamp":"2026-08-07 14:11:50"}
{"ip":"::1","level":"debug","message":"GET /api/orders/6a7597a0bb590039adc6fb85 304","timestamp":"2026-08-07 14:11:50"}
{"ip":"::1","level":"debug","message":"OPTIONS /api/orders/6a7597a0bb590039adc6fb85 204","timestamp":"2026-08-07 14:12:05"}
{"ip":"::1","level":"debug","message":"GET /api/orders/6a7597a0bb590039adc6fb85 304","timestamp":"2026-08-07 14:12:05"}
{"ip":"::1","level":"debug","message":"OPTIONS /api/orders/6a7597a0bb590039adc6fb85 204","timestamp":"2026-08-07 14:12:20"}
{"ip":"::1","level":"debug","message":"GET /api/orders/6a7597a0bb590039adc6fb85 304","timestamp":"2026-08-07 14:12:20"}
{"ip":"::1","level":"debug","message":"OPTIONS /api/orders/6a7597a0bb590039adc6fb85 204","timestamp":"2026-08-07 14:12:35"}
{"ip":"::1","level":"debug","message":"GET /api/orders/6a7597a0bb590039adc6fb85 304","timestamp":"2026-08-07 14:12:35"}
{"ip":"::1","level":"debug","message":"OPTIONS /api/orders/6a7597a0bb590039adc6fb85 204","timestamp":"2026-08-07 14:12:50"}
{"ip":"::1","level":"debug","message":"GET /api/orders/6a7597a0bb590039adc6fb85 304","timestamp":"2026-08-07 14:12:50"}
{"ip":"::1","level":"debug","message":"OPTIONS /api/orders/6a7597a0bb590039adc6fb85 204","timestamp":"2026-08-07 14:13:31"}
{"ip":"::1","level":"debug","message":"GET /api/orders/6a7597a0bb590039adc6fb85 304","timestamp":"2026-08-07 14:13:31"}
{"ip":"::1","level":"debug","message":"OPTIONS /api/orders/6a7597a0bb590039adc6fb85 204","timestamp":"2026-08-07 14:14:31"}
{"ip":"::1","level":"debug","message":"GET /api/orders/6a7597a0bb590039adc6fb85 304","timestamp":"2026-08-07 14:14:31"}
{"ip":"::1","level":"debug","message":"OPTIONS /api/orders/6a7597a0bb590039adc6fb85 204","timestamp":"2026-08-07 14:15:31"}
{"ip":"::1","level":"debug","message":"GET /api/orders/6a7597a0bb590039adc6fb85 304","timestamp":"2026-08-07 14:15:31"}
{"ip":"::1","level":"debug","message":"OPTIONS /api/orders/6a7597a0bb590039adc6fb85 204","timestamp":"2026-08-07 14:16:31"}
{"ip":"::1","level":"debug","message":"GET /api/orders/6a7597a0bb590039adc6fb85 304","timestamp":"2026-08-07 14:16:31"}
{"ip":"::1","level":"debug","message":"OPTIONS /api/reservations 204","timestamp":"2026-08-07 14:17:20"}
{"ip":"::1","level":"debug","message":"POST /api/reservations 201","timestamp":"2026-08-07 14:17:23"}
{"ip":"::1","level":"debug","message":"OPTIONS /api/auth/me/reservations 204","timestamp":"2026-08-07 14:17:29"}
{"ip":"::1","level":"debug","message":"GET /api/auth/me/reservations 200","timestamp":"2026-08-07 14:17:29"}
{"ip":"::1","level":"debug","message":"GET /api/auth/me/reservations 304","timestamp":"2026-08-07 14:17:29"}
{"ip":"::1","level":"debug","message":"OPTIONS /api/orders/6a7597a0bb590039adc6fb85 204","timestamp":"2026-08-07 14:17:31"}
{"ip":"::1","level":"debug","message":"GET /api/orders/6a7597a0bb590039adc6fb85 304","timestamp":"2026-08-07 14:17:31"}
{"ip":"::1","level":"debug","message":"OPTIONS /api/orders/6a7597a0bb590039adc6fb85 204","timestamp":"2026-08-07 14:18:31"}
{"ip":"::1","level":"debug","message":"GET /api/orders/6a7597a0bb590039adc6fb85 304","timestamp":"2026-08-07 14:18:31"}
{"ip":"::1","level":"debug","message":"OPTIONS /api/orders/6a7597a0bb590039adc6fb85 204","timestamp":"2026-08-07 14:19:31"}
{"ip":"::1","level":"debug","message":"GET /api/orders/6a7597a0bb590039adc6fb85 304","timestamp":"2026-08-07 14:19:31"}
{"ip":"::1","level":"debug","message":"OPTIONS /api/orders/6a7597a0bb590039adc6fb85 204","timestamp":"2026-08-07 14:20:31"}
{"ip":"::1","level":"debug","message":"GET /api/orders/6a7597a0bb590039adc6fb85 304","timestamp":"2026-08-07 14:20:31"}
{"ip":"::1","level":"debug","message":"OPTIONS /api/orders/6a7597a0bb590039adc6fb85 204","timestamp":"2026-08-07 14:21:31"}
{"ip":"::1","level":"debug","message":"GET /api/orders/6a7597a0bb590039adc6fb85 304","timestamp":"2026-08-07 14:21:31"}
{"ip":"::1","level":"debug","message":"OPTIONS /api/orders/6a7597a0bb590039adc6fb85 204","timestamp":"2026-08-07 14:22:31"}
{"ip":"::1","level":"debug","message":"GET /api/orders/6a7597a0bb590039adc6fb85 304","timestamp":"2026-08-07 14:22:31"}
{"ip":"::1","level":"debug","message":"OPTIONS /api/orders/6a7597a0bb590039adc6fb85 204","timestamp":"2026-08-07 14:23:31"}
{"ip":"::1","level":"debug","message":"GET /api/orders/6a7597a0bb590039adc6fb85 304","timestamp":"2026-08-07 14:23:31"}
{"ip":"::1","level":"debug","message":"OPTIONS /api/orders/6a7597a0bb590039adc6fb85 204","timestamp":"2026-08-07 14:24:31"}
{"ip":"::1","level":"debug","message":"GET /api/orders/6a7597a0bb590039adc6fb85 304","timestamp":"2026-08-07 14:24:31"}
{"ip":"::1","level":"debug","message":"OPTIONS /api/orders/6a7597a0bb590039adc6fb85 204","timestamp":"2026-08-07 14:24:50"}
{"ip":"::1","level":"debug","message":"GET /api/orders/6a7597a0bb590039adc6fb85 304","timestamp":"2026-08-07 14:24:50"}
{"ip":"::1","level":"debug","message":"OPTIONS /api/orders/6a7597a0bb590039adc6fb85 204","timestamp":"2026-08-07 14:25:04"}
{"ip":"::1","level":"debug","message":"GET /api/orders/6a7597a0bb590039adc6fb85 304","timestamp":"2026-08-07 14:25:04"}
{"ip":"::1","level":"debug","message":"OPTIONS /api/orders/6a7597a0bb590039adc6fb85 204","timestamp":"2026-08-07 14:25:19"}
{"ip":"::1","level":"debug","message":"GET /api/orders/6a7597a0bb590039adc6fb85 304","timestamp":"2026-08-07 14:25:19"}
{"ip":"::1","level":"debug","message":"OPTIONS /api/orders/6a7597a0bb590039adc6fb85 204","timestamp":"2026-08-07 14:25:34"}
{"ip":"::1","level":"debug","message":"GET /api/orders/6a7597a0bb590039adc6fb85 304","timestamp":"2026-08-07 14:25:34"}
{"ip":"::1","level":"debug","message":"OPTIONS /api/orders/6a7597a0bb590039adc6fb85 204","timestamp":"2026-08-07 14:25:49"}
{"ip":"::1","level":"debug","message":"GET /api/orders/6a7597a0bb590039adc6fb85 304","timestamp":"2026-08-07 14:25:49"}
{"ip":"::1","level":"debug","message":"OPTIONS /api/orders/6a7597a0bb590039adc6fb85 204","timestamp":"2026-08-07 14:26:04"}
{"ip":"::1","level":"debug","message":"GET /api/orders/6a7597a0bb590039adc6fb85 304","timestamp":"2026-08-07 14:26:04"}
{"ip":"::1","level":"debug","message":"GET /api/orders/REF-121603 401","timestamp":"2026-08-07 14:26:30"}
{"ip":"::1","level":"debug","message":"OPTIONS /api/admin/stats 204","timestamp":"2026-08-07 14:26:57"}
{"ip":"::1","level":"debug","message":"GET /api/admin/stats 200","timestamp":"2026-08-07 14:26:57"}
{"ip":"::1","level":"debug","message":"OPTIONS /api/admin/stats 204","timestamp":"2026-08-07 14:27:12"}
{"ip":"::1","level":"debug","message":"GET /api/admin/stats 304","timestamp":"2026-08-07 14:27:12"}
{"ip":"::1","level":"debug","message":"OPTIONS /api/orders/all 204","timestamp":"2026-08-07 14:27:21"}
{"ip":"::1","level":"debug","message":"OPTIONS /api/orders/all 204","timestamp":"2026-08-07 14:27:21"}
{"ip":"::1","level":"debug","message":"GET /api/orders/all 200","timestamp":"2026-08-07 14:27:21"}
{"ip":"::1","level":"debug","message":"GET /api/orders/all 304","timestamp":"2026-08-07 14:27:21"}
{"ip":"::1","level":"debug","message":"OPTIONS /api/orders/6a7597a0bb590039adc6fb85/status 204","timestamp":"2026-08-07 14:27:32"}
{"ip":"::1","level":"debug","message":"PUT /api/orders/6a7597a0bb590039adc6fb85/status 200","timestamp":"2026-08-07 14:27:32"}
{"ip":"::1","level":"debug","message":"OPTIONS /api/auth/me 204","timestamp":"2026-08-07 14:27:40"}
{"ip":"::1","level":"debug","message":"GET /api/auth/me 304","timestamp":"2026-08-07 14:27:40"}
{"ip":"::1","level":"debug","message":"GET /api/orders/REF-121603 401","timestamp":"2026-08-07 14:27:56"}
{"ip":"::1","level":"debug","message":"OPTIONS /api/orders/6a758a75cf6cfcc6a9328996/status 204","timestamp":"2026-08-07 14:28:07"}
{"ip":"::1","level":"debug","message":"PUT /api/orders/6a758a75cf6cfcc6a9328996/status 200","timestamp":"2026-08-07 14:28:07"}
{"ip":"::1","level":"debug","message":"GET /api/orders/REF-121603 401","timestamp":"2026-08-07 14:28:12"}
{"ip":"::1","level":"debug","message":"GET /api/orders/REF-121603 401","timestamp":"2026-08-07 14:28:13"}
{"ip":"::1","level":"debug","message":"GET /api/orders/REF-121603 401","timestamp":"2026-08-07 14:28:13"}
{"ip":"::1","level":"debug","message":"GET /api/orders/REF-121603 401","timestamp":"2026-08-07 14:28:14"}
{"ip":"::1","level":"debug","message":"GET /api/orders/REF-121603 401","timestamp":"2026-08-07 14:28:14"}
{"ip":"::1","level":"debug","message":"GET /api/orders/REF-121603 401","timestamp":"2026-08-07 14:28:14"}
{"ip":"::1","level":"debug","message":"GET /api/orders/REF-121603 401","timestamp":"2026-08-07 14:28:14"}
{"ip":"::1","level":"debug","message":"OPTIONS /api/menu/reorder/6a71ab69a19e283d8fdd122f 204","timestamp":"2026-08-07 14:28:56"}
{"ip":"::1","level":"debug","message":"GET /api/menu/categories 304","timestamp":"2026-08-07 14:28:56"}
{"ip":"::1","level":"debug","message":"GET /api/menu? 304","timestamp":"2026-08-07 14:28:56"}
{"ip":"::1","level":"debug","message":"GET /api/menu/categories 304","timestamp":"2026-08-07 14:28:56"}
{"ip":"::1","level":"debug","message":"GET /api/menu? 304","timestamp":"2026-08-07 14:28:56"}
{"ip":"::1","level":"debug","message":"GET /api/menu/reorder/6a71ab69a19e283d8fdd122f 304","timestamp":"2026-08-07 14:28:56"}
{"ip":"::1","level":"debug","message":"GET /api/menu/reorder/6a71ab69a19e283d8fdd122f 304","timestamp":"2026-08-07 14:28:56"}
{"ip":"::1","level":"debug","message":"OPTIONS /api/orders/6a758a75cf6cfcc6a9328996/status 204","timestamp":"2026-08-07 14:29:05"}
{"ip":"::1","level":"debug","message":"PUT /api/orders/6a758a75cf6cfcc6a9328996/status 200","timestamp":"2026-08-07 14:29:05"}
{"ip":"::1","level":"debug","message":"GET /api/orders/REF-121603 401","timestamp":"2026-08-07 14:29:12"}
{"ip":"::1","level":"debug","message":"OPTIONS /api/orders/mine 204","timestamp":"2026-08-07 14:34:21"}
{"ip":"::1","level":"debug","message":"GET /api/orders/mine 200","timestamp":"2026-08-07 14:34:21"}
{"ip":"::1","level":"debug","message":"OPTIONS /api/auth/me 204","timestamp":"2026-08-07 14:38:44"}
{"ip":"::1","level":"debug","message":"GET /api/auth/me 304","timestamp":"2026-08-07 14:38:44"}
{"ip":"::1","level":"debug","message":"OPTIONS /api/orders/all 204","timestamp":"2026-08-07 14:38:44"}
{"ip":"::1","level":"debug","message":"GET /api/orders/all 200","timestamp":"2026-08-07 14:38:44"}
{"ip":"::1","level":"debug","message":"GET /api/orders/all 304","timestamp":"2026-08-07 14:38:44"}
{"ip":"::1","level":"debug","message":"OPTIONS /api/auth/me 204","timestamp":"2026-08-07 14:39:18"}
{"ip":"::1","level":"debug","message":"GET /api/auth/me 304","timestamp":"2026-08-07 14:39:18"}
{"ip":"::1","level":"debug","message":"OPTIONS /api/orders/all 204","timestamp":"2026-08-07 14:39:18"}
{"ip":"::1","level":"debug","message":"GET /api/orders/all 304","timestamp":"2026-08-07 14:39:18"}
{"ip":"::1","level":"debug","message":"GET /api/orders/all 304","timestamp":"2026-08-07 14:39:18"}
{"level":"info","message":"🚀 Server running on port 5000","timestamp":"2026-08-07 14:47:19"}
{"ip":"::1","level":"debug","message":"GET /api/orders/slots 200","timestamp":"2026-08-07 14:47:32"}
{"ip":"::1","level":"debug","message":"GET /api/coupons 304","timestamp":"2026-08-07 14:47:32"}
{"ip":"::1","level":"debug","message":"GET /api/menu 200","timestamp":"2026-08-07 14:47:32"}
{"ip":"::1","level":"debug","message":"GET /api/menu 200","timestamp":"2026-08-07 14:47:32"}
{"ip":"::1","level":"debug","message":"GET /api/coupons 304","timestamp":"2026-08-07 14:47:32"}
{"ip":"::1","level":"debug","message":"GET /api/orders/slots 200","timestamp":"2026-08-07 14:47:32"}
{"ip":"::1","level":"debug","message":"GET /uploads/images/hero.svg 404","timestamp":"2026-08-07 14:47:32"}
{"ip":"::1","level":"debug","message":"OPTIONS /api/orders/mine 204","timestamp":"2026-08-07 14:48:29"}
{"ip":"::1","level":"debug","message":"OPTIONS /api/orders/mine 204","timestamp":"2026-08-07 14:48:29"}
{"ip":"::1","level":"debug","message":"GET /api/orders/mine 500","timestamp":"2026-08-07 14:48:29"}
{"ip":"::1","level":"debug","message":"GET /api/orders/mine 500","timestamp":"2026-08-07 14:48:29"}
{"ip":"::1","level":"debug","message":"GET /uploads/images/hero.svg 404","timestamp":"2026-08-07 14:48:32"}
{"ip":"::1","level":"debug","message":"GET /api/orders/slots 304","timestamp":"2026-08-07 14:48:32"}
{"ip":"::1","level":"debug","message":"GET /api/orders/slots 304","timestamp":"2026-08-07 14:48:32"}
{"ip":"::1","level":"debug","message":"GET /api/menu 304","timestamp":"2026-08-07 14:48:32"}
{"ip":"::1","level":"debug","message":"GET /api/coupons 304","timestamp":"2026-08-07 14:48:32"}
{"ip":"::1","level":"debug","message":"GET /api/coupons 304","timestamp":"2026-08-07 14:48:32"}
{"ip":"::1","level":"debug","message":"GET /api/menu 304","timestamp":"2026-08-07 14:48:32"}
{"ip":"::1","level":"debug","message":"OPTIONS /api/orders 204","timestamp":"2026-08-07 14:48:42"}
{"ip":"::1","level":"debug","message":"POST /api/orders 500","timestamp":"2026-08-07 14:48:42"}
{"ip":"::1","level":"debug","message":"GET /api/orders/delivery-check?pincode=100001 304","timestamp":"2026-08-07 14:48:47"}
{"level":"info","message":"🚀 Server running on port 5000","timestamp":"2026-08-07 14:49:50"}
{"ip":"::1","level":"debug","message":"OPTIONS /api/auth/me 204","timestamp":"2026-08-07 14:52:09"}
{"ip":"::1","level":"debug","message":"GET /api/orders/slots 304","timestamp":"2026-08-07 14:52:09"}
{"ip":"::1","level":"debug","message":"GET /uploads/images/hero.svg 404","timestamp":"2026-08-07 14:52:09"}
{"ip":"::1","level":"debug","message":"GET /api/coupons 304","timestamp":"2026-08-07 14:52:09"}
{"ip":"::1","level":"debug","message":"GET /api/menu 304","timestamp":"2026-08-07 14:52:09"}
{"ip":"::1","level":"debug","message":"GET /api/auth/me 304","timestamp":"2026-08-07 14:52:09"}
{"ip":"::1","level":"debug","message":"GET /api/orders/delivery-check?pincode=100001 304","timestamp":"2026-08-07 14:52:19"}
{"ip":"::1","level":"debug","message":"OPTIONS /api/orders 204","timestamp":"2026-08-07 14:52:25"}
{"ip":"::1","level":"debug","message":"POST /api/orders 201","timestamp":"2026-08-07 14:52:25"}
{"ip":"::1","level":"debug","message":"OPTIONS /api/payments/create 204","timestamp":"2026-08-07 14:52:25"}
{"ip":"::1","level":"debug","message":"POST /api/payments/create 200","timestamp":"2026-08-07 14:52:25"}
{"ip":"::1","level":"debug","message":"OPTIONS /api/orders/6a75a3d18dab7bd6285fa107 204","timestamp":"2026-08-07 14:52:25"}
{"ip":"::1","level":"debug","message":"OPTIONS /api/orders/6a75a3d18dab7bd6285fa107 204","timestamp":"2026-08-07 14:52:25"}
{"ip":"::1","level":"debug","message":"GET /api/orders/6a75a3d18dab7bd6285fa107 200","timestamp":"2026-08-07 14:52:25"}
{"ip":"::1","level":"debug","message":"GET /api/orders/6a75a3d18dab7bd6285fa107 304","timestamp":"2026-08-07 14:52:25"}
{"ip":"::1","level":"debug","message":"OPTIONS /api/auth/me 204","timestamp":"2026-08-07 14:52:53"}
{"ip":"::1","level":"debug","message":"GET /api/auth/me 200","timestamp":"2026-08-07 14:52:53"}
{"ip":"::1","level":"debug","message":"OPTIONS /api/orders/6a75a3d18dab7bd6285fa107 204","timestamp":"2026-08-07 14:52:53"}
{"ip":"::1","level":"debug","message":"GET /api/orders/6a75a3d18dab7bd6285fa107 304","timestamp":"2026-08-07 14:52:53"}
{"ip":"::1","level":"debug","message":"OPTIONS /api/orders/6a75a3d18dab7bd6285fa107 204","timestamp":"2026-08-07 14:53:08"}
{"ip":"::1","level":"debug","message":"GET /api/orders/6a75a3d18dab7bd6285fa107 304","timestamp":"2026-08-07 14:53:08"}
{"ip":"::1","level":"debug","message":"OPTIONS /api/orders/6a75a3d18dab7bd6285fa107 204","timestamp":"2026-08-07 14:53:23"}
{"ip":"::1","level":"debug","message":"GET /api/orders/6a75a3d18dab7bd6285fa107 304","timestamp":"2026-08-07 14:53:23"}
{"ip":"::1","level":"debug","message":"OPTIONS /api/orders/6a75a3d18dab7bd6285fa107 204","timestamp":"2026-08-07 14:53:38"}
{"ip":"::1","level":"debug","message":"GET /api/orders/6a75a3d18dab7bd6285fa107 304","timestamp":"2026-08-07 14:53:38"}
{"ip":"::1","level":"debug","message":"OPTIONS /api/orders/6a75a3d18dab7bd6285fa107 204","timestamp":"2026-08-07 14:53:53"}
{"ip":"::1","level":"debug","message":"GET /api/orders/6a75a3d18dab7bd6285fa107 304","timestamp":"2026-08-07 14:53:53"}
{"ip":"::1","level":"debug","message":"OPTIONS /api/orders/6a75a3d18dab7bd6285fa107 204","timestamp":"2026-08-07 14:54:08"}
{"ip":"::1","level":"debug","message":"GET /api/orders/6a75a3d18dab7bd6285fa107 304","timestamp":"2026-08-07 14:54:08"}
{"ip":"::1","level":"debug","message":"OPTIONS /api/orders/6a75a3d18dab7bd6285fa107 204","timestamp":"2026-08-07 14:54:23"}
{"ip":"::1","level":"debug","message":"GET /api/orders/6a75a3d18dab7bd6285fa107 304","timestamp":"2026-08-07 14:54:23"}
{"ip":"::1","level":"debug","message":"OPTIONS /api/orders/6a75a3d18dab7bd6285fa107 204","timestamp":"2026-08-07 14:54:38"}
{"ip":"::1","level":"debug","message":"GET /api/orders/6a75a3d18dab7bd6285fa107 304","timestamp":"2026-08-07 14:54:38"}
{"ip":"::1","level":"debug","message":"OPTIONS /api/orders/6a75a3d18dab7bd6285fa107 204","timestamp":"2026-08-07 14:54:53"}
{"ip":"::1","level":"debug","message":"GET /api/orders/6a75a3d18dab7bd6285fa107 304","timestamp":"2026-08-07 14:54:53"}
{"ip":"::1","level":"debug","message":"OPTIONS /api/orders/6a75a3d18dab7bd6285fa107 204","timestamp":"2026-08-07 14:55:08"}
{"ip":"::1","level":"debug","message":"GET /api/orders/6a75a3d18dab7bd6285fa107 304","timestamp":"2026-08-07 14:55:08"}
{"ip":"::1","level":"debug","message":"OPTIONS /api/orders/6a75a3d18dab7bd6285fa107 204","timestamp":"2026-08-07 14:55:23"}
{"ip":"::1","level":"debug","message":"GET /api/orders/6a75a3d18dab7bd6285fa107 304","timestamp":"2026-08-07 14:55:23"}
{"ip":"::1","level":"debug","message":"OPTIONS /api/orders/6a75a3d18dab7bd6285fa107 204","timestamp":"2026-08-07 14:55:38"}
{"ip":"::1","level":"debug","message":"GET /api/orders/6a75a3d18dab7bd6285fa107 304","timestamp":"2026-08-07 14:55:38"}
{"ip":"::1","level":"debug","message":"OPTIONS /api/orders/6a75a3d18dab7bd6285fa107 204","timestamp":"2026-08-07 14:55:53"}
{"ip":"::1","level":"debug","message":"GET /api/orders/6a75a3d18dab7bd6285fa107 304","timestamp":"2026-08-07 14:55:53"}
{"ip":"::1","level":"debug","message":"OPTIONS /api/orders/6a75a3d18dab7bd6285fa107 204","timestamp":"2026-08-07 14:56:08"}
{"ip":"::1","level":"debug","message":"GET /api/orders/6a75a3d18dab7bd6285fa107 304","timestamp":"2026-08-07 14:56:08"}
{"ip":"::1","level":"debug","message":"OPTIONS /api/orders/6a75a3d18dab7bd6285fa107 204","timestamp":"2026-08-07 14:56:23"}
{"ip":"::1","level":"debug","message":"GET /api/orders/6a75a3d18dab7bd6285fa107 304","timestamp":"2026-08-07 14:56:23"}
{"ip":"::1","level":"debug","message":"OPTIONS /api/orders/6a75a3d18dab7bd6285fa107 204","timestamp":"2026-08-07 14:56:38"}
{"ip":"::1","level":"debug","message":"GET /api/orders/6a75a3d18dab7bd6285fa107 304","timestamp":"2026-08-07 14:56:38"}
{"ip":"::1","level":"debug","message":"OPTIONS /api/orders/6a75a3d18dab7bd6285fa107 204","timestamp":"2026-08-07 14:56:53"}
{"ip":"::1","level":"debug","message":"GET /api/orders/6a75a3d18dab7bd6285fa107 304","timestamp":"2026-08-07 14:56:53"}
{"ip":"::1","level":"debug","message":"OPTIONS /api/orders/6a75a3d18dab7bd6285fa107 204","timestamp":"2026-08-07 14:57:08"}
{"ip":"::1","level":"debug","message":"GET /api/orders/6a75a3d18dab7bd6285fa107 304","timestamp":"2026-08-07 14:57:08"}
{"ip":"::1","level":"debug","message":"OPTIONS /api/orders/6a75a3d18dab7bd6285fa107 204","timestamp":"2026-08-07 14:57:23"}
{"ip":"::1","level":"debug","message":"GET /api/orders/6a75a3d18dab7bd6285fa107 304","timestamp":"2026-08-07 14:57:23"}
{"ip":"::1","level":"debug","message":"OPTIONS /api/orders/6a75a3d18dab7bd6285fa107 204","timestamp":"2026-08-07 14:57:38"}
{"ip":"::1","level":"debug","message":"GET /api/orders/6a75a3d18dab7bd6285fa107 304","timestamp":"2026-08-07 14:57:38"}
{"ip":"::1","level":"debug","message":"OPTIONS /api/orders/6a75a3d18dab7bd6285fa107 204","timestamp":"2026-08-07 14:57:53"}
{"ip":"::1","level":"debug","message":"GET /api/orders/6a75a3d18dab7bd6285fa107 304","timestamp":"2026-08-07 14:57:53"}
{"ip":"::1","level":"debug","message":"OPTIONS /api/orders/6a75a3d18dab7bd6285fa107 204","timestamp":"2026-08-07 14:58:08"}
{"ip":"::1","level":"debug","message":"GET /api/orders/6a75a3d18dab7bd6285fa107 304","timestamp":"2026-08-07 14:58:08"}
{"ip":"::1","level":"debug","message":"OPTIONS /api/orders/6a75a3d18dab7bd6285fa107 204","timestamp":"2026-08-07 14:58:23"}
{"ip":"::1","level":"debug","message":"GET /api/orders/6a75a3d18dab7bd6285fa107 304","timestamp":"2026-08-07 14:58:23"}
{"ip":"::1","level":"debug","message":"OPTIONS /api/orders/6a75a3d18dab7bd6285fa107 204","timestamp":"2026-08-07 14:58:38"}
{"ip":"::1","level":"debug","message":"GET /api/orders/6a75a3d18dab7bd6285fa107 304","timestamp":"2026-08-07 14:58:38"}
{"ip":"::1","level":"debug","message":"OPTIONS /api/orders/6a75a3d18dab7bd6285fa107 204","timestamp":"2026-08-07 14:58:53"}
{"ip":"::1","level":"debug","message":"GET /api/orders/6a75a3d18dab7bd6285fa107 304","timestamp":"2026-08-07 14:58:53"}
{"ip":"::1","level":"debug","message":"OPTIONS /api/orders/6a75a3d18dab7bd6285fa107 204","timestamp":"2026-08-07 14:59:08"}
{"ip":"::1","level":"debug","message":"GET /api/orders/6a75a3d18dab7bd6285fa107 304","timestamp":"2026-08-07 14:59:08"}
{"ip":"::1","level":"debug","message":"OPTIONS /api/orders/6a75a3d18dab7bd6285fa107 204","timestamp":"2026-08-07 14:59:23"}
{"ip":"::1","level":"debug","message":"GET /api/orders/6a75a3d18dab7bd6285fa107 304","timestamp":"2026-08-07 14:59:23"}
{"ip":"::1","level":"debug","message":"OPTIONS /api/orders/6a75a3d18dab7bd6285fa107 204","timestamp":"2026-08-07 14:59:38"}
{"ip":"::1","level":"debug","message":"GET /api/orders/6a75a3d18dab7bd6285fa107 304","timestamp":"2026-08-07 14:59:38"}
{"ip":"::1","level":"debug","message":"OPTIONS /api/orders/6a75a3d18dab7bd6285fa107 204","timestamp":"2026-08-07 14:59:53"}
{"ip":"::1","level":"debug","message":"GET /api/orders/6a75a3d18dab7bd6285fa107 304","timestamp":"2026-08-07 14:59:53"}
{"ip":"::1","level":"debug","message":"OPTIONS /api/orders/6a75a3d18dab7bd6285fa107 204","timestamp":"2026-08-07 15:00:08"}
{"ip":"::1","level":"debug","message":"GET /api/orders/6a75a3d18dab7bd6285fa107 304","timestamp":"2026-08-07 15:00:08"}
{"ip":"::1","level":"debug","message":"OPTIONS /api/orders/6a75a3d18dab7bd6285fa107 204","timestamp":"2026-08-07 15:00:24"}
{"ip":"::1","level":"debug","message":"GET /api/orders/6a75a3d18dab7bd6285fa107 304","timestamp":"2026-08-07 15:00:24"}
{"ip":"::1","level":"debug","message":"OPTIONS /api/orders/6a75a3d18dab7bd6285fa107 204","timestamp":"2026-08-07 15:00:39"}
{"ip":"::1","level":"debug","message":"GET /api/orders/6a75a3d18dab7bd6285fa107 304","timestamp":"2026-08-07 15:00:39"}
{"ip":"::1","level":"debug","message":"OPTIONS /api/orders/6a75a3d18dab7bd6285fa107 204","timestamp":"2026-08-07 15:00:55"}
{"ip":"::1","level":"debug","message":"GET /api/orders/6a75a3d18dab7bd6285fa107 304","timestamp":"2026-08-07 15:00:55"}
{"ip":"::1","level":"debug","message":"OPTIONS /api/orders/6a75a3d18dab7bd6285fa107 204","timestamp":"2026-08-07 15:01:09"}
{"ip":"::1","level":"debug","message":"GET /api/orders/6a75a3d18dab7bd6285fa107 304","timestamp":"2026-08-07 15:01:09"}
{"ip":"::1","level":"debug","message":"OPTIONS /api/orders/6a75a3d18dab7bd6285fa107 204","timestamp":"2026-08-07 15:01:31"}
{"ip":"::1","level":"debug","message":"GET /api/orders/6a75a3d18dab7bd6285fa107 304","timestamp":"2026-08-07 15:01:31"}
{"ip":"::1","level":"debug","message":"OPTIONS /api/orders/6a75a3d18dab7bd6285fa107 204","timestamp":"2026-08-07 15:02:27"}
{"ip":"::1","level":"debug","message":"GET /api/orders/6a75a3d18dab7bd6285fa107 304","timestamp":"2026-08-07 15:02:27"}
{"ip":"::1","level":"debug","message":"OPTIONS /api/orders/6a75a3d18dab7bd6285fa107 204","timestamp":"2026-08-07 15:02:38"}
{"ip":"::1","level":"debug","message":"GET /api/orders/6a75a3d18dab7bd6285fa107 304","timestamp":"2026-08-07 15:02:38"}
{"ip":"::1","level":"debug","message":"OPTIONS /api/orders/6a75a3d18dab7bd6285fa107 204","timestamp":"2026-08-07 15:02:53"}
{"ip":"::1","level":"debug","message":"GET /api/orders/6a75a3d18dab7bd6285fa107 304","timestamp":"2026-08-07 15:02:53"}
{"ip":"::1","level":"debug","message":"OPTIONS /api/orders/6a75a3d18dab7bd6285fa107 204","timestamp":"2026-08-07 15:03:08"}
{"ip":"::1","level":"debug","message":"GET /api/orders/6a75a3d18dab7bd6285fa107 304","timestamp":"2026-08-07 15:03:08"}
{"ip":"::1","level":"debug","message":"OPTIONS /api/orders/6a75a3d18dab7bd6285fa107 204","timestamp":"2026-08-07 15:03:23"}
{"ip":"::1","level":"debug","message":"GET /api/orders/6a75a3d18dab7bd6285fa107 304","timestamp":"2026-08-07 15:03:23"}
{"ip":"::1","level":"debug","message":"OPTIONS /api/orders/6a75a3d18dab7bd6285fa107 204","timestamp":"2026-08-07 15:03:38"}
{"ip":"::1","level":"debug","message":"GET /api/orders/6a75a3d18dab7bd6285fa107 304","timestamp":"2026-08-07 15:03:38"}
{"ip":"::1","level":"debug","message":"OPTIONS /api/orders/6a75a3d18dab7bd6285fa107 204","timestamp":"2026-08-07 15:03:54"}
{"ip":"::1","level":"debug","message":"GET /api/orders/6a75a3d18dab7bd6285fa107 304","timestamp":"2026-08-07 15:03:54"}
{"ip":"::1","level":"debug","message":"OPTIONS /api/orders/6a75a3d18dab7bd6285fa107 204","timestamp":"2026-08-07 15:04:09"}
{"ip":"::1","level":"debug","message":"GET /api/orders/6a75a3d18dab7bd6285fa107 304","timestamp":"2026-08-07 15:04:09"}
{"ip":"::1","level":"debug","message":"OPTIONS /api/orders/6a75a3d18dab7bd6285fa107 204","timestamp":"2026-08-07 15:04:24"}
{"ip":"::1","level":"debug","message":"GET /api/orders/6a75a3d18dab7bd6285fa107 304","timestamp":"2026-08-07 15:04:24"}
{"ip":"::1","level":"debug","message":"OPTIONS /api/orders/6a75a3d18dab7bd6285fa107 204","timestamp":"2026-08-07 15:04:39"}
{"ip":"::1","level":"debug","message":"GET /api/orders/6a75a3d18dab7bd6285fa107 304","timestamp":"2026-08-07 15:04:39"}
{"ip":"::1","level":"debug","message":"OPTIONS /api/orders/6a75a3d18dab7bd6285fa107 204","timestamp":"2026-08-07 15:05:19"}
{"ip":"::1","level":"debug","message":"GET /api/orders/6a75a3d18dab7bd6285fa107 304","timestamp":"2026-08-07 15:05:19"}
{"ip":"::1","level":"debug","message":"GET /api/orders/6a75a3d18dab7bd6285fa107 304","timestamp":"2026-08-07 15:05:24"}
{"ip":"::1","level":"debug","message":"OPTIONS /api/orders/6a75a3d18dab7bd6285fa107 204","timestamp":"2026-08-07 15:05:39"}
{"ip":"::1","level":"debug","message":"GET /api/orders/6a75a3d18dab7bd6285fa107 304","timestamp":"2026-08-07 15:05:39"}
{"ip":"::1","level":"debug","message":"OPTIONS /api/orders/6a75a3d18dab7bd6285fa107 204","timestamp":"2026-08-07 15:05:53"}
{"ip":"::1","level":"debug","message":"GET /api/orders/6a75a3d18dab7bd6285fa107 304","timestamp":"2026-08-07 15:05:53"}
{"ip":"::1","level":"debug","message":"OPTIONS /api/orders/6a75a3d18dab7bd6285fa107 204","timestamp":"2026-08-07 15:06:08"}
{"ip":"::1","level":"debug","message":"GET /api/orders/6a75a3d18dab7bd6285fa107 304","timestamp":"2026-08-07 15:06:08"}
{"ip":"::1","level":"debug","message":"OPTIONS /api/orders/6a75a3d18dab7bd6285fa107 204","timestamp":"2026-08-07 15:06:23"}
{"ip":"::1","level":"debug","message":"GET /api/orders/6a75a3d18dab7bd6285fa107 304","timestamp":"2026-08-07 15:06:23"}
{"ip":"::1","level":"debug","message":"OPTIONS /api/orders/6a75a3d18dab7bd6285fa107 204","timestamp":"2026-08-07 15:06:38"}
{"ip":"::1","level":"debug","message":"GET /api/orders/6a75a3d18dab7bd6285fa107 304","timestamp":"2026-08-07 15:06:38"}
{"ip":"::1","level":"debug","message":"OPTIONS /api/orders/6a75a3d18dab7bd6285fa107 204","timestamp":"2026-08-07 15:06:53"}
{"ip":"::1","level":"debug","message":"GET /api/orders/6a75a3d18dab7bd6285fa107 304","timestamp":"2026-08-07 15:06:53"}
{"ip":"::1","level":"debug","message":"OPTIONS /api/orders/6a75a3d18dab7bd6285fa107 204","timestamp":"2026-08-07 15:07:08"}
{"ip":"::1","level":"debug","message":"GET /api/orders/6a75a3d18dab7bd6285fa107 304","timestamp":"2026-08-07 15:07:08"}
{"ip":"::1","level":"debug","message":"OPTIONS /api/orders/6a75a3d18dab7bd6285fa107 204","timestamp":"2026-08-07 15:07:23"}
{"ip":"::1","level":"debug","message":"GET /api/orders/6a75a3d18dab7bd6285fa107 304","timestamp":"2026-08-07 15:07:23"}
{"ip":"::1","level":"debug","message":"OPTIONS /api/orders/6a75a3d18dab7bd6285fa107 204","timestamp":"2026-08-07 15:07:38"}
{"ip":"::1","level":"debug","message":"GET /api/orders/6a75a3d18dab7bd6285fa107 304","timestamp":"2026-08-07 15:07:38"}
{"ip":"::1","level":"debug","message":"OPTIONS /api/orders/6a75a3d18dab7bd6285fa107 204","timestamp":"2026-08-07 15:07:53"}
{"ip":"::1","level":"debug","message":"GET /api/orders/6a75a3d18dab7bd6285fa107 304","timestamp":"2026-08-07 15:07:53"}
{"ip":"::1","level":"debug","message":"OPTIONS /api/orders/6a75a3d18dab7bd6285fa107 204","timestamp":"2026-08-07 15:08:08"}
{"ip":"::1","level":"debug","message":"GET /api/orders/6a75a3d18dab7bd6285fa107 304","timestamp":"2026-08-07 15:08:08"}
{"ip":"::1","level":"debug","message":"OPTIONS /api/orders/6a75a3d18dab7bd6285fa107 204","timestamp":"2026-08-07 15:08:23"}
{"ip":"::1","level":"debug","message":"GET /api/orders/6a75a3d18dab7bd6285fa107 304","timestamp":"2026-08-07 15:08:23"}
{"ip":"::1","level":"debug","message":"OPTIONS /api/orders/6a75a3d18dab7bd6285fa107 204","timestamp":"2026-08-07 15:08:38"}
{"ip":"::1","level":"debug","message":"GET /api/orders/6a75a3d18dab7bd6285fa107 304","timestamp":"2026-08-07 15:08:38"}
{"ip":"::1","level":"debug","message":"OPTIONS /api/orders/6a75a3d18dab7bd6285fa107 204","timestamp":"2026-08-07 15:08:53"}
{"ip":"::1","level":"debug","message":"GET /api/orders/6a75a3d18dab7bd6285fa107 304","timestamp":"2026-08-07 15:08:53"}
{"ip":"::1","level":"debug","message":"OPTIONS /api/orders/6a75a3d18dab7bd6285fa107 204","timestamp":"2026-08-07 15:09:08"}
{"ip":"::1","level":"debug","message":"GET /api/orders/6a75a3d18dab7bd6285fa107 304","timestamp":"2026-08-07 15:09:08"}
{"ip":"::1","level":"debug","message":"OPTIONS /api/orders/6a75a3d18dab7bd6285fa107 204","timestamp":"2026-08-07 15:09:23"}
{"ip":"::1","level":"debug","message":"GET /api/orders/6a75a3d18dab7bd6285fa107 304","timestamp":"2026-08-07 15:09:23"}
{"ip":"::1","level":"debug","message":"OPTIONS /api/orders/6a75a3d18dab7bd6285fa107 204","timestamp":"2026-08-07 15:09:38"}
{"ip":"::1","level":"debug","message":"GET /api/orders/6a75a3d18dab7bd6285fa107 304","timestamp":"2026-08-07 15:09:38"}
{"ip":"::1","level":"debug","message":"OPTIONS /api/orders/6a75a3d18dab7bd6285fa107 204","timestamp":"2026-08-07 15:09:53"}
{"ip":"::1","level":"debug","message":"GET /api/orders/6a75a3d18dab7bd6285fa107 304","timestamp":"2026-08-07 15:09:53"}
{"ip":"::1","level":"debug","message":"OPTIONS /api/orders/6a75a3d18dab7bd6285fa107 204","timestamp":"2026-08-07 15:10:08"}
{"ip":"::1","level":"debug","message":"GET /api/orders/6a75a3d18dab7bd6285fa107 304","timestamp":"2026-08-07 15:10:08"}
{"ip":"::1","level":"debug","message":"OPTIONS /api/orders/6a75a3d18dab7bd6285fa107 204","timestamp":"2026-08-07 15:10:23"}
{"ip":"::1","level":"debug","message":"GET /api/orders/6a75a3d18dab7bd6285fa107 304","timestamp":"2026-08-07 15:10:23"}
{"ip":"::1","level":"debug","message":"OPTIONS /api/orders/6a75a3d18dab7bd6285fa107 204","timestamp":"2026-08-07 15:10:38"}
{"ip":"::1","level":"debug","message":"GET /api/orders/6a75a3d18dab7bd6285fa107 304","timestamp":"2026-08-07 15:10:38"}
{"ip":"::1","level":"debug","message":"OPTIONS /api/orders/6a75a3d18dab7bd6285fa107 204","timestamp":"2026-08-07 15:10:54"}
{"ip":"::1","level":"debug","message":"GET /api/orders/6a75a3d18dab7bd6285fa107 304","timestamp":"2026-08-07 15:10:54"}
{"ip":"::1","level":"debug","message":"OPTIONS /api/orders/6a75a3d18dab7bd6285fa107 204","timestamp":"2026-08-07 15:11:09"}
{"ip":"::1","level":"debug","message":"GET /api/orders/6a75a3d18dab7bd6285fa107 304","timestamp":"2026-08-07 15:11:09"}
{"ip":"::1","level":"debug","message":"OPTIONS /api/orders/6a75a3d18dab7bd6285fa107 204","timestamp":"2026-08-07 15:11:24"}
{"ip":"::1","level":"debug","message":"GET /api/orders/6a75a3d18dab7bd6285fa107 304","timestamp":"2026-08-07 15:11:24"}
{"ip":"::1","level":"debug","message":"OPTIONS /api/orders/6a75a3d18dab7bd6285fa107 204","timestamp":"2026-08-07 15:11:39"}
{"ip":"::1","level":"debug","message":"GET /api/orders/6a75a3d18dab7bd6285fa107 304","timestamp":"2026-08-07 15:11:39"}
{"ip":"::1","level":"debug","message":"OPTIONS /api/orders/6a75a3d18dab7bd6285fa107 204","timestamp":"2026-08-07 15:12:31"}
{"ip":"::1","level":"debug","message":"GET /api/orders/6a75a3d18dab7bd6285fa107 304","timestamp":"2026-08-07 15:12:31"}
{"ip":"::1","level":"debug","message":"OPTIONS /api/orders/6a75a3d18dab7bd6285fa107 204","timestamp":"2026-08-07 15:12:38"}
{"ip":"::1","level":"debug","message":"GET /api/orders/6a75a3d18dab7bd6285fa107 304","timestamp":"2026-08-07 15:12:39"}
{"ip":"::1","level":"debug","message":"OPTIONS /api/orders/6a75a3d18dab7bd6285fa107 204","timestamp":"2026-08-07 15:12:54"}
{"ip":"::1","level":"debug","message":"GET /api/orders/6a75a3d18dab7bd6285fa107 304","timestamp":"2026-08-07 15:12:54"}
{"ip":"::1","level":"debug","message":"OPTIONS /api/orders/6a75a3d18dab7bd6285fa107 204","timestamp":"2026-08-07 15:13:09"}
{"ip":"::1","level":"debug","message":"GET /api/orders/6a75a3d18dab7bd6285fa107 304","timestamp":"2026-08-07 15:13:09"}
{"ip":"::1","level":"debug","message":"OPTIONS /api/orders/6a75a3d18dab7bd6285fa107 204","timestamp":"2026-08-07 15:13:24"}
{"ip":"::1","level":"debug","message":"GET /api/orders/6a75a3d18dab7bd6285fa107 304","timestamp":"2026-08-07 15:13:24"}
{"ip":"::1","level":"debug","message":"OPTIONS /api/orders/6a75a3d18dab7bd6285fa107 204","timestamp":"2026-08-07 15:13:39"}
{"ip":"::1","level":"debug","message":"GET /api/orders/6a75a3d18dab7bd6285fa107 304","timestamp":"2026-08-07 15:13:39"}
{"ip":"::1","level":"debug","message":"OPTIONS /api/orders/6a75a3d18dab7bd6285fa107 204","timestamp":"2026-08-07 15:14:10"}
{"ip":"::1","level":"debug","message":"GET /api/orders/6a75a3d18dab7bd6285fa107 304","timestamp":"2026-08-07 15:14:10"}
{"ip":"::1","level":"debug","message":"OPTIONS /api/orders/6a75a3d18dab7bd6285fa107 204","timestamp":"2026-08-07 15:14:23"}
{"ip":"::1","level":"debug","message":"GET /api/orders/6a75a3d18dab7bd6285fa107 304","timestamp":"2026-08-07 15:14:23"}
{"ip":"::1","level":"debug","message":"OPTIONS /api/orders/6a75a3d18dab7bd6285fa107 204","timestamp":"2026-08-07 15:14:38"}
{"ip":"::1","level":"debug","message":"GET /api/orders/6a75a3d18dab7bd6285fa107 304","timestamp":"2026-08-07 15:14:38"}
{"ip":"::1","level":"debug","message":"OPTIONS /api/orders/mine 204","timestamp":"2026-08-07 15:14:45"}
{"ip":"::1","level":"debug","message":"GET /api/orders/mine 200","timestamp":"2026-08-07 15:14:45"}
{"ip":"::1","level":"debug","message":"GET /api/orders/mine 304","timestamp":"2026-08-07 15:14:45"}
{"ip":"::1","level":"debug","message":"OPTIONS /api/orders/Order%20ORD-20260807-7357 204","timestamp":"2026-08-07 15:14:51"}
{"ip":"::1","level":"debug","message":"GET /api/orders/Order%20ORD-20260807-7357 404","timestamp":"2026-08-07 15:14:51"}
{"ip":"::1","level":"debug","message":"OPTIONS /api/orders/ORD-20260807-7357 204","timestamp":"2026-08-07 15:14:54"}
{"ip":"::1","level":"debug","message":"GET /api/orders/ORD-20260807-7357 404","timestamp":"2026-08-07 15:14:54"}
{"ip":"::1","level":"debug","message":"GET /api/orders/ORD-20260807-7357 404","timestamp":"2026-08-07 15:14:56"}
{"ip":"::1","level":"debug","message":"GET /api/orders/ORD-20260807-7357 404","timestamp":"2026-08-07 15:14:56"}
{"ip":"::1","level":"debug","message":"GET /api/orders/ORD-20260807-7357 404","timestamp":"2026-08-07 15:14:56"}
{"ip":"::1","level":"debug","message":"GET /api/orders/ORD-20260807-7357 404","timestamp":"2026-08-07 15:14:56"}
{"ip":"::1","level":"debug","message":"GET /api/orders/ORD-20260807-7357 404","timestamp":"2026-08-07 15:14:57"}
{"ip":"::1","level":"debug","message":"OPTIONS /api/orders/20260807-7357 204","timestamp":"2026-08-07 15:15:00"}
{"ip":"::1","level":"debug","message":"GET /api/orders/20260807-7357 404","timestamp":"2026-08-07 15:15:00"}
{"ip":"::1","level":"debug","message":"OPTIONS /api/orders/20260807-7357 204","timestamp":"2026-08-07 15:15:32"}
{"ip":"::1","level":"debug","message":"GET /api/orders/20260807-7357 404","timestamp":"2026-08-07 15:15:32"}
{"ip":"::1","level":"debug","message":"GET /api/orders/20260807-7357 404","timestamp":"2026-08-07 15:15:32"}
{"ip":"::1","level":"debug","message":"GET /api/orders/20260807-7357 404","timestamp":"2026-08-07 15:15:32"}
{"ip":"::1","level":"debug","message":"GET /api/orders/20260807-7357 404","timestamp":"2026-08-07 15:15:33"}
{"ip":"::1","level":"debug","message":"OPTIONS /api/orders/mine 204","timestamp":"2026-08-07 15:16:34"}
{"ip":"::1","level":"debug","message":"GET /api/orders/mine 200","timestamp":"2026-08-07 15:16:34"}
{"ip":"::1","level":"debug","message":"GET /api/orders/mine 304","timestamp":"2026-08-07 15:16:34"}
{"ip":"::1","level":"debug","message":"OPTIONS /api/orders/Order%20ORD-20260807-7357 204","timestamp":"2026-08-07 15:16:39"}
{"ip":"::1","level":"debug","message":"GET /api/orders/Order%20ORD-20260807-7357 404","timestamp":"2026-08-07 15:16:39"}
{"ip":"::1","level":"debug","message":"OPTIONS /api/orders/ORD-20260807-7357 204","timestamp":"2026-08-07 15:17:01"}
{"ip":"::1","level":"debug","message":"GET /api/orders/ORD-20260807-7357 404","timestamp":"2026-08-07 15:17:01"}
{"ip":"::1","level":"debug","message":"GET /api/orders/ORD-20260807-7357 404","timestamp":"2026-08-07 15:17:02"}
{"ip":"::1","level":"debug","message":"GET /api/orders/ORD-20260807-7357 404","timestamp":"2026-08-07 15:17:02"}
{"ip":"::1","level":"debug","message":"GET /api/orders/ORD-20260807-7357 404","timestamp":"2026-08-07 15:17:03"}
{"ip":"::1","level":"debug","message":"GET /api/orders/ORD-20260807-7357 404","timestamp":"2026-08-07 15:17:03"}
{"ip":"::1","level":"debug","message":"GET /api/orders/ORD-20260807-7357 404","timestamp":"2026-08-07 15:17:03"}
{"ip":"::1","level":"debug","message":"GET /api/orders/ORD-20260807-7357 404","timestamp":"2026-08-07 15:17:03"}
{"ip":"::1","level":"debug","message":"GET /api/orders/ORD-20260807-7357 404","timestamp":"2026-08-07 15:17:03"}
{"ip":"::1","level":"debug","message":"GET /api/orders/ORD-20260807-7357 404","timestamp":"2026-08-07 15:17:03"}
{"ip":"::1","level":"debug","message":"GET /api/orders/ORD-20260807-7357 404","timestamp":"2026-08-07 15:17:03"}
{"ip":"::1","level":"debug","message":"GET /api/orders/ORD-20260807-7357 404","timestamp":"2026-08-07 15:17:03"}
{"ip":"::1","level":"debug","message":"GET /api/orders/ORD-20260807-7357 404","timestamp":"2026-08-07 15:17:04"}
{"ip":"::1","level":"debug","message":"GET /api/orders/ORD-20260807-7357 404","timestamp":"2026-08-07 15:17:04"}
{"ip":"::1","level":"debug","message":"GET /api/orders/ORD-20260807-7357 404","timestamp":"2026-08-07 15:17:04"}
{"ip":"::1","level":"debug","message":"GET /api/orders/ORD-20260807-7357 404","timestamp":"2026-08-07 15:17:04"}
{"ip":"::1","level":"debug","message":"GET /api/orders/ORD-20260807-7357 404","timestamp":"2026-08-07 15:17:04"}
{"ip":"::1","level":"debug","message":"GET /api/orders/ORD-20260807-7357 404","timestamp":"2026-08-07 15:17:04"}
{"ip":"::1","level":"debug","message":"GET /api/orders/ORD-20260807-7357 404","timestamp":"2026-08-07 15:17:04"}
{"ip":"::1","level":"debug","message":"GET /api/orders/ORD-20260807-7357 404","timestamp":"2026-08-07 15:17:05"}
{"ip":"::1","level":"debug","message":"GET /api/orders/ORD-20260807-7357 404","timestamp":"2026-08-07 15:17:05"}
{"ip":"::1","level":"debug","message":"GET /api/orders/ORD-20260807-7357 404","timestamp":"2026-08-07 15:17:05"}
{"ip":"::1","level":"debug","message":"GET /api/orders/ORD-20260807-7357 404","timestamp":"2026-08-07 15:17:05"}
{"ip":"::1","level":"debug","message":"GET /api/orders/ORD-20260807-7357 404","timestamp":"2026-08-07 15:17:05"}
{"ip":"::1","level":"debug","message":"GET /api/orders/ORD-20260807-7357 404","timestamp":"2026-08-07 15:17:05"}
{"ip":"::1","level":"debug","message":"GET /api/orders/ORD-20260807-7357 404","timestamp":"2026-08-07 15:17:06"}
{"ip":"::1","level":"debug","message":"OPTIONS /api/auth/me 204","timestamp":"2026-08-07 15:34:27"}
{"ip":"::1","level":"debug","message":"GET /api/auth/me 304","timestamp":"2026-08-07 15:34:28"}
{"ip":"::1","level":"debug","message":"GET / 200","timestamp":"2026-08-07 15:34:37"}
{"ip":"::1","level":"debug","message":"GET /favicon.ico 404","timestamp":"2026-08-07 15:34:37"}
{"ip":"::1","level":"debug","message":"GET /api 404","timestamp":"2026-08-07 15:34:48"}
{"ip":"::1","level":"debug","message":"GET /api/orders 401","timestamp":"2026-08-07 15:35:06"}
{"ip":"::1","level":"debug","message":"GET /api/orders/slots 200","timestamp":"2026-08-07 15:35:48"}
{"ip":"::1","level":"debug","message":"GET /api/orders/slots 304","timestamp":"2026-08-07 15:35:48"}
{"ip":"::1","level":"debug","message":"GET /api/coupons 304","timestamp":"2026-08-07 15:35:48"}
{"ip":"::1","level":"debug","message":"GET /api/coupons 304","timestamp":"2026-08-07 15:35:48"}
{"ip":"::1","level":"debug","message":"GET /api/menu 304","timestamp":"2026-08-07 15:35:48"}
{"ip":"::1","level":"debug","message":"GET /api/menu 304","timestamp":"2026-08-07 15:35:48"}
{"ip":"::1","level":"debug","message":"GET /uploads/panjabi%20thali1.jpg 200","timestamp":"2026-08-07 15:35:48"}
{"ip":"::1","level":"debug","message":"OPTIONS /api/auth/me 204","timestamp":"2026-08-07 15:50:45"}
{"ip":"::1","level":"debug","message":"GET /api/auth/me 304","timestamp":"2026-08-07 15:50:45"}
{"ip":"::1","level":"debug","message":"OPTIONS /api/orders/mine 204","timestamp":"2026-08-07 15:50:45"}
{"ip":"::1","level":"debug","message":"GET /api/orders/mine 304","timestamp":"2026-08-07 15:50:45"}
{"ip":"::1","level":"debug","message":"OPTIONS /api/auth/me 204","timestamp":"2026-08-07 15:50:47"}
{"ip":"::1","level":"debug","message":"GET /api/auth/me 304","timestamp":"2026-08-07 15:50:47"}
{"ip":"::1","level":"debug","message":"OPTIONS /api/orders/mine 204","timestamp":"2026-08-07 15:50:47"}
{"ip":"::1","level":"debug","message":"GET /api/orders/mine 304","timestamp":"2026-08-07 15:50:47"}
{"ip":"::1","level":"debug","message":"GET /api/auth/me 304","timestamp":"2026-08-07 15:50:47"}
{"ip":"::1","level":"debug","message":"GET /api/orders/slots 304","timestamp":"2026-08-07 15:50:47"}
{"ip":"::1","level":"debug","message":"GET /api/coupons 304","timestamp":"2026-08-07 15:50:47"}
{"ip":"::1","level":"debug","message":"GET /api/menu 304","timestamp":"2026-08-07 15:50:47"}
{"ip":"::1","level":"debug","message":"GET /api/auth/me 304","timestamp":"2026-08-07 15:50:47"}
{"ip":"::1","level":"debug","message":"OPTIONS /api/auth/me 204","timestamp":"2026-08-07 15:53:43"}
{"ip":"::1","level":"debug","message":"GET /api/auth/me 304","timestamp":"2026-08-07 15:53:43"}
{"ip":"::1","level":"debug","message":"OPTIONS /api/orders/mine 204","timestamp":"2026-08-07 15:53:44"}
{"ip":"::1","level":"debug","message":"GET /api/orders/mine 304","timestamp":"2026-08-07 15:53:44"}
{"ip":"::1","level":"debug","message":"GET /api/auth/me 304","timestamp":"2026-08-07 15:53:44"}
{"ip":"::1","level":"debug","message":"OPTIONS /api/auth/me 204","timestamp":"2026-08-07 15:53:44"}
{"ip":"::1","level":"debug","message":"GET /api/auth/me 304","timestamp":"2026-08-07 15:53:44"}
{"ip":"::1","level":"debug","message":"OPTIONS /api/orders/mine 204","timestamp":"2026-08-07 15:53:44"}
{"ip":"::1","level":"debug","message":"GET /api/orders/mine 304","timestamp":"2026-08-07 15:53:44"}
{"ip":"::1","level":"debug","message":"GET /api/coupons 304","timestamp":"2026-08-07 15:53:45"}
{"ip":"::1","level":"debug","message":"GET /api/menu 304","timestamp":"2026-08-07 15:53:45"}
{"ip":"::1","level":"debug","message":"GET /api/orders/slots 304","timestamp":"2026-08-07 15:53:45"}
{"ip":"::1","level":"debug","message":"GET /api/auth/me 304","timestamp":"2026-08-07 15:53:45"}
{"ip":"::1","level":"debug","message":"OPTIONS /api/auth/me 204","timestamp":"2026-08-07 15:54:07"}
{"ip":"::1","level":"debug","message":"OPTIONS /api/orders/mine 204","timestamp":"2026-08-07 15:54:07"}
{"ip":"::1","level":"debug","message":"GET /api/auth/me 304","timestamp":"2026-08-07 15:54:07"}
{"ip":"::1","level":"debug","message":"GET /api/orders/mine 304","timestamp":"2026-08-07 15:54:07"}
{"ip":"::1","level":"debug","message":"OPTIONS /api/admin/stats 204","timestamp":"2026-08-07 15:57:47"}
{"ip":"::1","level":"debug","message":"GET /api/admin/stats 200","timestamp":"2026-08-07 15:57:47"}
{"ip":"::1","level":"debug","message":"OPTIONS /api/admin/activity 204","timestamp":"2026-08-07 15:57:53"}
{"ip":"::1","level":"debug","message":"OPTIONS /api/admin/activity 204","timestamp":"2026-08-07 15:57:53"}
{"ip":"::1","level":"debug","message":"GET /api/admin/activity 200","timestamp":"2026-08-07 15:57:53"}
{"ip":"::1","level":"debug","message":"GET /api/admin/activity 304","timestamp":"2026-08-07 15:57:53"}
{"ip":"::1","level":"debug","message":"OPTIONS /api/auth/me 204","timestamp":"2026-08-07 16:10:28"}
{"ip":"::1","level":"debug","message":"GET /api/auth/me 304","timestamp":"2026-08-07 16:10:28"}
{"ip":"::1","level":"debug","message":"OPTIONS /api/auth/me 204","timestamp":"2026-08-07 16:10:51"}
{"ip":"::1","level":"debug","message":"GET /api/auth/me 304","timestamp":"2026-08-07 16:10:51"}
{"ip":"::1","level":"debug","message":"OPTIONS /api/auth/me 204","timestamp":"2026-08-07 16:11:05"}
{"ip":"::1","level":"debug","message":"GET /api/auth/me 304","timestamp":"2026-08-07 16:11:05"}
{"ip":"::1","level":"debug","message":"OPTIONS /api/orders/mine 204","timestamp":"2026-08-07 16:11:05"}
{"ip":"::1","level":"debug","message":"GET /api/orders/mine 304","timestamp":"2026-08-07 16:11:05"}
{"ip":"::1","level":"debug","message":"GET /api/auth/me 304","timestamp":"2026-08-07 16:11:06"}
{"ip":"::1","level":"debug","message":"GET /api/orders/slots 200","timestamp":"2026-08-07 16:11:06"}
{"ip":"::1","level":"debug","message":"GET /api/coupons 304","timestamp":"2026-08-07 16:11:06"}
{"ip":"::1","level":"debug","message":"GET /api/auth/me 304","timestamp":"2026-08-07 16:11:06"}
{"ip":"::1","level":"debug","message":"GET /api/menu 304","timestamp":"2026-08-07 16:11:06"}
{"ip":"::1","level":"debug","message":"OPTIONS /api/auth/me 204","timestamp":"2026-08-07 16:12:20"}
{"ip":"::1","level":"debug","message":"GET /api/auth/me 304","timestamp":"2026-08-07 16:12:20"}
{"ip":"::1","level":"debug","message":"OPTIONS /api/orders/mine 204","timestamp":"2026-08-07 16:12:20"}
{"ip":"::1","level":"debug","message":"GET /api/orders/mine 304","timestamp":"2026-08-07 16:12:20"}
{"ip":"::1","level":"debug","message":"OPTIONS /api/auth/me 204","timestamp":"2026-08-07 16:12:51"}
{"ip":"::1","level":"debug","message":"GET /api/auth/me 304","timestamp":"2026-08-07 16:12:51"}
{"ip":"::1","level":"debug","message":"OPTIONS /api/auth/me 204","timestamp":"2026-08-07 16:14:35"}
{"ip":"::1","level":"debug","message":"GET /api/auth/me 304","timestamp":"2026-08-07 16:14:35"}
{"ip":"::1","level":"debug","message":"OPTIONS /api/admin/stats 204","timestamp":"2026-08-07 16:15:16"}
{"ip":"::1","level":"debug","message":"GET /api/admin/stats 304","timestamp":"2026-08-07 16:15:16"}
{"ip":"::1","level":"debug","message":"OPTIONS /api/admin/stats 204","timestamp":"2026-08-07 16:16:38"}
{"ip":"::1","level":"debug","message":"GET /api/admin/stats 304","timestamp":"2026-08-07 16:16:39"}
{"ip":"::1","level":"debug","message":"OPTIONS /api/admin/stats 204","timestamp":"2026-08-07 16:18:05"}
{"ip":"::1","level":"debug","message":"GET /api/admin/stats 304","timestamp":"2026-08-07 16:18:05"}
{"ip":"::1","level":"debug","message":"OPTIONS /api/admin/stats 204","timestamp":"2026-08-07 16:19:39"}
{"ip":"::1","level":"debug","message":"GET /api/admin/stats 304","timestamp":"2026-08-07 16:19:39"}
{"ip":"::1","level":"debug","message":"OPTIONS /api/auth/me 204","timestamp":"2026-08-07 16:19:47"}
{"ip":"::1","level":"debug","message":"GET /api/auth/me 304","timestamp":"2026-08-07 16:19:47"}
{"ip":"::1","level":"debug","message":"OPTIONS /api/auth/me 204","timestamp":"2026-08-07 16:20:31"}
{"ip":"::1","level":"debug","message":"GET /api/auth/me 304","timestamp":"2026-08-07 16:20:31"}
{"ip":"::1","level":"debug","message":"OPTIONS /api/admin/stats 204","timestamp":"2026-08-07 16:20:58"}
{"ip":"::1","level":"debug","message":"GET /api/admin/stats 304","timestamp":"2026-08-07 16:20:58"}
{"ip":"::1","level":"debug","message":"OPTIONS /api/admin/stats 204","timestamp":"2026-08-07 16:21:17"}
{"ip":"::1","level":"debug","message":"GET /api/admin/stats 304","timestamp":"2026-08-07 16:21:17"}
{"ip":"::1","level":"debug","message":"GET /api/orders/slots 304","timestamp":"2026-08-07 16:22:29"}
{"ip":"::1","level":"debug","message":"GET /api/orders/slots 304","timestamp":"2026-08-07 16:22:29"}
{"ip":"::1","level":"debug","message":"GET /api/coupons 304","timestamp":"2026-08-07 16:22:29"}
{"ip":"::1","level":"debug","message":"GET /api/menu 304","timestamp":"2026-08-07 16:22:29"}
{"ip":"::1","level":"debug","message":"GET /api/coupons 304","timestamp":"2026-08-07 16:22:29"}
{"ip":"::1","level":"debug","message":"GET /api/menu 304","timestamp":"2026-08-07 16:22:29"}
{"ip":"::1","level":"debug","message":"OPTIONS /api/orders 204","timestamp":"2026-08-07 16:22:38"}
{"ip":"::1","level":"debug","message":"POST /api/orders 201","timestamp":"2026-08-07 16:22:39"}
{"ip":"::1","level":"debug","message":"OPTIONS /api/payments/create 204","timestamp":"2026-08-07 16:22:39"}
{"ip":"::1","level":"debug","message":"POST /api/payments/create 200","timestamp":"2026-08-07 16:22:39"}
{"ip":"::1","level":"debug","message":"OPTIONS /api/orders/6a75b8f68dab7bd6285fa159 204","timestamp":"2026-08-07 16:22:40"}
{"ip":"::1","level":"debug","message":"GET /api/orders/6a75b8f68dab7bd6285fa159 200","timestamp":"2026-08-07 16:22:40"}
{"ip":"::1","level":"debug","message":"GET /api/orders/6a75b8f68dab7bd6285fa159 304","timestamp":"2026-08-07 16:22:40"}
{"ip":"::1","level":"debug","message":"OPTIONS /api/orders/mine 204","timestamp":"2026-08-07 16:22:55"}
{"ip":"::1","level":"debug","message":"GET /api/orders/mine 200","timestamp":"2026-08-07 16:22:55"}
{"ip":"::1","level":"debug","message":"GET /api/orders/mine 304","timestamp":"2026-08-07 16:22:55"}
{"ip":"::1","level":"debug","message":"OPTIONS /api/orders/ORD-20260807-5262 204","timestamp":"2026-08-07 16:22:58"}
{"ip":"::1","level":"debug","message":"GET /api/orders/ORD-20260807-5262 404","timestamp":"2026-08-07 16:22:58"}
{"ip":"::1","level":"debug","message":"GET /api/orders/slots 304","timestamp":"2026-08-07 16:23:07"}
{"ip":"::1","level":"debug","message":"GET /api/menu 304","timestamp":"2026-08-07 16:23:07"}
{"ip":"::1","level":"debug","message":"GET /api/coupons 304","timestamp":"2026-08-07 16:23:07"}
{"ip":"::1","level":"debug","message":"GET /api/orders/slots 304","timestamp":"2026-08-07 16:23:07"}
{"ip":"::1","level":"debug","message":"GET /api/coupons 304","timestamp":"2026-08-07 16:23:07"}
{"ip":"::1","level":"debug","message":"GET /api/menu 304","timestamp":"2026-08-07 16:23:07"}
{"ip":"::1","level":"debug","message":"OPTIONS /api/orders/mine 204","timestamp":"2026-08-07 16:23:12"}
{"ip":"::1","level":"debug","message":"GET /api/orders/mine 304","timestamp":"2026-08-07 16:23:12"}
{"ip":"::1","level":"debug","message":"GET /api/orders/mine 304","timestamp":"2026-08-07 16:23:12"}
{"ip":"::1","level":"debug","message":"OPTIONS /api/orders/6a7597a0bb590039adc6fb85 204","timestamp":"2026-08-07 16:23:14"}
{"ip":"::1","level":"debug","message":"GET /api/orders/6a7597a0bb590039adc6fb85 200","timestamp":"2026-08-07 16:23:14"}
{"ip":"::1","level":"debug","message":"OPTIONS /api/orders/6a7597a0bb590039adc6fb85 204","timestamp":"2026-08-07 16:23:23"}
{"ip":"::1","level":"debug","message":"GET /api/orders/6a7597a0bb590039adc6fb85 304","timestamp":"2026-08-07 16:23:23"}
{"ip":"::1","level":"debug","message":"OPTIONS /api/orders/ORD-20260807-5262 204","timestamp":"2026-08-07 16:23:29"}
{"ip":"::1","level":"debug","message":"GET /api/orders/ORD-20260807-5262 404","timestamp":"2026-08-07 16:23:29"}
{"ip":"::1","level":"debug","message":"GET /api/orders/ORD-20260807-5262 404","timestamp":"2026-08-07 16:23:30"}
{"ip":"::1","level":"debug","message":"GET /api/orders/ORD-20260807-5262 404","timestamp":"2026-08-07 16:23:30"}
{"ip":"::1","level":"debug","message":"OPTIONS /api/admin/stats 204","timestamp":"2026-08-07 16:23:40"}
{"ip":"::1","level":"debug","message":"GET /api/admin/stats 200","timestamp":"2026-08-07 16:23:40"}
{"ip":"::1","level":"debug","message":"OPTIONS /api/orders/all 204","timestamp":"2026-08-07 16:23:44"}
{"ip":"::1","level":"debug","message":"OPTIONS /api/orders/all 204","timestamp":"2026-08-07 16:23:44"}
{"ip":"::1","level":"debug","message":"GET /api/orders/all 404","timestamp":"2026-08-07 16:23:44"}
{"ip":"::1","level":"debug","message":"GET /api/orders/all 404","timestamp":"2026-08-07 16:23:44"}
{"level":"info","message":"🚀 Server running on port 5000","timestamp":"2026-08-07 16:24:42"}
{"ip":"::1","level":"debug","message":"OPTIONS /api/auth/me 204","timestamp":"2026-08-07 16:25:02"}
{"ip":"::1","level":"debug","message":"GET /api/auth/me 304","timestamp":"2026-08-07 16:25:02"}
{"ip":"::1","level":"debug","message":"OPTIONS /api/orders/all 204","timestamp":"2026-08-07 16:25:02"}
{"ip":"::1","level":"debug","message":"GET /api/orders/all 404","timestamp":"2026-08-07 16:25:02"}
{"ip":"::1","level":"debug","message":"GET /api/orders/all 404","timestamp":"2026-08-07 16:25:02"}
{"ip":"::1","level":"debug","message":"OPTIONS /api/auth/me 204","timestamp":"2026-08-07 16:26:15"}
{"ip":"::1","level":"debug","message":"GET /api/auth/me 200","timestamp":"2026-08-07 16:26:15"}
{"ip":"::1","level":"debug","message":"OPTIONS /api/orders/mine 204","timestamp":"2026-08-07 16:26:15"}
{"ip":"::1","level":"debug","message":"GET /api/orders/mine 200","timestamp":"2026-08-07 16:26:15"}
{"ip":"::1","level":"debug","message":"GET /uploads/gujratithali.png 200","timestamp":"2026-08-07 16:26:15"}
{"ip":"::1","level":"debug","message":"GET /api/orders/slots 200","timestamp":"2026-08-07 16:26:18"}
{"ip":"::1","level":"debug","message":"GET /api/coupons 200","timestamp":"2026-08-07 16:26:18"}
{"ip":"::1","level":"debug","message":"GET /api/orders/slots 304","timestamp":"2026-08-07 16:26:18"}
{"ip":"::1","level":"debug","message":"GET /api/coupons 304","timestamp":"2026-08-07 16:26:18"}
{"ip":"::1","level":"debug","message":"GET /api/menu 200","timestamp":"2026-08-07 16:26:18"}
{"ip":"::1","level":"debug","message":"GET /api/menu 304","timestamp":"2026-08-07 16:26:18"}
{"ip":"::1","level":"debug","message":"GET /uploads/panjabi%20thali1.jpg 200","timestamp":"2026-08-07 16:26:18"}
{"ip":"::1","level":"debug","message":"GET /api/orders/slots 304","timestamp":"2026-08-07 16:27:16"}
{"ip":"::1","level":"debug","message":"GET /api/orders/slots 304","timestamp":"2026-08-07 16:27:16"}
{"ip":"::1","level":"debug","message":"GET /api/menu 304","timestamp":"2026-08-07 16:27:16"}
{"ip":"::1","level":"debug","message":"GET /api/coupons 304","timestamp":"2026-08-07 16:27:16"}
{"ip":"::1","level":"debug","message":"GET /api/coupons 304","timestamp":"2026-08-07 16:27:16"}
{"ip":"::1","level":"debug","message":"GET /api/menu 304","timestamp":"2026-08-07 16:27:16"}
{"ip":"::1","level":"debug","message":"GET /api/orders/delivery-check?pincode=100001 200","timestamp":"2026-08-07 16:27:57"}
{"ip":"::1","level":"debug","message":"OPTIONS /api/orders 204","timestamp":"2026-08-07 16:28:01"}
{"ip":"::1","level":"debug","message":"POST /api/orders 201","timestamp":"2026-08-07 16:28:02"}
{"ip":"::1","level":"debug","message":"OPTIONS /api/payments/create 204","timestamp":"2026-08-07 16:28:02"}
{"ip":"::1","level":"debug","message":"POST /api/payments/create 200","timestamp":"2026-08-07 16:28:02"}
{"ip":"::1","level":"debug","message":"OPTIONS /api/orders/6a75ba3abe1a80e44fcad4d6 204","timestamp":"2026-08-07 16:28:02"}
{"ip":"::1","level":"debug","message":"OPTIONS /api/orders/6a75ba3abe1a80e44fcad4d6 204","timestamp":"2026-08-07 16:28:02"}
{"ip":"::1","level":"debug","message":"GET /api/orders/6a75ba3abe1a80e44fcad4d6 200","timestamp":"2026-08-07 16:28:02"}
{"ip":"::1","level":"debug","message":"GET /api/orders/6a75ba3abe1a80e44fcad4d6 304","timestamp":"2026-08-07 16:28:02"}
{"ip":"::1","level":"debug","message":"OPTIONS /api/auth/me 204","timestamp":"2026-08-07 16:28:08"}
{"ip":"::1","level":"debug","message":"GET /api/auth/me 304","timestamp":"2026-08-07 16:28:08"}
{"ip":"::1","level":"debug","message":"OPTIONS /api/orders/all 204","timestamp":"2026-08-07 16:28:08"}
{"ip":"::1","level":"debug","message":"GET /api/orders/all 404","timestamp":"2026-08-07 16:28:08"}
{"ip":"::1","level":"debug","message":"GET /api/orders/all 404","timestamp":"2026-08-07 16:28:08"}
{"ip":"::1","level":"debug","message":"OPTIONS /api/auth/logout 204","timestamp":"2026-08-07 16:28:16"}
{"ip":"::1","level":"debug","message":"POST /api/auth/logout 200","timestamp":"2026-08-07 16:28:16"}
{"ip":"::1","level":"debug","message":"OPTIONS /api/orders/6a75ba3abe1a80e44fcad4d6 204","timestamp":"2026-08-07 16:28:18"}
{"ip":"::1","level":"debug","message":"GET /api/orders/6a75ba3abe1a80e44fcad4d6 304","timestamp":"2026-08-07 16:28:18"}
{"ip":"::1","level":"debug","message":"OPTIONS /api/auth/login 204","timestamp":"2026-08-07 16:28:25"}
{"ip":"::1","level":"debug","message":"POST /api/auth/login 200","timestamp":"2026-08-07 16:28:26"}
{"ip":"::1","level":"debug","message":"OPTIONS /api/admin/stats 204","timestamp":"2026-08-07 16:28:29"}
{"ip":"::1","level":"debug","message":"GET /api/admin/stats 200","timestamp":"2026-08-07 16:28:29"}
{"ip":"::1","level":"debug","message":"OPTIONS /api/orders/6a75ba3abe1a80e44fcad4d6 204","timestamp":"2026-08-07 16:28:33"}
{"ip":"::1","level":"debug","message":"GET /api/orders/6a75ba3abe1a80e44fcad4d6 304","timestamp":"2026-08-07 16:28:33"}
{"ip":"::1","level":"debug","message":"OPTIONS /api/orders/all 204","timestamp":"2026-08-07 16:28:36"}
{"ip":"::1","level":"debug","message":"OPTIONS /api/orders/all 204","timestamp":"2026-08-07 16:28:36"}
{"ip":"::1","level":"debug","message":"GET /api/orders/all 404","timestamp":"2026-08-07 16:28:36"}
{"ip":"::1","level":"debug","message":"GET /api/orders/all 404","timestamp":"2026-08-07 16:28:36"}
{"ip":"::1","level":"debug","message":"OPTIONS /api/orders/6a75ba3abe1a80e44fcad4d6 204","timestamp":"2026-08-07 16:28:47"}
{"ip":"::1","level":"debug","message":"GET /api/orders/6a75ba3abe1a80e44fcad4d6 304","timestamp":"2026-08-07 16:28:47"}
{"ip":"::1","level":"debug","message":"OPTIONS /api/orders/6a75ba3abe1a80e44fcad4d6 204","timestamp":"2026-08-07 16:29:02"}
{"ip":"::1","level":"debug","message":"GET /api/orders/6a75ba3abe1a80e44fcad4d6 304","timestamp":"2026-08-07 16:29:02"}
{"ip":"::1","level":"debug","message":"OPTIONS /api/orders/6a75ba3abe1a80e44fcad4d6 204","timestamp":"2026-08-07 16:29:17"}
{"ip":"::1","level":"debug","message":"GET /api/orders/6a75ba3abe1a80e44fcad4d6 304","timestamp":"2026-08-07 16:29:17"}
{"ip":"::1","level":"debug","message":"OPTIONS /api/orders/6a75ba3abe1a80e44fcad4d6 204","timestamp":"2026-08-07 16:29:32"}
{"ip":"::1","level":"debug","message":"GET /api/orders/6a75ba3abe1a80e44fcad4d6 304","timestamp":"2026-08-07 16:29:32"}
{"level":"info","message":"🚀 Server running on port 5000","timestamp":"2026-08-07 16:29:38"}
{"ip":"::1","level":"debug","message":"OPTIONS /api/orders/6a75ba3abe1a80e44fcad4d6 204","timestamp":"2026-08-07 16:29:47"}
{"ip":"::1","level":"debug","message":"GET /api/orders/6a75ba3abe1a80e44fcad4d6 304","timestamp":"2026-08-07 16:29:47"}
{"ip":"::1","level":"debug","message":"OPTIONS /api/orders/6a75ba3abe1a80e44fcad4d6 204","timestamp":"2026-08-07 16:30:02"}
{"ip":"::1","level":"debug","message":"GET /api/orders/6a75ba3abe1a80e44fcad4d6 304","timestamp":"2026-08-07 16:30:02"}
{"ip":"::1","level":"debug","message":"OPTIONS /api/orders/6a75ba3abe1a80e44fcad4d6 204","timestamp":"2026-08-07 16:30:17"}
{"ip":"::1","level":"debug","message":"GET /api/orders/6a75ba3abe1a80e44fcad4d6 304","timestamp":"2026-08-07 16:30:17"}
{"ip":"::1","level":"debug","message":"OPTIONS /api/orders/6a75ba3abe1a80e44fcad4d6 204","timestamp":"2026-08-07 16:30:32"}
{"ip":"::1","level":"debug","message":"GET /api/orders/6a75ba3abe1a80e44fcad4d6 304","timestamp":"2026-08-07 16:30:32"}
{"ip":"::1","level":"debug","message":"OPTIONS /api/orders/6a75ba3abe1a80e44fcad4d6 204","timestamp":"2026-08-07 16:30:47"}
{"ip":"::1","level":"debug","message":"GET /api/orders/6a75ba3abe1a80e44fcad4d6 304","timestamp":"2026-08-07 16:30:47"}
{"ip":"::1","level":"debug","message":"OPTIONS /api/auth/me 204","timestamp":"2026-08-07 16:30:59"}
{"ip":"::1","level":"debug","message":"GET /api/auth/me 304","timestamp":"2026-08-07 16:30:59"}
{"ip":"::1","level":"debug","message":"OPTIONS /api/orders/all 204","timestamp":"2026-08-07 16:30:59"}
{"ip":"::1","level":"debug","message":"OPTIONS /api/orders/all 204","timestamp":"2026-08-07 16:30:59"}
{"ip":"::1","level":"debug","message":"GET /api/orders/all 404","timestamp":"2026-08-07 16:30:59"}
{"ip":"::1","level":"debug","message":"GET /api/orders/all 404","timestamp":"2026-08-07 16:30:59"}
{"ip":"::1","level":"debug","message":"OPTIONS /api/orders/6a75ba3abe1a80e44fcad4d6 204","timestamp":"2026-08-07 16:31:02"}
{"ip":"::1","level":"debug","message":"GET /api/orders/6a75ba3abe1a80e44fcad4d6 304","timestamp":"2026-08-07 16:31:02"}
{"ip":"::1","level":"debug","message":"OPTIONS /api/orders/6a75ba3abe1a80e44fcad4d6 204","timestamp":"2026-08-07 16:31:17"}
{"ip":"::1","level":"debug","message":"GET /api/orders/6a75ba3abe1a80e44fcad4d6 304","timestamp":"2026-08-07 16:31:17"}
{"ip":"::1","level":"debug","message":"OPTIONS /api/orders/6a75ba3abe1a80e44fcad4d6 204","timestamp":"2026-08-07 16:31:32"}
{"ip":"::1","level":"debug","message":"GET /api/orders/6a75ba3abe1a80e44fcad4d6 304","timestamp":"2026-08-07 16:31:32"}
{"ip":"::1","level":"debug","message":"OPTIONS /api/orders/6a75ba3abe1a80e44fcad4d6 204","timestamp":"2026-08-07 16:31:47"}
{"ip":"::1","level":"debug","message":"GET /api/orders/6a75ba3abe1a80e44fcad4d6 304","timestamp":"2026-08-07 16:31:47"}
{"ip":"::1","level":"debug","message":"OPTIONS /api/orders/6a75ba3abe1a80e44fcad4d6 204","timestamp":"2026-08-07 16:32:02"}
{"ip":"::1","level":"debug","message":"GET /api/orders/6a75ba3abe1a80e44fcad4d6 304","timestamp":"2026-08-07 16:32:02"}
{"level":"info","message":"🚀 Server running on port 5000","timestamp":"2026-08-07 16:32:10"}
{"ip":"::1","level":"debug","message":"OPTIONS /api/orders/6a75ba3abe1a80e44fcad4d6 204","timestamp":"2026-08-07 16:32:17"}
{"ip":"::1","level":"debug","message":"GET /api/orders/6a75ba3abe1a80e44fcad4d6 304","timestamp":"2026-08-07 16:32:17"}
{"ip":"::1","level":"debug","message":"OPTIONS /api/orders/6a75ba3abe1a80e44fcad4d6 204","timestamp":"2026-08-07 16:32:32"}
{"ip":"::1","level":"debug","message":"GET /api/orders/6a75ba3abe1a80e44fcad4d6 304","timestamp":"2026-08-07 16:32:32"}
{"ip":"::1","level":"debug","message":"OPTIONS /api/orders/6a75ba3abe1a80e44fcad4d6 204","timestamp":"2026-08-07 16:32:47"}
{"ip":"::1","level":"debug","message":"GET /api/orders/6a75ba3abe1a80e44fcad4d6 304","timestamp":"2026-08-07 16:32:47"}
{"ip":"::1","level":"debug","message":"OPTIONS /api/orders/6a75ba3abe1a80e44fcad4d6 204","timestamp":"2026-08-07 16:33:02"}
{"ip":"::1","level":"debug","message":"GET /api/orders/6a75ba3abe1a80e44fcad4d6 304","timestamp":"2026-08-07 16:33:02"}
{"ip":"::1","level":"debug","message":"OPTIONS /api/orders/6a75ba3abe1a80e44fcad4d6 204","timestamp":"2026-08-07 16:33:18"}
{"ip":"::1","level":"debug","message":"GET /api/orders/6a75ba3abe1a80e44fcad4d6 304","timestamp":"2026-08-07 16:33:18"}
{"ip":"::1","level":"debug","message":"OPTIONS /api/admin/stats 204","timestamp":"2026-08-07 16:33:23"}
{"ip":"::1","level":"debug","message":"GET /api/admin/stats 304","timestamp":"2026-08-07 16:33:23"}
{"ip":"::1","level":"debug","message":"OPTIONS /api/orders/6a75ba3abe1a80e44fcad4d6 204","timestamp":"2026-08-07 16:33:33"}
{"ip":"::1","level":"debug","message":"GET /api/orders/6a75ba3abe1a80e44fcad4d6 304","timestamp":"2026-08-07 16:33:33"}
{"ip":"::1","level":"debug","message":"OPTIONS /api/orders/6a75ba3abe1a80e44fcad4d6 204","timestamp":"2026-08-07 16:33:48"}
{"ip":"::1","level":"debug","message":"GET /api/orders/6a75ba3abe1a80e44fcad4d6 304","timestamp":"2026-08-07 16:33:48"}
{"ip":"::1","level":"debug","message":"OPTIONS /api/orders/6a75ba3abe1a80e44fcad4d6 204","timestamp":"2026-08-07 16:34:03"}
{"ip":"::1","level":"debug","message":"GET /api/orders/6a75ba3abe1a80e44fcad4d6 304","timestamp":"2026-08-07 16:34:03"}
{"ip":"::1","level":"debug","message":"OPTIONS /api/orders/6a75ba3abe1a80e44fcad4d6 204","timestamp":"2026-08-07 16:34:18"}
{"ip":"::1","level":"debug","message":"GET /api/orders/6a75ba3abe1a80e44fcad4d6 304","timestamp":"2026-08-07 16:34:18"}
{"ip":"::1","level":"debug","message":"OPTIONS /api/orders/6a75ba3abe1a80e44fcad4d6 204","timestamp":"2026-08-07 16:35:31"}
{"ip":"::1","level":"debug","message":"GET /api/orders/6a75ba3abe1a80e44fcad4d6 304","timestamp":"2026-08-07 16:35:31"}
{"ip":"::1","level":"debug","message":"OPTIONS /api/orders/6a75ba3abe1a80e44fcad4d6 204","timestamp":"2026-08-07 16:36:31"}
{"ip":"::1","level":"debug","message":"GET /api/orders/6a75ba3abe1a80e44fcad4d6 304","timestamp":"2026-08-07 16:36:31"}
{"ip":"::1","level":"debug","message":"OPTIONS /api/orders/all 204","timestamp":"2026-08-07 16:36:31"}
{"ip":"::1","level":"debug","message":"OPTIONS /api/orders/all 204","timestamp":"2026-08-07 16:36:31"}
{"ip":"::1","level":"debug","message":"GET /api/orders/all 404","timestamp":"2026-08-07 16:36:31"}
{"ip":"::1","level":"debug","message":"GET /api/orders/all 404","timestamp":"2026-08-07 16:36:31"}
{"ip":"::1","level":"debug","message":"OPTIONS /api/auth/me 204","timestamp":"2026-08-07 16:36:35"}
{"ip":"::1","level":"debug","message":"GET /api/auth/me 304","timestamp":"2026-08-07 16:36:35"}
{"ip":"::1","level":"debug","message":"GET /api/orders/all 404","timestamp":"2026-08-07 16:36:35"}
{"ip":"::1","level":"debug","message":"GET /api/orders/all 404","timestamp":"2026-08-07 16:36:35"}
{"ip":"::1","level":"debug","message":"OPTIONS /api/orders/6a75ba3abe1a80e44fcad4d6 204","timestamp":"2026-08-07 16:37:06"}
{"ip":"::1","level":"debug","message":"GET /api/orders/6a75ba3abe1a80e44fcad4d6 304","timestamp":"2026-08-07 16:37:06"}
{"ip":"::1","level":"debug","message":"OPTIONS /api/orders/6a75ba3abe1a80e44fcad4d6 204","timestamp":"2026-08-07 16:37:18"}
{"ip":"::1","level":"debug","message":"GET /api/orders/6a75ba3abe1a80e44fcad4d6 304","timestamp":"2026-08-07 16:37:18"}
{"ip":"::1","level":"debug","message":"OPTIONS /api/orders/6a75ba3abe1a80e44fcad4d6 204","timestamp":"2026-08-07 16:37:33"}
{"ip":"::1","level":"debug","message":"GET /api/orders/6a75ba3abe1a80e44fcad4d6 304","timestamp":"2026-08-07 16:37:33"}
{"ip":"::1","level":"debug","message":"OPTIONS /api/orders/6a75ba3abe1a80e44fcad4d6 204","timestamp":"2026-08-07 16:37:48"}
{"ip":"::1","level":"debug","message":"GET /api/orders/6a75ba3abe1a80e44fcad4d6 304","timestamp":"2026-08-07 16:37:48"}
{"ip":"::1","level":"debug","message":"OPTIONS /api/orders/6a75ba3abe1a80e44fcad4d6 204","timestamp":"2026-08-07 16:38:03"}
{"ip":"::1","level":"debug","message":"GET /api/orders/6a75ba3abe1a80e44fcad4d6 304","timestamp":"2026-08-07 16:38:03"}
{"ip":"::1","level":"debug","message":"OPTIONS /api/orders/6a75ba3abe1a80e44fcad4d6 204","timestamp":"2026-08-07 16:38:19"}
{"ip":"::1","level":"debug","message":"GET /api/orders/6a75ba3abe1a80e44fcad4d6 304","timestamp":"2026-08-07 16:38:19"}
{"ip":"::1","level":"debug","message":"OPTIONS /api/auth/me 204","timestamp":"2026-08-07 16:38:31"}
{"ip":"::1","level":"debug","message":"PUT /api/auth/me 200","timestamp":"2026-08-07 16:38:31"}
{"ip":"::1","level":"debug","message":"GET /api/auth/me 200","timestamp":"2026-08-07 16:38:31"}
{"ip":"::1","level":"debug","message":"OPTIONS /api/orders/6a75ba3abe1a80e44fcad4d6 204","timestamp":"2026-08-07 16:38:32"}
{"ip":"::1","level":"debug","message":"GET /api/orders/6a75ba3abe1a80e44fcad4d6 304","timestamp":"2026-08-07 16:38:32"}
{"ip":"::1","level":"debug","message":"OPTIONS /api/auth/me 204","timestamp":"2026-08-07 16:38:38"}
{"ip":"::1","level":"debug","message":"GET /api/auth/me 200","timestamp":"2026-08-07 16:38:38"}
{"level":"info","message":"🚀 Server running on port 5000","timestamp":"2026-08-07 16:39:20"}
{"ip":"::1","level":"debug","message":"OPTIONS /api/auth/me 204","timestamp":"2026-08-07 16:39:27"}
{"ip":"::1","level":"debug","message":"GET /api/auth/me 304","timestamp":"2026-08-07 16:39:27"}
{"ip":"::1","level":"debug","message":"OPTIONS /api/orders/all 204","timestamp":"2026-08-07 16:39:27"}
{"ip":"::1","level":"debug","message":"GET /api/orders/all 404","timestamp":"2026-08-07 16:39:27"}
{"ip":"::1","level":"debug","message":"GET /api/orders/all 404","timestamp":"2026-08-07 16:39:27"}
{"ip":"::1","level":"debug","message":"OPTIONS /api/auth/me 204","timestamp":"2026-08-07 16:39:37"}
{"ip":"::1","level":"debug","message":"GET /api/auth/me 304","timestamp":"2026-08-07 16:39:37"}
{"ip":"::1","level":"debug","message":"OPTIONS /api/auth/login 204","timestamp":"2026-08-07 16:39:51"}
{"ip":"::1","level":"debug","message":"POST /api/auth/login 200","timestamp":"2026-08-07 16:39:51"}
{"ip":"::1","level":"debug","message":"OPTIONS /api/admin/stats 204","timestamp":"2026-08-07 16:40:00"}
{"ip":"::1","level":"debug","message":"GET /api/admin/stats 304","timestamp":"2026-08-07 16:40:00"}
{"ip":"::1","level":"debug","message":"OPTIONS /api/orders/all 204","timestamp":"2026-08-07 16:40:03"}
{"ip":"::1","level":"debug","message":"OPTIONS /api/orders/all 204","timestamp":"2026-08-07 16:40:03"}
{"ip":"::1","level":"debug","message":"GET /api/orders/all 404","timestamp":"2026-08-07 16:40:03"}
{"ip":"::1","level":"debug","message":"GET /api/orders/all 404","timestamp":"2026-08-07 16:40:03"}
{"ip":"::1","level":"debug","message":"OPTIONS /api/menu/reorder/6a6d93ad36c0e60f170ae528 204","timestamp":"2026-08-07 16:40:17"}
{"ip":"::1","level":"debug","message":"OPTIONS /api/menu/reorder/6a6d93ad36c0e60f170ae528 204","timestamp":"2026-08-07 16:40:17"}
{"ip":"::1","level":"debug","message":"GET /api/menu/categories 304","timestamp":"2026-08-07 16:40:17"}
{"ip":"::1","level":"debug","message":"GET /api/menu/reorder/6a6d93ad36c0e60f170ae528 500","timestamp":"2026-08-07 16:40:17"}
{"ip":"::1","level":"debug","message":"GET /api/menu/categories 304","timestamp":"2026-08-07 16:40:17"}
{"ip":"::1","level":"debug","message":"GET /api/menu? 200","timestamp":"2026-08-07 16:40:17"}
{"ip":"::1","level":"debug","message":"GET /api/menu? 304","timestamp":"2026-08-07 16:40:17"}
{"ip":"::1","level":"debug","message":"GET /api/menu/reorder/6a6d93ad36c0e60f170ae528 500","timestamp":"2026-08-07 16:40:17"}
{"ip":"::1","level":"debug","message":"GET /api/orders/slots 200","timestamp":"2026-08-07 16:40:24"}
{"ip":"::1","level":"debug","message":"GET /api/coupons 304","timestamp":"2026-08-07 16:40:24"}
{"ip":"::1","level":"debug","message":"GET /api/orders/slots 304","timestamp":"2026-08-07 16:40:24"}
{"ip":"::1","level":"debug","message":"GET /api/menu 304","timestamp":"2026-08-07 16:40:24"}
{"ip":"::1","level":"debug","message":"GET /api/coupons 304","timestamp":"2026-08-07 16:40:24"}
{"ip":"::1","level":"debug","message":"GET /api/menu 304","timestamp":"2026-08-07 16:40:24"}
{"ip":"::1","level":"debug","message":"GET /api/orders/delivery-check?pincode=100001 304","timestamp":"2026-08-07 16:40:32"}
{"ip":"::1","level":"debug","message":"OPTIONS /api/orders 204","timestamp":"2026-08-07 16:40:40"}
{"ip":"::1","level":"debug","message":"POST /api/orders 201","timestamp":"2026-08-07 16:40:41"}
{"ip":"::1","level":"debug","message":"OPTIONS /api/payments/create 204","timestamp":"2026-08-07 16:40:41"}
{"ip":"::1","level":"debug","message":"POST /api/payments/create 200","timestamp":"2026-08-07 16:40:41"}
{"ip":"::1","level":"debug","message":"OPTIONS /api/orders/6a75bd309734f7cebacb7a32 204","timestamp":"2026-08-07 16:40:41"}
{"ip":"::1","level":"debug","message":"OPTIONS /api/orders/6a75bd309734f7cebacb7a32 204","timestamp":"2026-08-07 16:40:41"}
{"ip":"::1","level":"debug","message":"GET /api/orders/6a75bd309734f7cebacb7a32 200","timestamp":"2026-08-07 16:40:41"}
{"ip":"::1","level":"debug","message":"GET /api/orders/6a75bd309734f7cebacb7a32 304","timestamp":"2026-08-07 16:40:41"}
{"ip":"::1","level":"debug","message":"OPTIONS /api/auth/me 204","timestamp":"2026-08-07 16:40:46"}
{"ip":"::1","level":"debug","message":"GET /api/auth/me 200","timestamp":"2026-08-07 16:40:46"}
{"ip":"::1","level":"debug","message":"OPTIONS /api/orders/all 204","timestamp":"2026-08-07 16:40:46"}
{"ip":"::1","level":"debug","message":"GET /api/orders/all 404","timestamp":"2026-08-07 16:40:46"}
{"ip":"::1","level":"debug","message":"GET /api/orders/all 404","timestamp":"2026-08-07 16:40:46"}
{"ip":"::1","level":"debug","message":"OPTIONS /api/orders/6a75bd309734f7cebacb7a32 204","timestamp":"2026-08-07 16:40:57"}
{"ip":"::1","level":"debug","message":"GET /api/orders/6a75bd309734f7cebacb7a32 304","timestamp":"2026-08-07 16:40:57"}
{"ip":"::1","level":"debug","message":"OPTIONS /api/orders/6a75bd309734f7cebacb7a32 204","timestamp":"2026-08-07 16:41:12"}
{"ip":"::1","level":"debug","message":"GET /api/orders/6a75bd309734f7cebacb7a32 304","timestamp":"2026-08-07 16:41:12"}
{"ip":"::1","level":"debug","message":"OPTIONS /api/orders/6a75bd309734f7cebacb7a32 204","timestamp":"2026-08-07 16:41:27"}
{"ip":"::1","level":"debug","message":"GET /api/orders/6a75bd309734f7cebacb7a32 304","timestamp":"2026-08-07 16:41:27"}
{"ip":"::1","level":"debug","message":"OPTIONS /api/orders/6a75bd309734f7cebacb7a32 204","timestamp":"2026-08-07 16:41:42"}
{"ip":"::1","level":"debug","message":"GET /api/orders/6a75bd309734f7cebacb7a32 304","timestamp":"2026-08-07 16:41:42"}
{"ip":"::1","level":"debug","message":"OPTIONS /api/orders/6a75bd309734f7cebacb7a32 204","timestamp":"2026-08-07 16:41:57"}
{"ip":"::1","level":"debug","message":"GET /api/orders/6a75bd309734f7cebacb7a32 304","timestamp":"2026-08-07 16:41:57"}
{"ip":"::1","level":"debug","message":"OPTIONS /api/orders/6a75bd309734f7cebacb7a32 204","timestamp":"2026-08-07 16:42:12"}
{"ip":"::1","level":"debug","message":"GET /api/orders/6a75bd309734f7cebacb7a32 304","timestamp":"2026-08-07 16:42:12"}
{"ip":"::1","level":"debug","message":"OPTIONS /api/orders/6a75bd309734f7cebacb7a32 204","timestamp":"2026-08-07 16:42:31"}
{"ip":"::1","level":"debug","message":"GET /api/orders/6a75bd309734f7cebacb7a32 304","timestamp":"2026-08-07 16:42:31"}
{"ip":"::1","level":"debug","message":"OPTIONS /api/auth/me 204","timestamp":"2026-08-07 16:43:11"}
{"ip":"::1","level":"debug","message":"GET /api/auth/me 304","timestamp":"2026-08-07 16:43:11"}
{"ip":"::1","level":"debug","message":"OPTIONS /api/orders/all 204","timestamp":"2026-08-07 16:43:11"}
{"ip":"::1","level":"debug","message":"OPTIONS /api/orders/all 204","timestamp":"2026-08-07 16:43:11"}
{"ip":"::1","level":"debug","message":"GET /api/orders/all 404","timestamp":"2026-08-07 16:43:11"}
{"ip":"::1","level":"debug","message":"GET /api/orders/all 404","timestamp":"2026-08-07 16:43:11"}
{"ip":"::1","level":"debug","message":"OPTIONS /api/orders/6a75bd309734f7cebacb7a32 204","timestamp":"2026-08-07 16:43:31"}
{"ip":"::1","level":"debug","message":"GET /api/orders/6a75bd309734f7cebacb7a32 304","timestamp":"2026-08-07 16:43:31"}
{"level":"info","message":"🚀 Server running on port 5000","timestamp":"2026-08-07 16:43:39"}
{"ip":"::1","level":"debug","message":"OPTIONS /api/orders/6a75bd309734f7cebacb7a32 204","timestamp":"2026-08-07 16:43:48"}
{"ip":"::1","level":"debug","message":"GET /api/orders/6a75bd309734f7cebacb7a32 304","timestamp":"2026-08-07 16:43:48"}
{"ip":"::1","level":"debug","message":"OPTIONS /api/orders/6a75bd309734f7cebacb7a32 204","timestamp":"2026-08-07 16:44:31"}
{"ip":"::1","level":"debug","message":"GET /api/orders/6a75bd309734f7cebacb7a32 304","timestamp":"2026-08-07 16:44:31"}
{"ip":"::1","level":"debug","message":"OPTIONS /api/auth/me 204","timestamp":"2026-08-07 16:44:49"}
{"ip":"::1","level":"debug","message":"GET /api/auth/me 304","timestamp":"2026-08-07 16:44:49"}
{"ip":"::1","level":"debug","message":"OPTIONS /api/orders/all 204","timestamp":"2026-08-07 16:44:49"}
{"ip":"::1","level":"debug","message":"OPTIONS /api/orders/all 204","timestamp":"2026-08-07 16:44:49"}
{"ip":"::1","level":"debug","message":"GET /api/orders/all 404","timestamp":"2026-08-07 16:44:49"}
{"ip":"::1","level":"debug","message":"GET /api/orders/all 404","timestamp":"2026-08-07 16:44:49"}
{"ip":"::1","level":"debug","message":"OPTIONS /api/auth/logout 204","timestamp":"2026-08-07 16:44:51"}
{"ip":"::1","level":"debug","message":"POST /api/auth/logout 200","timestamp":"2026-08-07 16:44:51"}
{"ip":"::1","level":"debug","message":"OPTIONS /api/auth/login 204","timestamp":"2026-08-07 16:45:02"}
{"ip":"::1","level":"debug","message":"POST /api/auth/login 400","timestamp":"2026-08-07 16:45:02"}
{"ip":"::1","level":"debug","message":"OPTIONS /api/auth/login 204","timestamp":"2026-08-07 16:45:17"}
{"ip":"::1","level":"debug","message":"POST /api/auth/login 400","timestamp":"2026-08-07 16:45:17"}
{"ip":"::1","level":"debug","message":"POST /api/auth/login 400","timestamp":"2026-08-07 16:45:18"}
{"ip":"::1","level":"debug","message":"POST /api/auth/login 400","timestamp":"2026-08-07 16:45:19"}
{"ip":"::1","level":"debug","message":"POST /api/auth/login 400","timestamp":"2026-08-07 16:45:19"}
{"ip":"::1","level":"debug","message":"POST /api/auth/login 400","timestamp":"2026-08-07 16:45:19"}
{"ip":"::1","level":"debug","message":"OPTIONS /api/orders/6a75bd309734f7cebacb7a32 204","timestamp":"2026-08-07 16:45:31"}
{"ip":"::1","level":"debug","message":"GET /api/orders/6a75bd309734f7cebacb7a32 304","timestamp":"2026-08-07 16:45:31"}
{"ip":"::1","level":"debug","message":"OPTIONS /api/auth/login 204","timestamp":"2026-08-07 16:45:32"}
{"ip":"::1","level":"debug","message":"POST /api/auth/login 200","timestamp":"2026-08-07 16:45:32"}
{"ip":"::1","level":"debug","message":"OPTIONS /api/admin/stats 204","timestamp":"2026-08-07 16:45:36"}
{"ip":"::1","level":"debug","message":"GET /api/admin/stats 200","timestamp":"2026-08-07 16:45:36"}
{"ip":"::1","level":"debug","message":"OPTIONS /api/reservations/all 204","timestamp":"2026-08-07 16:45:38"}
{"ip":"::1","level":"debug","message":"OPTIONS /api/reservations/all 204","timestamp":"2026-08-07 16:45:38"}
{"ip":"::1","level":"debug","message":"GET /api/reservations/all 200","timestamp":"2026-08-07 16:45:39"}
{"ip":"::1","level":"debug","message":"GET /api/reservations/all 304","timestamp":"2026-08-07 16:45:39"}
{"ip":"::1","level":"debug","message":"OPTIONS /api/orders/all 204","timestamp":"2026-08-07 16:45:40"}
{"ip":"::1","level":"debug","message":"OPTIONS /api/orders/all 204","timestamp":"2026-08-07 16:45:40"}
{"ip":"::1","level":"debug","message":"GET /api/orders/all 404","timestamp":"2026-08-07 16:45:40"}
{"ip":"::1","level":"debug","message":"GET /api/orders/all 404","timestamp":"2026-08-07 16:45:40"}
{"ip":"::1","level":"debug","message":"OPTIONS /api/orders/6a75bd309734f7cebacb7a32 204","timestamp":"2026-08-07 16:46:31"}
{"ip":"::1","level":"debug","message":"GET /api/orders/6a75bd309734f7cebacb7a32 304","timestamp":"2026-08-07 16:46:31"}
{"level":"info","message":"🚀 Server running on port 5000","timestamp":"2026-08-07 16:47:16"}
{"ip":"::1","level":"debug","message":"OPTIONS /api/orders/6a75bd309734f7cebacb7a32 204","timestamp":"2026-08-07 16:47:31"}
{"ip":"::1","level":"debug","message":"GET /api/orders/6a75bd309734f7cebacb7a32 304","timestamp":"2026-08-07 16:47:31"}
{"ip":"::1","level":"debug","message":"OPTIONS /api/auth/me 204","timestamp":"2026-08-07 16:47:41"}
{"ip":"::1","level":"debug","message":"GET /api/auth/me 304","timestamp":"2026-08-07 16:47:41"}
{"ip":"::1","level":"debug","message":"OPTIONS /api/orders/all 204","timestamp":"2026-08-07 16:47:41"}
{"ip":"::1","level":"debug","message":"OPTIONS /api/orders/all 204","timestamp":"2026-08-07 16:47:41"}
{"ip":"::1","level":"debug","message":"GET /api/orders/all 200","timestamp":"2026-08-07 16:47:41"}
{"ip":"::1","level":"debug","message":"GET /api/orders/all 304","timestamp":"2026-08-07 16:47:41"}
{"ip":"::1","level":"debug","message":"OPTIONS /api/orders/6a75bd309734f7cebacb7a32 204","timestamp":"2026-08-07 16:48:03"}
{"ip":"::1","level":"debug","message":"GET /api/orders/6a75bd309734f7cebacb7a32 304","timestamp":"2026-08-07 16:48:03"}
{"ip":"::1","level":"debug","message":"OPTIONS /api/orders/6a75bd309734f7cebacb7a32 204","timestamp":"2026-08-07 16:48:12"}
{"ip":"::1","level":"debug","message":"GET /api/orders/6a75bd309734f7cebacb7a32 304","timestamp":"2026-08-07 16:48:12"}
{"ip":"::1","level":"debug","message":"OPTIONS /api/orders/ORD-20260807-6904 204","timestamp":"2026-08-07 16:48:20"}
{"ip":"::1","level":"debug","message":"GET /api/orders/ORD-20260807-6904 403","timestamp":"2026-08-07 16:48:20"}
{"ip":"::1","level":"debug","message":"GET /api/orders/ORD-20260807-6904 403","timestamp":"2026-08-07 16:48:20"}
{"ip":"::1","level":"debug","message":"GET /api/orders/ORD-20260807-6904 403","timestamp":"2026-08-07 16:48:21"}
{"ip":"::1","level":"debug","message":"GET /api/orders/ORD-20260807-6904 403","timestamp":"2026-08-07 16:48:21"}
{"ip":"::1","level":"debug","message":"GET /api/orders/ORD-20260807-6904 403","timestamp":"2026-08-07 16:48:22"}
{"ip":"::1","level":"debug","message":"GET /api/orders/ORD-20260807-6904 403","timestamp":"2026-08-07 16:48:22"}
{"ip":"::1","level":"debug","message":"GET /api/orders/ORD-20260807-6904 403","timestamp":"2026-08-07 16:48:23"}
{"ip":"::1","level":"debug","message":"GET /api/orders/ORD-20260807-6904 403","timestamp":"2026-08-07 16:48:23"}
{"ip":"::1","level":"debug","message":"OPTIONS /api/orders/ORD-20260807-6904 204","timestamp":"2026-08-07 16:48:25"}
{"ip":"::1","level":"debug","message":"GET /api/orders/ORD-20260807-6904 403","timestamp":"2026-08-07 16:48:25"}
{"ip":"::1","level":"debug","message":"GET /api/orders/ORD-20260807-6904 403","timestamp":"2026-08-07 16:48:26"}
{"ip":"::1","level":"debug","message":"GET /api/orders/ORD-20260807-6904 403","timestamp":"2026-08-07 16:48:26"}
{"ip":"::1","level":"debug","message":"OPTIONS /api/orders/6a75bd309734f7cebacb7a32 204","timestamp":"2026-08-07 16:48:27"}
{"ip":"::1","level":"debug","message":"GET /api/orders/6a75bd309734f7cebacb7a32 304","timestamp":"2026-08-07 16:48:27"}
{"ip":"::1","level":"debug","message":"OPTIONS /api/orders/6a7597a0bb590039adc6fb85 204","timestamp":"2026-08-07 16:48:28"}
{"ip":"::1","level":"debug","message":"GET /api/orders/6a7597a0bb590039adc6fb85 304","timestamp":"2026-08-07 16:48:28"}
{"ip":"::1","level":"debug","message":"OPTIONS /api/menu/reorder/6a71ab69a19e283d8fdd122f 204","timestamp":"2026-08-07 16:48:36"}
{"ip":"::1","level":"debug","message":"GET /api/menu/categories 304","timestamp":"2026-08-07 16:48:36"}
{"ip":"::1","level":"debug","message":"GET /api/menu/reorder/6a71ab69a19e283d8fdd122f 500","timestamp":"2026-08-07 16:48:36"}
{"ip":"::1","level":"debug","message":"GET /api/menu/categories 304","timestamp":"2026-08-07 16:48:36"}
{"ip":"::1","level":"debug","message":"GET /api/menu? 200","timestamp":"2026-08-07 16:48:36"}
{"ip":"::1","level":"debug","message":"GET /api/menu/reorder/6a71ab69a19e283d8fdd122f 500","timestamp":"2026-08-07 16:48:36"}
{"ip":"::1","level":"debug","message":"GET /api/menu? 304","timestamp":"2026-08-07 16:48:36"}
{"ip":"::1","level":"debug","message":"OPTIONS /api/orders/6a75bd309734f7cebacb7a32 204","timestamp":"2026-08-07 16:48:42"}
{"ip":"::1","level":"debug","message":"GET /api/orders/6a75bd309734f7cebacb7a32 304","timestamp":"2026-08-07 16:48:42"}
{"ip":"::1","level":"debug","message":"GET /api/orders/slots 304","timestamp":"2026-08-07 16:48:52"}
{"ip":"::1","level":"debug","message":"GET /api/orders/slots 304","timestamp":"2026-08-07 16:48:52"}
{"ip":"::1","level":"debug","message":"GET /api/coupons 304","timestamp":"2026-08-07 16:48:52"}
{"ip":"::1","level":"debug","message":"GET /api/menu 304","timestamp":"2026-08-07 16:48:52"}
{"ip":"::1","level":"debug","message":"GET /api/coupons 304","timestamp":"2026-08-07 16:48:52"}
{"ip":"::1","level":"debug","message":"GET /api/menu 304","timestamp":"2026-08-07 16:48:52"}
{"ip":"::1","level":"debug","message":"OPTIONS /api/orders/6a75bd309734f7cebacb7a32 204","timestamp":"2026-08-07 16:48:57"}
{"ip":"::1","level":"debug","message":"GET /api/orders/6a75bd309734f7cebacb7a32 304","timestamp":"2026-08-07 16:48:57"}
{"ip":"::1","level":"debug","message":"OPTIONS /api/orders 204","timestamp":"2026-08-07 16:49:01"}
{"ip":"::1","level":"debug","message":"POST /api/orders 201","timestamp":"2026-08-07 16:49:01"}
{"ip":"::1","level":"debug","message":"OPTIONS /api/payments/create 204","timestamp":"2026-08-07 16:49:01"}
{"ip":"::1","level":"debug","message":"POST /api/payments/create 200","timestamp":"2026-08-07 16:49:01"}
{"ip":"::1","level":"debug","message":"OPTIONS /api/orders/6a75bf2599a097507b368d5a 204","timestamp":"2026-08-07 16:49:01"}
{"ip":"::1","level":"debug","message":"GET /api/orders/6a75bf2599a097507b368d5a 200","timestamp":"2026-08-07 16:49:01"}
{"ip":"::1","level":"debug","message":"GET /api/orders/6a75bf2599a097507b368d5a 304","timestamp":"2026-08-07 16:49:01"}
{"ip":"::1","level":"debug","message":"OPTIONS /api/orders/mine 204","timestamp":"2026-08-07 16:49:14"}
{"ip":"::1","level":"debug","message":"OPTIONS /api/orders/mine 204","timestamp":"2026-08-07 16:49:14"}
{"ip":"::1","level":"debug","message":"GET /api/orders/mine 404","timestamp":"2026-08-07 16:49:14"}
{"ip":"::1","level":"debug","message":"GET /api/orders/mine 404","timestamp":"2026-08-07 16:49:14"}
{"ip":"::1","level":"debug","message":"OPTIONS /api/orders/ORD-20260807-1322 204","timestamp":"2026-08-07 16:49:17"}
{"ip":"::1","level":"debug","message":"GET /api/orders/ORD-20260807-1322 200","timestamp":"2026-08-07 16:49:17"}
{"ip":"::1","level":"debug","message":"GET /api/orders/ORD-20260807-1322 304","timestamp":"2026-08-07 16:49:20"}
{"ip":"::1","level":"debug","message":"GET /api/orders/ORD-20260807-1322 304","timestamp":"2026-08-07 16:49:20"}
{"ip":"::1","level":"debug","message":"GET /api/orders/ORD-20260807-1322 304","timestamp":"2026-08-07 16:49:20"}
{"ip":"::1","level":"debug","message":"OPTIONS /api/orders/ORD-20260807-1321 204","timestamp":"2026-08-07 16:49:22"}
{"ip":"::1","level":"debug","message":"GET /api/orders/ORD-20260807-1321 404","timestamp":"2026-08-07 16:49:22"}
{"ip":"::1","level":"debug","message":"OPTIONS /api/orders/ORD-20260807-1322 204","timestamp":"2026-08-07 16:49:25"}
{"ip":"::1","level":"debug","message":"GET /api/orders/ORD-20260807-1322 304","timestamp":"2026-08-07 16:49:25"}
{"ip":"::1","level":"debug","message":"OPTIONS /api/orders/ORD-20260807-1323 204","timestamp":"2026-08-07 16:49:29"}
{"ip":"::1","level":"debug","message":"GET /api/orders/ORD-20260807-1323 404","timestamp":"2026-08-07 16:49:29"}
{"ip":"::1","level":"debug","message":"OPTIONS /api/orders/6a75bd309734f7cebacb7a32 204","timestamp":"2026-08-07 16:49:31"}
{"ip":"::1","level":"debug","message":"GET /api/orders/6a75bd309734f7cebacb7a32 304","timestamp":"2026-08-07 16:49:31"}
{"ip":"::1","level":"debug","message":"OPTIONS /api/orders/ORD-20260807-1322 204","timestamp":"2026-08-07 16:49:32"}
{"ip":"::1","level":"debug","message":"GET /api/orders/ORD-20260807-1322 304","timestamp":"2026-08-07 16:49:32"}
{"ip":"::1","level":"debug","message":"OPTIONS /api/orders/6a75bd309734f7cebacb7a32 204","timestamp":"2026-08-07 16:49:48"}
{"ip":"::1","level":"debug","message":"GET /api/orders/6a75bd309734f7cebacb7a32 304","timestamp":"2026-08-07 16:49:48"}
{"ip":"::1","level":"debug","message":"OPTIONS /api/orders/6a75bd309734f7cebacb7a32 204","timestamp":"2026-08-07 16:49:56"}
{"ip":"::1","level":"debug","message":"GET /api/orders/6a75bd309734f7cebacb7a32 304","timestamp":"2026-08-07 16:49:56"}
{"ip":"::1","level":"debug","message":"OPTIONS /api/admin/stats 204","timestamp":"2026-08-07 16:50:02"}
{"ip":"::1","level":"debug","message":"GET /api/admin/stats 200","timestamp":"2026-08-07 16:50:02"}
{"ip":"::1","level":"debug","message":"OPTIONS /api/reservations 204","timestamp":"2026-08-07 17:09:44"}
{"ip":"::1","level":"debug","message":"POST /api/reservations 201","timestamp":"2026-08-07 17:09:47"}
{"ip":"::1","level":"debug","message":"OPTIONS /api/reservations/all 204","timestamp":"2026-08-07 17:10:05"}
{"ip":"::1","level":"debug","message":"OPTIONS /api/reservations/all 204","timestamp":"2026-08-07 17:10:05"}
{"ip":"::1","level":"debug","message":"GET /api/reservations/all 200","timestamp":"2026-08-07 17:10:05"}
{"ip":"::1","level":"debug","message":"GET /api/reservations/all 304","timestamp":"2026-08-07 17:10:05"}
{"ip":"::1","level":"debug","message":"OPTIONS /api/reservations/6a75c40099a097507b368d6a 204","timestamp":"2026-08-07 17:10:15"}
{"ip":"::1","level":"debug","message":"PUT /api/reservations/6a75c40099a097507b368d6a 200","timestamp":"2026-08-07 17:10:17"}
{"ip":"::1","level":"debug","message":"OPTIONS /api/reservations/6a6c8c4e0a37399b2ee5eaae 204","timestamp":"2026-08-07 17:12:55"}
{"ip":"::1","level":"debug","message":"DELETE /api/reservations/6a6c8c4e0a37399b2ee5eaae 200","timestamp":"2026-08-07 17:12:55"}
{"ip":"::1","level":"debug","message":"OPTIONS /api/reservations 204","timestamp":"2026-08-07 17:16:29"}
{"ip":"::1","level":"debug","message":"POST /api/reservations 201","timestamp":"2026-08-07 17:16:30"}
{"ip":"::1","level":"debug","message":"GET /api/menu 304","timestamp":"2026-08-07 17:21:59"}
{"ip":"::1","level":"debug","message":"GET /api/menu 304","timestamp":"2026-08-07 17:21:59"}
{"ip":"::1","level":"debug","message":"OPTIONS /api/admin/newsletter 204","timestamp":"2026-08-07 17:25:06"}
{"ip":"::1","level":"debug","message":"OPTIONS /api/admin/newsletter 204","timestamp":"2026-08-07 17:25:06"}
{"ip":"::1","level":"debug","message":"GET /api/admin/newsletter 200","timestamp":"2026-08-07 17:25:06"}
{"ip":"::1","level":"debug","message":"GET /api/admin/newsletter 304","timestamp":"2026-08-07 17:25:06"}
{"ip":"::1","level":"debug","message":"OPTIONS /api/newsletter 204","timestamp":"2026-08-07 17:25:59"}
{"ip":"::1","level":"debug","message":"POST /api/newsletter 200","timestamp":"2026-08-07 17:25:59"}
{"ip":"::1","level":"debug","message":"OPTIONS /api/auth/me 204","timestamp":"2026-08-07 17:26:15"}
{"ip":"::1","level":"debug","message":"GET /api/auth/me 304","timestamp":"2026-08-07 17:26:15"}
{"ip":"::1","level":"debug","message":"OPTIONS /api/admin/newsletter 204","timestamp":"2026-08-07 17:26:15"}
{"ip":"::1","level":"debug","message":"GET /api/admin/newsletter 200","timestamp":"2026-08-07 17:26:15"}
{"ip":"::1","level":"debug","message":"GET /api/admin/newsletter 304","timestamp":"2026-08-07 17:26:15"}
{"ip":"::1","level":"debug","message":"GET /api/auth/me 304","timestamp":"2026-08-07 17:26:15"}
{"ip":"::1","level":"debug","message":"GET /api/admin/newsletter 304","timestamp":"2026-08-07 17:26:15"}
{"ip":"::1","level":"debug","message":"GET /api/admin/newsletter 304","timestamp":"2026-08-07 17:26:16"}
{"ip":"::1","level":"debug","message":"OPTIONS /api/newsletter 204","timestamp":"2026-08-07 17:28:00"}
{"ip":"::1","level":"debug","message":"POST /api/newsletter 200","timestamp":"2026-08-07 17:28:00"}
{"ip":"::1","level":"debug","message":"OPTIONS /api/auth/me 204","timestamp":"2026-08-07 17:28:10"}
{"ip":"::1","level":"debug","message":"GET /api/auth/me 304","timestamp":"2026-08-07 17:28:10"}
{"ip":"::1","level":"debug","message":"OPTIONS /api/admin/newsletter 204","timestamp":"2026-08-07 17:28:10"}
{"ip":"::1","level":"debug","message":"OPTIONS /api/admin/newsletter 204","timestamp":"2026-08-07 17:28:10"}
{"ip":"::1","level":"debug","message":"GET /api/admin/newsletter 200","timestamp":"2026-08-07 17:28:10"}
{"ip":"::1","level":"debug","message":"GET /api/admin/newsletter 304","timestamp":"2026-08-07 17:28:10"}
{"ip":"::1","level":"debug","message":"OPTIONS /api/auth/me 204","timestamp":"2026-08-07 17:30:17"}
{"ip":"::1","level":"debug","message":"GET /api/auth/me 304","timestamp":"2026-08-07 17:30:17"}
{"ip":"::1","level":"debug","message":"OPTIONS /api/admin/newsletter 204","timestamp":"2026-08-07 17:30:17"}
{"ip":"::1","level":"debug","message":"GET /api/admin/newsletter 304","timestamp":"2026-08-07 17:30:17"}
{"ip":"::1","level":"debug","message":"GET /api/admin/newsletter 304","timestamp":"2026-08-07 17:30:17"}
{"level":"info","message":"🚀 Server running on port 5000","timestamp":"2026-08-07 17:40:54"}
{"ip":"::1","level":"debug","message":"OPTIONS /api/auth/me 204","timestamp":"2026-08-07 17:41:20"}
{"ip":"::1","level":"debug","message":"GET /api/auth/me 200","timestamp":"2026-08-07 17:41:20"}
{"ip":"::1","level":"debug","message":"OPTIONS /api/admin/newsletter 204","timestamp":"2026-08-07 17:41:20"}
{"ip":"::1","level":"debug","message":"GET /api/admin/newsletter 200","timestamp":"2026-08-07 17:41:21"}
{"ip":"::1","level":"debug","message":"GET /api/admin/newsletter 304","timestamp":"2026-08-07 17:41:21"}
{"ip":"::1","level":"debug","message":"OPTIONS /api/auth/me 204","timestamp":"2026-08-07 17:45:25"}
{"ip":"::1","level":"debug","message":"GET /api/auth/me 304","timestamp":"2026-08-07 17:45:25"}
{"ip":"::1","level":"debug","message":"GET /api/auth/me 304","timestamp":"2026-08-07 17:45:26"}
{"ip":"::1","level":"debug","message":"OPTIONS /api/auth/me 204","timestamp":"2026-08-07 17:45:31"}
{"ip":"::1","level":"debug","message":"GET /api/auth/me 304","timestamp":"2026-08-07 17:45:31"}
{"ip":"::1","level":"debug","message":"OPTIONS /api/auth/me 204","timestamp":"2026-08-07 17:45:46"}
{"ip":"::1","level":"debug","message":"GET /api/auth/me 304","timestamp":"2026-08-07 17:45:46"}
{"ip":"::1","level":"debug","message":"GET /api/auth/me 304","timestamp":"2026-08-07 17:45:47"}
{"ip":"::1","level":"debug","message":"GET /api/auth/me 304","timestamp":"2026-08-07 17:45:48"}
{"ip":"::1","level":"debug","message":"OPTIONS /api/auth/me 204","timestamp":"2026-08-07 17:45:56"}
{"ip":"::1","level":"debug","message":"GET /api/auth/me 304","timestamp":"2026-08-07 17:45:56"}
{"ip":"::1","level":"debug","message":"GET /api/auth/me 304","timestamp":"2026-08-07 17:45:56"}
{"level":"info","message":"🚀 Server running on port 5000","timestamp":"2026-08-08 22:18:24"}
{"ip":"::1","level":"debug","message":"OPTIONS /api/auth/login 204","timestamp":"2026-08-08 22:19:59"}
{"ip":"::1","level":"debug","message":"POST /api/auth/login 400","timestamp":"2026-08-08 22:20:00"}
{"ip":"::1","level":"debug","message":"POST /api/auth/login 400","timestamp":"2026-08-08 22:20:02"}
{"ip":"::1","level":"debug","message":"OPTIONS /api/auth/login 204","timestamp":"2026-08-08 22:20:49"}
{"ip":"::1","level":"debug","message":"POST /api/auth/login 400","timestamp":"2026-08-08 22:20:50"}
{"ip":"::1","level":"debug","message":"POST /api/auth/login 400","timestamp":"2026-08-08 22:20:52"}
{"ip":"::1","level":"debug","message":"OPTIONS /api/auth/login 204","timestamp":"2026-08-08 22:21:02"}
{"ip":"::1","level":"debug","message":"POST /api/auth/login 400","timestamp":"2026-08-08 22:21:02"}
{"ip":"::1","level":"debug","message":"OPTIONS /api/auth/login 204","timestamp":"2026-08-08 22:21:13"}
{"ip":"::1","level":"debug","message":"POST /api/auth/login 200","timestamp":"2026-08-08 22:21:13"}
{"ip":"::1","level":"debug","message":"OPTIONS /api/admin/stats 204","timestamp":"2026-08-08 22:21:24"}
{"ip":"::1","level":"debug","message":"GET /api/admin/stats 200","timestamp":"2026-08-08 22:21:25"}
{"ip":"::1","level":"debug","message":"OPTIONS /api/reservations/all 204","timestamp":"2026-08-08 22:21:31"}
{"ip":"::1","level":"debug","message":"OPTIONS /api/reservations/all 204","timestamp":"2026-08-08 22:21:31"}
{"ip":"::1","level":"debug","message":"GET /api/reservations/all 200","timestamp":"2026-08-08 22:21:31"}
{"ip":"::1","level":"debug","message":"GET /api/reservations/all 304","timestamp":"2026-08-08 22:21:31"}
{"ip":"::1","level":"debug","message":"GET /api/menu 200","timestamp":"2026-08-08 22:21:36"}
{"ip":"::1","level":"debug","message":"GET /api/menu 304","timestamp":"2026-08-08 22:21:36"}
{"ip":"::1","level":"debug","message":"GET /uploads/vada-pav-1785922301038.jpg 200","timestamp":"2026-08-08 22:21:36"}
{"ip":"::1","level":"debug","message":"GET /uploads/panjabi%20thali1.jpg 200","timestamp":"2026-08-08 22:21:36"}
{"ip":"::1","level":"debug","message":"OPTIONS /api/coupons/all 204","timestamp":"2026-08-08 22:21:42"}
{"ip":"::1","level":"debug","message":"OPTIONS /api/coupons/all 204","timestamp":"2026-08-08 22:21:42"}
{"ip":"::1","level":"debug","message":"GET /api/coupons/all 200","timestamp":"2026-08-08 22:21:42"}
{"ip":"::1","level":"debug","message":"GET /api/coupons/all 304","timestamp":"2026-08-08 22:21:42"}
{"level":"info","message":"🚀 Server running on port 5000","timestamp":"2026-08-10 10:26:38"}
{"ip":"::1","level":"debug","message":"GET /api/auth/me 401","timestamp":"2026-08-10 10:28:02"}
{"ip":"::1","level":"debug","message":"GET /favicon.ico 404","timestamp":"2026-08-10 10:28:02"}
{"ip":"::1","level":"debug","message":"GET / 200","timestamp":"2026-08-10 10:31:41"}
{"ip":"::1","level":"debug","message":"GET /api/menu 200","timestamp":"2026-08-10 10:31:41"}
{"ip":"::1","level":"debug","message":"GET /api/menu/categories 200","timestamp":"2026-08-10 10:31:41"}
{"ip":"::1","level":"debug","message":"GET /api/reviews 404","timestamp":"2026-08-10 10:31:41"}
{"ip":"::1","level":"debug","message":"GET /api/coupons/active 404","timestamp":"2026-08-10 10:31:41"}
{"ip":"::1","level":"debug","message":"GET /api/membership/plans 404","timestamp":"2026-08-10 10:31:41"}
{"ip":"::1","level":"debug","message":"GET /api/auth/me 401","timestamp":"2026-08-10 10:31:41"}
{"ip":"::1","level":"debug","message":"GET /api/reservations 404","timestamp":"2026-08-10 10:31:41"}
{"ip":"::1","level":"debug","message":"GET /api/orders 401","timestamp":"2026-08-10 10:31:41"}
{"ip":"::1","level":"debug","message":"GET /api/admin/stats 401","timestamp":"2026-08-10 10:31:41"}
{"ip":"::1","level":"debug","message":"GET / 200","timestamp":"2026-08-10 10:32:08"}
{"ip":"::1","level":"debug","message":"GET /api/menu 200","timestamp":"2026-08-10 10:32:08"}
{"ip":"::1","level":"debug","message":"GET /api/menu/categories 200","timestamp":"2026-08-10 10:32:08"}
{"ip":"::1","level":"debug","message":"GET /api/coupons 200","timestamp":"2026-08-10 10:32:08"}
{"ip":"::1","level":"debug","message":"POST /api/newsletter 200","timestamp":"2026-08-10 10:32:08"}
{"ip":"::1","level":"debug","message":"POST /api/contact 200","timestamp":"2026-08-10 10:32:09"}
{"ip":"::1","level":"debug","message":"POST /api/auth/login 200","timestamp":"2026-08-10 10:32:14"}
{"ip":"::1","level":"debug","message":"GET /api/auth/me 200","timestamp":"2026-08-10 10:32:14"}
{"ip":"::1","level":"debug","message":"GET /api/membership/summary 200","timestamp":"2026-08-10 10:32:14"}
{"ip":"::1","level":"debug","message":"GET /api/orders 403","timestamp":"2026-08-10 10:32:14"}
{"ip":"::1","level":"debug","message":"POST /api/auth/login 400","timestamp":"2026-08-10 10:32:14"}
{"ip":"::1","level":"debug","message":"GET /api/admin/stats 401","timestamp":"2026-08-10 10:32:14"}
{"ip":"::1","level":"debug","message":"GET /api/reservations/all 401","timestamp":"2026-08-10 10:32:14"}
{"ip":"::1","level":"debug","message":"GET /api/reviews/all 401","timestamp":"2026-08-10 10:32:14"}
{"ip":"::1","level":"debug","message":"GET / 200","timestamp":"2026-08-10 10:32:39"}
{"ip":"::1","level":"debug","message":"GET /api/menu 200","timestamp":"2026-08-10 10:32:39"}
{"ip":"::1","level":"debug","message":"GET /api/menu/categories 200","timestamp":"2026-08-10 10:32:39"}
{"ip":"::1","level":"debug","message":"GET /api/coupons 200","timestamp":"2026-08-10 10:32:39"}
{"ip":"::1","level":"debug","message":"GET /api/orders/delivery-check?pincode=100001 200","timestamp":"2026-08-10 10:32:39"}
{"ip":"::1","level":"debug","message":"GET /api/orders/slots 200","timestamp":"2026-08-10 10:32:39"}
{"ip":"::1","level":"debug","message":"POST /api/newsletter 200","timestamp":"2026-08-10 10:32:39"}
{"ip":"::1","level":"debug","message":"POST /api/contact 200","timestamp":"2026-08-10 10:32:39"}
{"ip":"::1","level":"debug","message":"POST /api/reservations 201","timestamp":"2026-08-10 10:32:41"}
{"ip":"::1","level":"debug","message":"POST /api/auth/login 400","timestamp":"2026-08-10 10:32:41"}
{"ip":"::1","level":"debug","message":"POST /api/auth/signup 200","timestamp":"2026-08-10 10:32:45"}
{"ip":"::1","level":"debug","message":"GET /api/auth/me 200","timestamp":"2026-08-10 10:32:45"}
{"ip":"::1","level":"debug","message":"GET /api/auth/me/reservations 200","timestamp":"2026-08-10 10:32:45"}
{"ip":"::1","level":"debug","message":"GET /api/membership/summary 200","timestamp":"2026-08-10 10:32:45"}
{"ip":"::1","level":"debug","message":"POST /api/auth/login 400","timestamp":"2026-08-10 10:32:45"}
{"ip":"::1","level":"debug","message":"POST /api/auth/signup 400","timestamp":"2026-08-10 10:32:45"}
{"ip":"::1","level":"debug","message":"GET / 200","timestamp":"2026-08-10 10:41:26"}
{"ip":"::1","level":"debug","message":"GET /api/menu 200","timestamp":"2026-08-10 10:41:26"}
{"ip":"::1","level":"debug","message":"GET /api/menu/categories 200","timestamp":"2026-08-10 10:41:26"}
{"ip":"::1","level":"debug","message":"GET /api/coupons 200","timestamp":"2026-08-10 10:41:26"}
{"ip":"::1","level":"debug","message":"GET /api/orders/delivery-check?pincode=100001 200","timestamp":"2026-08-10 10:41:26"}
{"ip":"::1","level":"debug","message":"GET /api/orders/slots 200","timestamp":"2026-08-10 10:41:26"}
{"ip":"::1","level":"debug","message":"POST /api/newsletter 200","timestamp":"2026-08-10 10:41:26"}
{"ip":"::1","level":"debug","message":"POST /api/contact 200","timestamp":"2026-08-10 10:41:26"}
{"ip":"::1","level":"debug","message":"POST /api/reservations 201","timestamp":"2026-08-10 10:41:28"}
{"ip":"::1","level":"debug","message":"POST /api/auth/signup 200","timestamp":"2026-08-10 10:41:31"}
{"ip":"::1","level":"debug","message":"GET /api/auth/me 200","timestamp":"2026-08-10 10:41:31"}
{"ip":"::1","level":"debug","message":"GET /api/auth/me/reservations 200","timestamp":"2026-08-10 10:41:31"}
{"ip":"::1","level":"debug","message":"GET /api/membership/summary 200","timestamp":"2026-08-10 10:41:31"}
{"ip":"::1","level":"debug","message":"POST /api/auth/login 200","timestamp":"2026-08-10 10:41:31"}
{"ip":"::1","level":"debug","message":"GET /api/admin/stats 200","timestamp":"2026-08-10 10:41:31"}
{"ip":"::1","level":"debug","message":"GET /api/admin/users 200","timestamp":"2026-08-10 10:41:31"}
{"ip":"::1","level":"debug","message":"GET /api/admin/newsletter 200","timestamp":"2026-08-10 10:41:31"}
{"ip":"::1","level":"debug","message":"GET /api/admin/activity 200","timestamp":"2026-08-10 10:41:31"}
{"ip":"::1","level":"debug","message":"GET /api/reservations/all 200","timestamp":"2026-08-10 10:41:31"}
{"ip":"::1","level":"debug","message":"GET /api/reviews/all 200","timestamp":"2026-08-10 10:41:31"}
{"ip":"::1","level":"debug","message":"GET /api/coupons/all 200","timestamp":"2026-08-10 10:41:32"}
{"ip":"::1","level":"debug","message":"GET /api/orders/all 200","timestamp":"2026-08-10 10:41:32"}
{"ip":"::1","level":"debug","message":"GET /api/contact/all 200","timestamp":"2026-08-10 10:41:32"}
{"ip":"::1","level":"debug","message":"GET /api/menu/categories 200","timestamp":"2026-08-10 10:43:51"}
{"ip":"::1","level":"debug","message":"GET /api/menu/categories 304","timestamp":"2026-08-10 10:43:51"}
{"ip":"::1","level":"debug","message":"GET /api/menu? 200","timestamp":"2026-08-10 10:43:51"}
{"ip":"::1","level":"debug","message":"GET /api/menu? 304","timestamp":"2026-08-10 10:43:51"}
{"ip":"::1","level":"debug","message":"GET /uploads/vada-pav-1785922301038.jpg 200","timestamp":"2026-08-10 10:43:51"}
{"ip":"::1","level":"debug","message":"GET /uploads/panjabi%20thali1.jpg 200","timestamp":"2026-08-10 10:43:51"}
{"ip":"::1","level":"debug","message":"GET /api/menu/categories 304","timestamp":"2026-08-10 10:47:53"}
{"ip":"::1","level":"debug","message":"GET /api/menu/categories 304","timestamp":"2026-08-10 10:47:53"}
{"ip":"::1","level":"debug","message":"GET /api/menu? 304","timestamp":"2026-08-10 10:47:53"}
{"ip":"::1","level":"debug","message":"GET /api/menu? 304","timestamp":"2026-08-10 10:47:53"}
{"ip":"::1","level":"debug","message":"GET /api/coupons 200","timestamp":"2026-08-10 10:48:55"}
{"ip":"::1","level":"debug","message":"GET /api/orders/slots 200","timestamp":"2026-08-10 10:48:55"}
{"ip":"::1","level":"debug","message":"GET /api/orders/slots 304","timestamp":"2026-08-10 10:48:56"}
{"ip":"::1","level":"debug","message":"GET /api/coupons 304","timestamp":"2026-08-10 10:48:56"}
{"ip":"::1","level":"debug","message":"GET /api/menu 200","timestamp":"2026-08-10 10:48:56"}
{"ip":"::1","level":"debug","message":"GET /api/menu 304","timestamp":"2026-08-10 10:48:56"}
{"ip":"::1","level":"debug","message":"OPTIONS /api/auth/me 204","timestamp":"2026-08-10 10:53:23"}
{"ip":"::1","level":"debug","message":"GET /api/auth/me 401","timestamp":"2026-08-10 10:53:23"}
{"ip":"::1","level":"debug","message":"OPTIONS /api/reservations 204","timestamp":"2026-08-10 10:59:36"}
{"ip":"::1","level":"debug","message":"POST /api/reservations 201","timestamp":"2026-08-10 10:59:39"}
{"ip":"::1","level":"debug","message":"OPTIONS /api/auth/login 204","timestamp":"2026-08-10 11:00:41"}
{"ip":"::1","level":"debug","message":"POST /api/auth/login 400","timestamp":"2026-08-10 11:00:41"}
{"ip":"::1","level":"debug","message":"OPTIONS /api/auth/login 204","timestamp":"2026-08-10 11:00:48"}
{"ip":"::1","level":"debug","message":"POST /api/auth/login 200","timestamp":"2026-08-10 11:00:48"}
{"ip":"::1","level":"debug","message":"OPTIONS /api/admin/stats 204","timestamp":"2026-08-10 11:00:52"}
{"ip":"::1","level":"debug","message":"GET /api/admin/stats 200","timestamp":"2026-08-10 11:00:53"}
{"ip":"::1","level":"debug","message":"OPTIONS /api/reservations/all 204","timestamp":"2026-08-10 11:00:57"}
{"ip":"::1","level":"debug","message":"OPTIONS /api/reservations/all 204","timestamp":"2026-08-10 11:00:57"}
{"ip":"::1","level":"debug","message":"GET /api/reservations/all 200","timestamp":"2026-08-10 11:00:57"}
{"ip":"::1","level":"debug","message":"GET /api/reservations/all 304","timestamp":"2026-08-10 11:00:57"}
{"ip":"::1","level":"debug","message":"OPTIONS /api/reservations/6a7961c0801cd716b219b1cf 204","timestamp":"2026-08-10 11:01:14"}
{"ip":"::1","level":"debug","message":"PUT /api/reservations/6a7961c0801cd716b219b1cf 200","timestamp":"2026-08-10 11:01:15"}
{"ip":"::1","level":"debug","message":"OPTIONS /api/reservations/6a795b6f801cd716b219b1bb 204","timestamp":"2026-08-10 11:01:19"}
{"ip":"::1","level":"debug","message":"PUT /api/reservations/6a795b6f801cd716b219b1bb 200","timestamp":"2026-08-10 11:01:21"}
{"ip":"::1","level":"debug","message":"OPTIONS /api/reservations/6a75c59599a097507b368d6b 204","timestamp":"2026-08-10 11:01:23"}
{"ip":"::1","level":"debug","message":"PUT /api/reservations/6a75c59599a097507b368d6b 200","timestamp":"2026-08-10 11:01:25"}
{"ip":"::1","level":"debug","message":"OPTIONS /api/auth/me 204","timestamp":"2026-08-10 11:03:40"}
{"ip":"::1","level":"debug","message":"GET /api/auth/me 401","timestamp":"2026-08-10 11:03:40"}
{"ip":"::1","level":"debug","message":"OPTIONS /api/admin/users 204","timestamp":"2026-08-10 11:05:07"}
{"ip":"::1","level":"debug","message":"OPTIONS /api/admin/users 204","timestamp":"2026-08-10 11:05:07"}
{"ip":"::1","level":"debug","message":"GET /api/admin/users 200","timestamp":"2026-08-10 11:05:07"}
{"ip":"::1","level":"debug","message":"GET /api/admin/users 304","timestamp":"2026-08-10 11:05:07"}
{"ip":"::1","level":"debug","message":"OPTIONS /api/auth/login 204","timestamp":"2026-08-10 11:05:37"}
{"ip":"::1","level":"debug","message":"POST /api/auth/login 400","timestamp":"2026-08-10 11:05:37"}
{"ip":"::1","level":"debug","message":"OPTIONS /api/auth/login 204","timestamp":"2026-08-10 11:05:44"}
{"ip":"::1","level":"debug","message":"POST /api/auth/login 400","timestamp":"2026-08-10 11:05:44"}
{"ip":"::1","level":"debug","message":"POST /api/auth/login 400","timestamp":"2026-08-10 11:05:45"}
{"ip":"::1","level":"debug","message":"OPTIONS /api/auth/login 204","timestamp":"2026-08-10 11:05:52"}
{"ip":"::1","level":"debug","message":"POST /api/auth/login 400","timestamp":"2026-08-10 11:05:52"}
{"ip":"::1","level":"debug","message":"OPTIONS /api/auth/login 204","timestamp":"2026-08-10 11:05:59"}
{"ip":"::1","level":"debug","message":"POST /api/auth/login 400","timestamp":"2026-08-10 11:06:00"}
{"ip":"::1","level":"debug","message":"POST /api/auth/login 400","timestamp":"2026-08-10 11:06:00"}
{"ip":"::1","level":"debug","message":"POST /api/auth/login 400","timestamp":"2026-08-10 11:06:01"}
{"ip":"::1","level":"debug","message":"POST /api/auth/login 400","timestamp":"2026-08-10 11:06:01"}
{"ip":"::1","level":"debug","message":"POST /api/auth/login 400","timestamp":"2026-08-10 11:06:01"}
{"ip":"::1","level":"debug","message":"POST /api/auth/login 400","timestamp":"2026-08-10 11:06:01"}
{"ip":"::1","level":"debug","message":"POST /api/auth/login 400","timestamp":"2026-08-10 11:06:01"}
{"ip":"::1","level":"debug","message":"POST /api/auth/login 400","timestamp":"2026-08-10 11:06:02"}
{"ip":"::1","level":"debug","message":"OPTIONS /api/auth/me 204","timestamp":"2026-08-10 11:06:40"}
{"ip":"::1","level":"debug","message":"GET /api/auth/me 401","timestamp":"2026-08-10 11:06:40"}
{"ip":"::1","level":"debug","message":"OPTIONS /api/auth/login 204","timestamp":"2026-08-10 11:08:09"}
{"ip":"::1","level":"debug","message":"POST /api/auth/login 400","timestamp":"2026-08-10 11:08:09"}
{"ip":"::1","level":"debug","message":"OPTIONS /api/auth/login 204","timestamp":"2026-08-10 11:08:25"}
{"ip":"::1","level":"debug","message":"POST /api/auth/login 400","timestamp":"2026-08-10 11:08:26"}
{"ip":"::1","level":"debug","message":"OPTIONS /api/auth/login 204","timestamp":"2026-08-10 11:09:17"}
{"ip":"::1","level":"debug","message":"POST /api/auth/login 400","timestamp":"2026-08-10 11:09:17"}
{"ip":"::1","level":"debug","message":"OPTIONS /api/auth/login 204","timestamp":"2026-08-10 11:09:21"}
{"ip":"::1","level":"debug","message":"POST /api/auth/login 400","timestamp":"2026-08-10 11:09:21"}
{"ip":"::1","level":"debug","message":"OPTIONS /api/auth/login 204","timestamp":"2026-08-10 11:09:28"}
{"ip":"::1","level":"debug","message":"POST /api/auth/login 200","timestamp":"2026-08-10 11:09:28"}
{"ip":"::1","level":"debug","message":"OPTIONS /api/auth/login 204","timestamp":"2026-08-10 11:09:38"}
{"ip":"::1","level":"debug","message":"POST /api/auth/login 200","timestamp":"2026-08-10 11:09:38"}
{"ip":"::1","level":"debug","message":"OPTIONS /api/orders/all 204","timestamp":"2026-08-10 11:11:17"}
{"ip":"::1","level":"debug","message":"OPTIONS /api/orders/all 204","timestamp":"2026-08-10 11:11:17"}
{"ip":"::1","level":"debug","message":"GET /api/orders/all 200","timestamp":"2026-08-10 11:11:17"}
{"ip":"::1","level":"debug","message":"GET /api/orders/all 304","timestamp":"2026-08-10 11:11:17"}
{"ip":"::1","level":"debug","message":"GET /api/menu 304","timestamp":"2026-08-10 11:11:24"}
{"ip":"::1","level":"debug","message":"GET /api/menu 304","timestamp":"2026-08-10 11:11:24"}
{"ip":"::1","level":"debug","message":"OPTIONS /api/menu/reorder/6a706363f21e525453c49414 204","timestamp":"2026-08-10 11:11:33"}
{"ip":"::1","level":"debug","message":"GET /api/menu/categories 200","timestamp":"2026-08-10 11:11:33"}
{"ip":"::1","level":"debug","message":"GET /api/menu? 200","timestamp":"2026-08-10 11:11:33"}
{"ip":"::1","level":"debug","message":"GET /api/menu/categories 304","timestamp":"2026-08-10 11:11:33"}
{"ip":"::1","level":"debug","message":"GET /api/menu? 304","timestamp":"2026-08-10 11:11:33"}
{"ip":"::1","level":"debug","message":"GET /uploads/vada-pav-1785922301038.jpg 200","timestamp":"2026-08-10 11:11:33"}
{"ip":"::1","level":"debug","message":"GET /uploads/panjabi%20thali1.jpg 200","timestamp":"2026-08-10 11:11:33"}
{"ip":"::1","level":"debug","message":"GET /api/menu/reorder/6a706363f21e525453c49414 200","timestamp":"2026-08-10 11:11:34"}
{"ip":"::1","level":"debug","message":"GET /api/menu/reorder/6a706363f21e525453c49414 304","timestamp":"2026-08-10 11:11:34"}
{"ip":"::1","level":"debug","message":"OPTIONS /api/menu/reorder/6a706363f21e525453c49414 204","timestamp":"2026-08-10 11:13:18"}
{"ip":"::1","level":"debug","message":"GET /api/menu/categories 304","timestamp":"2026-08-10 11:13:18"}
{"ip":"::1","level":"debug","message":"GET /api/menu? 304","timestamp":"2026-08-10 11:13:18"}
{"ip":"::1","level":"debug","message":"GET /api/menu/categories 304","timestamp":"2026-08-10 11:13:18"}
{"ip":"::1","level":"debug","message":"GET /api/menu? 304","timestamp":"2026-08-10 11:13:18"}
{"ip":"::1","level":"debug","message":"GET /api/menu/reorder/6a706363f21e525453c49414 304","timestamp":"2026-08-10 11:13:18"}
{"ip":"::1","level":"debug","message":"GET /api/menu/reorder/6a706363f21e525453c49414 304","timestamp":"2026-08-10 11:13:18"}
{"ip":"::1","level":"debug","message":"OPTIONS /api/menu 204","timestamp":"2026-08-10 11:14:00"}
{"ip":"::1","level":"debug","message":"POST /api/menu 201","timestamp":"2026-08-10 11:14:00"}
{"ip":"::1","level":"debug","message":"OPTIONS /api/menu/reorder/6a706363f21e525453c49414 204","timestamp":"2026-08-10 11:14:20"}
{"ip":"::1","level":"debug","message":"GET /api/menu/categories 304","timestamp":"2026-08-10 11:14:20"}
{"ip":"::1","level":"debug","message":"GET /api/menu? 200","timestamp":"2026-08-10 11:14:20"}
{"ip":"::1","level":"debug","message":"GET /api/menu/categories 304","timestamp":"2026-08-10 11:14:20"}
{"ip":"::1","level":"debug","message":"GET /api/menu/reorder/6a706363f21e525453c49414 304","timestamp":"2026-08-10 11:14:20"}
{"ip":"::1","level":"debug","message":"GET /api/menu? 304","timestamp":"2026-08-10 11:14:21"}
{"ip":"::1","level":"debug","message":"GET /api/menu/reorder/6a706363f21e525453c49414 304","timestamp":"2026-08-10 11:14:21"}
{"ip":"::1","level":"debug","message":"OPTIONS /api/menu/reorder/6a706363f21e525453c49414 204","timestamp":"2026-08-10 11:14:26"}
{"ip":"::1","level":"debug","message":"GET /api/menu/categories 304","timestamp":"2026-08-10 11:14:26"}
{"ip":"::1","level":"debug","message":"GET /api/menu? 304","timestamp":"2026-08-10 11:14:26"}
{"ip":"::1","level":"debug","message":"GET /api/menu/categories 304","timestamp":"2026-08-10 11:14:26"}
{"ip":"::1","level":"debug","message":"GET /api/menu? 304","timestamp":"2026-08-10 11:14:26"}
{"ip":"::1","level":"debug","message":"GET /api/menu/reorder/6a706363f21e525453c49414 304","timestamp":"2026-08-10 11:14:26"}
{"ip":"::1","level":"debug","message":"GET /api/menu/reorder/6a706363f21e525453c49414 304","timestamp":"2026-08-10 11:14:26"}
{"ip":"::1","level":"debug","message":"OPTIONS /api/auth/me 204","timestamp":"2026-08-10 11:16:18"}
{"ip":"::1","level":"debug","message":"GET /api/auth/me 200","timestamp":"2026-08-10 11:16:18"}
{"ip":"::1","level":"debug","message":"GET /api/menu 200","timestamp":"2026-08-10 11:16:18"}
{"ip":"::1","level":"debug","message":"GET /api/menu 304","timestamp":"2026-08-10 11:16:18"}
{"ip":"::1","level":"debug","message":"OPTIONS /api/auth/me 204","timestamp":"2026-08-10 11:16:18"}
{"ip":"::1","level":"debug","message":"GET /api/menu/categories 304","timestamp":"2026-08-10 11:16:18"}
{"ip":"::1","level":"debug","message":"GET /api/menu? 304","timestamp":"2026-08-10 11:16:18"}
{"ip":"::1","level":"debug","message":"GET /api/auth/me 200","timestamp":"2026-08-10 11:16:18"}
{"ip":"::1","level":"debug","message":"OPTIONS /api/menu/reorder/6a706363f21e525453c49414 204","timestamp":"2026-08-10 11:16:18"}
{"ip":"::1","level":"debug","message":"GET /api/menu/reorder/6a706363f21e525453c49414 304","timestamp":"2026-08-10 11:16:18"}
{"ip":"::1","level":"debug","message":"OPTIONS /api/auth/me 204","timestamp":"2026-08-10 11:17:07"}
{"ip":"::1","level":"debug","message":"GET /api/auth/me 304","timestamp":"2026-08-10 11:17:07"}
{"ip":"::1","level":"debug","message":"GET /api/menu 304","timestamp":"2026-08-10 11:17:07"}
{"ip":"::1","level":"debug","message":"GET /api/menu 304","timestamp":"2026-08-10 11:17:07"}
{"ip":"::1","level":"debug","message":"GET /api/menu? 304","timestamp":"2026-08-10 11:17:08"}
{"ip":"::1","level":"debug","message":"GET /api/menu/categories 304","timestamp":"2026-08-10 11:17:08"}
{"ip":"::1","level":"debug","message":"OPTIONS /api/auth/me 204","timestamp":"2026-08-10 11:17:08"}
{"ip":"::1","level":"debug","message":"GET /api/auth/me 304","timestamp":"2026-08-10 11:17:08"}
{"ip":"::1","level":"debug","message":"OPTIONS /api/menu/reorder/6a706363f21e525453c49414 204","timestamp":"2026-08-10 11:17:08"}
{"ip":"::1","level":"debug","message":"GET /api/menu/reorder/6a706363f21e525453c49414 304","timestamp":"2026-08-10 11:17:08"}
{"ip":"::1","level":"debug","message":"OPTIONS /api/reservations/all 204","timestamp":"2026-08-10 11:17:17"}
{"ip":"::1","level":"debug","message":"OPTIONS /api/reservations/all 204","timestamp":"2026-08-10 11:17:17"}
{"ip":"::1","level":"debug","message":"GET /api/reservations/all 200","timestamp":"2026-08-10 11:17:17"}
{"ip":"::1","level":"debug","message":"GET /api/reservations/all 304","timestamp":"2026-08-10 11:17:17"}
{"ip":"::1","level":"debug","message":"GET /api/menu? 304","timestamp":"2026-08-10 11:17:38"}
{"ip":"::1","level":"debug","message":"GET /api/menu? 304","timestamp":"2026-08-10 11:17:50"}
{"ip":"::1","level":"debug","message":"OPTIONS /api/menu/reorder/6a706363f21e525453c49414 204","timestamp":"2026-08-10 11:17:50"}
{"ip":"::1","level":"debug","message":"GET /api/menu/categories 304","timestamp":"2026-08-10 11:17:50"}
{"ip":"::1","level":"debug","message":"GET /api/menu/reorder/6a706363f21e525453c49414 304","timestamp":"2026-08-10 11:17:50"}
{"ip":"::1","level":"debug","message":"OPTIONS /api/orders/all 204","timestamp":"2026-08-10 11:18:09"}
{"ip":"::1","level":"debug","message":"GET /api/orders/all 304","timestamp":"2026-08-10 11:18:09"}
{"ip":"::1","level":"debug","message":"GET /api/orders/all 304","timestamp":"2026-08-10 11:18:09"}
{"ip":"::1","level":"debug","message":"OPTIONS /api/admin/stats 204","timestamp":"2026-08-10 11:18:14"}
{"ip":"::1","level":"debug","message":"GET /api/admin/stats 200","timestamp":"2026-08-10 11:18:14"}
{"ip":"::1","level":"debug","message":"GET /api/menu 304","timestamp":"2026-08-10 11:18:15"}
{"ip":"::1","level":"debug","message":"GET /api/menu 304","timestamp":"2026-08-10 11:18:15"}
{"ip":"::1","level":"debug","message":"OPTIONS /api/auth/me 204","timestamp":"2026-08-10 11:19:11"}
{"ip":"::1","level":"debug","message":"GET /api/auth/me 304","timestamp":"2026-08-10 11:19:11"}
{"ip":"::1","level":"debug","message":"GET /api/menu 304","timestamp":"2026-08-10 11:19:11"}
{"ip":"::1","level":"debug","message":"GET /api/menu 304","timestamp":"2026-08-10 11:19:11"}
{"ip":"::1","level":"debug","message":"GET /api/menu/categories 304","timestamp":"2026-08-10 11:19:12"}
{"ip":"::1","level":"debug","message":"OPTIONS /api/auth/me 204","timestamp":"2026-08-10 11:19:12"}
{"ip":"::1","level":"debug","message":"GET /api/menu? 304","timestamp":"2026-08-10 11:19:12"}
{"ip":"::1","level":"debug","message":"GET /api/auth/me 304","timestamp":"2026-08-10 11:19:12"}
{"ip":"::1","level":"debug","message":"OPTIONS /api/menu/reorder/6a706363f21e525453c49414 204","timestamp":"2026-08-10 11:19:12"}
{"ip":"::1","level":"debug","message":"GET /api/menu/reorder/6a706363f21e525453c49414 304","timestamp":"2026-08-10 11:19:12"}
{"ip":"::1","level":"debug","message":"OPTIONS /api/auth/me 204","timestamp":"2026-08-10 11:19:20"}
{"ip":"::1","level":"debug","message":"GET /api/auth/me 304","timestamp":"2026-08-10 11:19:20"}
{"ip":"::1","level":"debug","message":"GET /api/menu 304","timestamp":"2026-08-10 11:19:20"}
{"ip":"::1","level":"debug","message":"GET /api/menu 304","timestamp":"2026-08-10 11:19:20"}
{"ip":"::1","level":"debug","message":"OPTIONS /api/reservations 204","timestamp":"2026-08-10 11:24:15"}
{"ip":"::1","level":"debug","message":"POST /api/reservations 201","timestamp":"2026-08-10 11:24:18"}
{"ip":"::1","level":"debug","message":"OPTIONS /api/orders/all 204","timestamp":"2026-08-10 11:24:37"}
{"ip":"::1","level":"debug","message":"OPTIONS /api/orders/all 204","timestamp":"2026-08-10 11:24:37"}
{"ip":"::1","level":"debug","message":"GET /api/orders/all 304","timestamp":"2026-08-10 11:24:37"}
{"ip":"::1","level":"debug","message":"GET /api/orders/all 304","timestamp":"2026-08-10 11:24:38"}
{"ip":"::1","level":"debug","message":"OPTIONS /api/reservations/all 204","timestamp":"2026-08-10 11:24:39"}
{"ip":"::1","level":"debug","message":"OPTIONS /api/reservations/all 204","timestamp":"2026-08-10 11:24:39"}
{"ip":"::1","level":"debug","message":"GET /api/reservations/all 200","timestamp":"2026-08-10 11:24:39"}
{"ip":"::1","level":"debug","message":"GET /api/reservations/all 304","timestamp":"2026-08-10 11:24:39"}
{"ip":"::1","level":"debug","message":"OPTIONS /api/reservations/6a796787801cd716b219b1ea 204","timestamp":"2026-08-10 11:24:46"}
{"ip":"::1","level":"debug","message":"PUT /api/reservations/6a796787801cd716b219b1ea 200","timestamp":"2026-08-10 11:24:47"}
{"ip":"::1","level":"debug","message":"GET /api/auth/me 401","timestamp":"2026-08-10 11:24:50"}
{"ip":"::1","level":"debug","message":"OPTIONS /api/auth/me 204","timestamp":"2026-08-10 11:24:57"}
{"ip":"::1","level":"debug","message":"GET /api/auth/me 304","timestamp":"2026-08-10 11:24:57"}
{"ip":"::1","level":"debug","message":"OPTIONS /api/auth/me 204","timestamp":"2026-08-10 11:25:41"}
{"ip":"::1","level":"debug","message":"PUT /api/auth/me 200","timestamp":"2026-08-10 11:25:41"}
{"ip":"::1","level":"debug","message":"GET /api/auth/me 200","timestamp":"2026-08-10 11:25:41"}
{"ip":"::1","level":"debug","message":"OPTIONS /api/auth/me 204","timestamp":"2026-08-10 11:28:35"}
{"ip":"::1","level":"debug","message":"GET /api/auth/me 304","timestamp":"2026-08-10 11:28:35"}
{"ip":"::1","level":"debug","message":"OPTIONS /api/auth/me 204","timestamp":"2026-08-10 11:29:40"}
{"ip":"::1","level":"debug","message":"GET /api/auth/me 304","timestamp":"2026-08-10 11:29:40"}
{"ip":"::1","level":"debug","message":"OPTIONS /api/reservations/all 204","timestamp":"2026-08-10 11:29:40"}
{"ip":"::1","level":"debug","message":"GET /api/reservations/all 200","timestamp":"2026-08-10 11:29:40"}
{"ip":"::1","level":"debug","message":"GET /api/reservations/all 304","timestamp":"2026-08-10 11:29:40"}
{"ip":"::1","level":"debug","message":"GET /api/auth/me 304","timestamp":"2026-08-10 11:29:43"}
{"ip":"::1","level":"debug","message":"GET /api/reservations/all 304","timestamp":"2026-08-10 11:29:43"}
{"ip":"::1","level":"debug","message":"GET /api/reservations/all 304","timestamp":"2026-08-10 11:29:44"}
{"level":"info","message":"🚀 Server running on port 5000","timestamp":"2026-08-10 11:29:59"}
{"level":"info","message":"🚀 Server running on port 5000","timestamp":"2026-08-10 11:30:07"}
{"ip":"::1","level":"debug","message":"OPTIONS /api/admin/newsletter 204","timestamp":"2026-08-10 11:30:09"}
{"ip":"::1","level":"debug","message":"OPTIONS /api/admin/newsletter 204","timestamp":"2026-08-10 11:30:10"}
{"ip":"::1","level":"debug","message":"GET /api/admin/newsletter 200","timestamp":"2026-08-10 11:30:10"}
{"ip":"::1","level":"debug","message":"GET /api/admin/newsletter 304","timestamp":"2026-08-10 11:30:10"}
{"ip":"::1","level":"debug","message":"OPTIONS /api/admin/newsletter/6a795b50801cd716b219b1b4 204","timestamp":"2026-08-10 11:30:16"}
{"ip":"::1","level":"debug","message":"DELETE /api/admin/newsletter/6a795b50801cd716b219b1b4 200","timestamp":"2026-08-10 11:30:16"}
{"ip":"::1","level":"debug","message":"OPTIONS /api/admin/newsletter/6a795b6f801cd716b219b1b9 204","timestamp":"2026-08-10 11:30:20"}
{"ip":"::1","level":"debug","message":"DELETE /api/admin/newsletter/6a795b6f801cd716b219b1b9 200","timestamp":"2026-08-10 11:30:20"}
{"ip":"::1","level":"debug","message":"OPTIONS /api/admin/newsletter/6a795d7e801cd716b219b1be 204","timestamp":"2026-08-10 11:30:27"}
{"ip":"::1","level":"debug","message":"DELETE /api/admin/newsletter/6a795d7e801cd716b219b1be 200","timestamp":"2026-08-10 11:30:27"}
{"ip":"::1","level":"debug","message":"OPTIONS /api/admin/newsletter/6a6ddfb88548440597395561 204","timestamp":"2026-08-10 11:30:31"}
{"ip":"::1","level":"debug","message":"DELETE /api/admin/newsletter/6a6ddfb88548440597395561 200","timestamp":"2026-08-10 11:30:31"}
{"ip":"::1","level":"debug","message":"OPTIONS /api/admin/newsletter/6a6c8bf00a37399b2ee5eaad 204","timestamp":"2026-08-10 11:30:33"}
{"ip":"::1","level":"debug","message":"DELETE /api/admin/newsletter/6a6c8bf00a37399b2ee5eaad 200","timestamp":"2026-08-10 11:30:33"}
{"ip":"::1","level":"debug","message":"OPTIONS /api/admin/newsletter/6a75c84899a097507b368d6d 204","timestamp":"2026-08-10 11:30:35"}
{"ip":"::1","level":"debug","message":"DELETE /api/admin/newsletter/6a75c84899a097507b368d6d 200","timestamp":"2026-08-10 11:30:35"}
{"ip":"::1","level":"debug","message":"OPTIONS /api/auth/me 204","timestamp":"2026-08-10 11:30:44"}
{"ip":"::1","level":"debug","message":"GET /api/auth/me 304","timestamp":"2026-08-10 11:30:44"}
{"ip":"::1","level":"debug","message":"OPTIONS /api/admin/newsletter 204","timestamp":"2026-08-10 11:30:44"}
{"ip":"::1","level":"debug","message":"GET /api/admin/newsletter 200","timestamp":"2026-08-10 11:30:44"}
{"ip":"::1","level":"debug","message":"GET /api/admin/newsletter 304","timestamp":"2026-08-10 11:30:44"}
{"ip":"::1","level":"debug","message":"OPTIONS /api/admin/newsletter/6a75c7cf99a097507b368d6c 204","timestamp":"2026-08-10 11:30:48"}
{"ip":"::1","level":"debug","message":"DELETE /api/admin/newsletter/6a75c7cf99a097507b368d6c 200","timestamp":"2026-08-10 11:30:48"}
{"ip":"::1","level":"debug","message":"OPTIONS /api/auth/me 204","timestamp":"2026-08-10 11:30:54"}
{"ip":"::1","level":"debug","message":"GET /api/auth/me 304","timestamp":"2026-08-10 11:30:54"}
{"ip":"::1","level":"debug","message":"OPTIONS /api/admin/newsletter 204","timestamp":"2026-08-10 11:30:54"}
{"ip":"::1","level":"debug","message":"OPTIONS /api/admin/newsletter 204","timestamp":"2026-08-10 11:30:54"}
{"ip":"::1","level":"debug","message":"GET /api/admin/newsletter 200","timestamp":"2026-08-10 11:30:54"}
{"ip":"::1","level":"debug","message":"GET /api/admin/newsletter 304","timestamp":"2026-08-10 11:30:54"}
{"ip":"::1","level":"debug","message":"GET / 200","timestamp":"2026-08-10 11:31:08"}
{"level":"info","message":"🚀 Server running on port 5000","timestamp":"2026-08-10 11:32:24"}
{"level":"info","message":"🚀 Server running on port 5000","timestamp":"2026-08-10 11:35:19"}
{"level":"info","message":"🚀 Server running on port 5000","timestamp":"2026-08-10 11:35:27"}
{"level":"info","message":"🚀 Server running on port 5000","timestamp":"2026-08-10 11:35:37"}
{"ip":"::1","level":"debug","message":"GET /api/media 200","timestamp":"2026-08-10 11:36:43"}
{"ip":"::1","level":"debug","message":"OPTIONS /api/auth/me 204","timestamp":"2026-08-10 11:36:48"}
{"ip":"::1","level":"debug","message":"GET /api/auth/me 304","timestamp":"2026-08-10 11:36:48"}
{"ip":"::1","level":"debug","message":"OPTIONS /api/auth/me 204","timestamp":"2026-08-10 11:36:49"}
{"ip":"::1","level":"debug","message":"GET /api/auth/me 304","timestamp":"2026-08-10 11:36:49"}
{"ip":"::1","level":"debug","message":"OPTIONS /api/admin/newsletter 204","timestamp":"2026-08-10 11:36:50"}
{"ip":"::1","level":"debug","message":"GET /api/admin/newsletter 304","timestamp":"2026-08-10 11:36:50"}
{"ip":"::1","level":"debug","message":"GET /api/admin/newsletter 304","timestamp":"2026-08-10 11:36:50"}
{"level":"info","message":"🚀 Server running on port 5000","timestamp":"2026-08-10 11:37:17"}
{"ip":"::1","level":"debug","message":"OPTIONS /api/auth/me 204","timestamp":"2026-08-10 11:37:47"}
{"ip":"::1","level":"debug","message":"GET /api/auth/me 304","timestamp":"2026-08-10 11:37:47"}
{"ip":"::1","level":"debug","message":"OPTIONS /api/admin/newsletter 204","timestamp":"2026-08-10 11:37:47"}
{"ip":"::1","level":"debug","message":"OPTIONS /api/admin/newsletter 204","timestamp":"2026-08-10 11:37:47"}
{"ip":"::1","level":"debug","message":"GET /api/admin/newsletter 304","timestamp":"2026-08-10 11:37:47"}
{"ip":"::1","level":"debug","message":"GET /api/admin/newsletter 304","timestamp":"2026-08-10 11:37:47"}
{"ip":"::1","level":"debug","message":"OPTIONS /api/auth/me 204","timestamp":"2026-08-10 11:37:48"}
{"ip":"::1","level":"debug","message":"GET /api/auth/me 304","timestamp":"2026-08-10 11:37:48"}
{"ip":"::1","level":"debug","message":"OPTIONS /api/orders/all 204","timestamp":"2026-08-10 11:37:51"}
{"ip":"::1","level":"debug","message":"OPTIONS /api/orders/all 204","timestamp":"2026-08-10 11:37:51"}
{"ip":"::1","level":"debug","message":"GET /api/orders/all 304","timestamp":"2026-08-10 11:37:52"}
{"ip":"::1","level":"debug","message":"GET /api/orders/all 304","timestamp":"2026-08-10 11:37:52"}
{"ip":"::1","level":"debug","message":"OPTIONS /api/newsletter 204","timestamp":"2026-08-10 11:38:18"}
{"ip":"::1","level":"debug","message":"POST /api/newsletter 200","timestamp":"2026-08-10 11:38:19"}
{"ip":"::1","level":"debug","message":"OPTIONS /api/admin/stats 204","timestamp":"2026-08-10 11:38:23"}
{"ip":"::1","level":"debug","message":"GET /api/admin/stats 200","timestamp":"2026-08-10 11:38:23"}
{"ip":"::1","level":"debug","message":"OPTIONS /api/admin/newsletter 204","timestamp":"2026-08-10 11:38:26"}
{"ip":"::1","level":"debug","message":"OPTIONS /api/admin/newsletter 204","timestamp":"2026-08-10 11:38:26"}
{"ip":"::1","level":"debug","message":"GET /api/admin/newsletter 200","timestamp":"2026-08-10 11:38:26"}
{"ip":"::1","level":"debug","message":"GET /api/admin/newsletter 304","timestamp":"2026-08-10 11:38:26"}
{"ip":"::1","level":"debug","message":"OPTIONS /api/admin/activity 204","timestamp":"2026-08-10 11:38:29"}
{"ip":"::1","level":"debug","message":"OPTIONS /api/admin/activity 204","timestamp":"2026-08-10 11:38:29"}
{"ip":"::1","level":"debug","message":"GET /api/admin/activity 200","timestamp":"2026-08-10 11:38:29"}
{"ip":"::1","level":"debug","message":"GET /api/admin/activity 304","timestamp":"2026-08-10 11:38:29"}
{"level":"info","message":"🚀 Server running on port 5000","timestamp":"2026-08-10 11:40:17"}
{"level":"info","message":"🚀 Server running on port 5000","timestamp":"2026-08-11 10:30:05"}
{"level":"info","message":"🚀 Server running on port 5000","timestamp":"2026-08-11 10:44:27"}
{"level":"info","message":"🚀 Server running on port 5000","timestamp":"2026-08-11 10:44:39"}
{"level":"info","message":"🚀 Server running on port 5000","timestamp":"2026-08-11 10:46:31"}
{"level":"info","message":"🚀 Server running on port 5000","timestamp":"2026-08-11 10:46:57"}
{"level":"info","message":"🚀 Server running on port 5000","timestamp":"2026-08-11 10:47:10"}
{"level":"info","message":"🚀 Server running on port 5000","timestamp":"2026-08-11 11:43:24"}
{"level":"info","message":"🚀 Server running on port 5000","timestamp":"2026-08-11 11:43:35"}
{"level":"info","message":"🚀 Server running on port 5000","timestamp":"2026-08-12 15:22:46"}
{"level":"info","message":"🚀 Server running on port 5000","timestamp":"2026-08-12 15:36:56"}
{"level":"info","message":"🚀 Server running on port 5000","timestamp":"2026-08-12 15:37:19"}
{"level":"info","message":"🚀 Server running on port 5000","timestamp":"2026-08-12 15:37:23"}
